17843.567568452,24,falling
17843.577942114,23,falling
17843.591445276,24,rising
17843.595051960,23,rising
17843.607846584,24,rising
17843.607863251,24,rising
17843.607868010,24,falling
17843.607873029,24,falling
17843.607877714,24,falling
17843.607882418,24,rising
17843.607908455,24,falling
17843.607914621,24,falling
17843.607919473,24,falling
17843.607931695,24,falling
17843.607941010,24,falling
17843.611884249,23,rising
17843.611899268,23,rising
17843.612313749,23,falling
17843.620617709,24,falling
17843.620621894,24,falling
17843.620626154,24,rising
17843.621995894,23,rising
17843.630192780,24,falling
17843.630202020,24,falling
17843.630207761,24,falling
17843.630213761,24,falling
17843.632783816,23,rising
17843.632791371,23,rising
17843.632795705,23,rising
17843.632801927,23,falling
17843.640903053,24,rising
17843.641757386,23,rising
17843.647554903,24,falling
17843.647561921,24,falling
17843.647595958,24,falling
17843.647606291,24,falling
17843.649110809,23,falling
17843.649128328,23,falling
17843.649134976,23,falling
17843.649147624,23,falling
17843.649154198,23,falling
17843.649160365,23,falling
17843.654988715,24,rising
17843.655865992,23,rising
17843.660981323,24,falling
17843.661810045,23,falling
17843.661821045,23,falling
17843.661858323,23,rising
17843.661863712,23,rising
17843.661868675,23,falling
17843.661931953,23,falling
17843.665425655,24,falling
17843.665431137,24,falling
17843.665446099,24,rising
17843.665450896,24,falling
17843.665456766,24,falling
17843.665461488,24,falling
17843.666933766,24,rising
17843.667682210,23,rising
17843.672413171,24,falling
17843.672812930,23,falling
17843.677088484,24,rising
17843.678023298,23,rising
17843.682004112,23,falling
17843.682012593,23,falling
17843.682020241,23,falling
17843.682021297,24,falling
17843.682042612,23,falling
17843.682047278,23,falling
17843.682051964,23,rising
17843.682055964,23,rising
17843.682060630,23,falling
17843.682071778,23,falling
17843.682078778,23,falling
17843.682079889,24,rising
17843.682084797,24,falling
17843.682089556,23,falling
17843.682090686,24,rising
17843.682098204,24,falling
17843.682104426,23,falling
17843.682105612,24,falling
17843.682110519,23,rising
17843.682115223,23,falling
17843.682119908,23,rising
17843.682124778,23,falling
17843.682154630,23,falling
17843.683869648,24,falling
17843.683880852,24,rising
17843.683913852,24,falling
17843.683926055,24,falling
17843.684837777,24,falling
17843.685521351,24,falling
17843.685535777,24,falling
17843.685540555,24,falling
17843.685549166,24,falling
17843.685562296,24,falling
17843.685855018,24,rising
17843.686469462,23,falling
17843.686498462,23,rising
17843.690191664,24,falling
17843.690596238,23,rising
17843.690606645,23,falling
17843.690611423,23,falling
17843.690616127,23,falling
17843.690620831,23,falling
17843.691303960,24,falling
17843.691315442,24,falling
17843.692129941,24,falling
17843.692134923,24,falling
17843.692138978,24,falling
17843.692500274,24,falling
17843.692739626,24,falling
17843.693190885,24,falling
17843.693220941,24,falling
17843.693243589,24,falling
17843.693256978,24,falling
17843.693270515,24,falling
17843.693527274,24,falling
17843.693535218,24,falling
17843.693540181,24,falling
17843.693546552,24,falling
17843.693552107,24,falling
17843.694317903,24,rising
17843.695107236,23,rising
17843.698698142,24,rising
17843.698703216,24,falling
17843.698708235,24,rising
17843.698718179,24,falling
17843.698724013,24,falling
17843.699241439,23,falling
17843.701714271,24,falling
17843.702253826,24,falling
17843.702258974,24,falling
17843.702265234,24,falling
17843.702271511,24,falling
17843.702276197,24,rising
17843.702280845,24,rising
17843.702285456,24,falling
17843.702291437,24,falling
17843.702302178,24,falling
17843.702307030,24,rising
17843.702311752,24,falling
17843.702316345,24,falling
17843.702767419,24,falling
17843.703000011,24,rising
17843.703199567,23,rising
17843.707719306,24,falling
17843.707735806,24,falling
17843.707740528,24,falling
17843.709656064,23,rising
17843.709661175,23,rising
17843.709668527,23,falling
17843.712067785,23,falling
17843.712143378,23,falling
17843.712308415,23,falling
17843.712370285,23,falling
17843.712495563,24,falling
17843.712651545,24,rising
17843.713768118,23,rising
17843.717570820,24,falling
17843.719437968,23,falling
17843.719442375,23,falling
17843.719446579,23,falling
17843.720919449,23,falling
17843.720929356,23,falling
17843.720988801,23,falling
17843.721273078,23,falling
17843.721279097,23,rising
17843.721284004,23,falling
17843.721288615,23,falling
17843.721293282,23,falling
17843.721297912,23,falling
17843.721302541,23,falling
17843.721312541,23,falling
17843.721317208,23,falling
17843.721340263,23,falling
17843.721348282,23,falling
17843.721387986,23,falling
17843.721419634,23,falling
17843.721543134,23,falling
17843.722307356,23,rising
17843.722312226,23,rising
17843.722316874,23,falling
17843.722323837,23,falling
17843.722336430,23,falling
17843.723012004,24,falling
17843.723017152,24,falling
17843.723069559,24,rising
17843.723643040,23,falling
17843.723648281,23,falling
17843.723654133,23,falling
17843.723671688,23,falling
17843.723676448,23,rising
17843.723681151,23,falling
17843.723687707,23,falling
17843.724061911,23,rising
17843.728224705,24,falling
17843.728229483,24,falling
17843.729783408,23,falling
17843.733668222,24,rising
17843.734504314,23,rising
17843.738931775,24,falling
17843.739916016,23,falling
17843.742162404,23,falling
17843.742171181,23,falling
17843.742181422,23,falling
17843.742186218,23,falling
17843.743996570,24,rising
17843.744950643,23,falling
17843.745010162,23,falling
17843.745014643,23,falling
17843.745030384,23,rising
17843.745035069,23,falling
17843.745041014,23,rising
17843.745047366,23,rising
17843.750023993,24,falling
17843.751225937,23,falling
17843.751230234,23,falling
17843.751237011,23,falling
17843.751248919,23,falling
17843.755013232,23,falling
17843.755060380,23,falling
17843.755791584,24,rising
17843.755796528,24,rising
17843.755807213,24,falling
17843.755812139,24,rising
17843.755816917,24,rising
17843.757554824,23,falling
17843.757559657,23,falling
17843.757586731,23,falling
17843.757642916,23,falling
17843.757660046,23,falling
17843.757671527,23,rising
17843.757676194,23,falling
17843.757680842,23,rising
17843.765612821,24,falling
17843.767309820,23,falling
17843.951719805,24,rising
17843.953933786,23,rising
17843.960095117,24,falling
17843.961225154,23,falling
17843.964345467,23,falling
17843.965812948,23,falling
17843.965825893,23,falling
17843.965829911,24,rising
17843.966729929,23,falling
17843.966741837,23,falling
17843.966750022,23,falling
17843.966758985,23,falling
17843.966774392,23,falling
17843.966782392,23,rising
17843.970055854,24,falling
17843.971068280,23,falling
17843.972536409,23,falling
17843.972568316,23,falling
17843.972589223,23,falling
17843.972594538,23,falling
17843.973526408,23,falling
17843.973540630,23,rising
17843.973546705,23,rising
17843.973553019,23,falling
17843.973557242,23,falling
17843.973572260,23,rising
17843.973595797,23,falling
17843.973635223,23,falling
17843.973643056,23,falling
17843.973953297,24,falling
17843.973958056,24,falling
17843.973962945,24,falling
17843.973971019,24,rising
17843.973975519,24,falling
17843.973981686,24,falling
17843.973993019,24,falling
17843.974018927,24,falling
17843.974023964,24,falling
17843.974036982,24,rising
17843.974043760,24,falling
17843.974175334,24,rising
17843.974240834,23,falling
17843.974261297,23,rising
17843.974268741,23,falling
17843.974275704,23,falling
17843.974282519,23,falling
17843.974286667,23,falling
17843.974442297,23,rising
17843.976883203,24,falling
17843.976916814,24,falling
17843.976936037,24,falling
17843.976944463,24,falling
17843.976960074,24,falling
17843.976972574,24,falling
17843.977030481,24,falling
17843.977205611,24,falling
17843.978009129,24,falling
17843.978014240,24,falling
17843.978441221,24,falling
17843.978448369,24,falling
17843.978459184,24,falling
17843.978473666,24,falling
17843.978479703,24,falling
17843.978484406,24,rising
17843.978489092,24,rising
17843.978496295,24,falling
17843.978576666,24,falling
17843.978582666,24,falling
17843.978589277,24,falling
17843.978600777,24,falling
17843.978610073,24,falling
17843.978615703,24,falling
17843.978620740,24,falling
17843.978638166,24,rising
17843.978648221,24,rising
17843.978668184,24,rising
17843.978667406,23,rising
17843.978672925,23,rising
17843.978673277,24,rising
17843.978680203,24,falling
17843.978679443,23,falling
17843.978685258,24,falling
17843.978684906,23,rising
17843.978690258,24,falling
17843.978689906,23,falling
17843.978696721,24,falling
17843.978696369,23,falling
17843.978714369,24,falling
17843.978713666,23,falling
17843.978719036,23,falling
17843.978725943,23,falling
17843.978726629,24,falling
17843.978736832,24,falling
17843.978736073,23,falling
17843.978741536,23,falling
17843.978741888,24,falling
17843.978754443,23,falling
17843.978755203,24,falling
17843.978761332,24,falling
17843.978765666,23,falling
17843.978766147,24,falling
17843.978777906,23,rising
17843.978778610,24,falling
17843.978783443,23,falling
17843.978783814,24,falling
17843.978902869,23,falling
17843.978903628,24,falling
17843.978931925,23,falling
17843.978932665,24,falling
17843.978953703,23,falling
17843.978954480,24,falling
17843.978961351,24,falling
17843.978960980,23,falling
17843.978965943,23,falling
17843.978966295,24,falling
17843.978977147,23,falling
17843.978977517,24,falling
17843.978985017,24,falling
17843.978984221,23,rising
17843.978989073,23,falling
17843.978989443,24,falling
17843.978996480,23,falling
17843.978997240,24,falling
17843.979005462,23,falling
17843.979005851,24,falling
17843.979270165,23,falling
17843.979270888,24,falling
17843.979292536,24,falling
17843.979291776,23,falling
17843.979297554,24,rising
17843.979297202,23,rising
17843.979302573,24,falling
17843.979307425,23,falling
17843.979307795,24,falling
17843.979341554,24,falling
17843.979346276,23,falling
17843.979347036,24,falling
17843.979354499,24,falling
17843.979360332,23,falling
17843.979361091,24,falling
17843.979374425,24,falling
17843.979462295,23,falling
17843.979462999,24,falling
17843.979492036,23,falling
17843.979492795,24,falling
17843.979636647,24,falling
17843.979635869,23,rising
17843.979641221,23,falling
17843.979641573,24,falling
17843.979647073,23,falling
17843.979647832,24,falling
17843.979658943,23,falling
17843.979659702,24,falling
17843.979799406,23,rising
17843.979800165,24,rising
17843.979880239,23,rising
17843.979897258,24,falling
17843.979896924,23,falling
17843.979912313,24,rising
17843.979916869,24,falling
17843.979916517,23,falling
17843.979922035,23,falling
17843.979922573,24,falling
17843.979935647,23,falling
17843.979936776,24,falling
17843.979943258,23,falling
17843.979944591,24,falling
17843.980224072,23,rising
17843.980232554,23,falling
17843.980241776,23,falling
17843.980242776,24,rising
17843.980247517,23,falling
17843.980254424,23,falling
17843.980259702,23,falling
17843.980260776,24,falling
17843.980264628,23,rising
17843.980265665,24,rising
17843.980269702,23,falling
17843.980270721,24,falling
17843.980356795,24,rising
17843.980541165,23,falling
17843.980546720,23,rising
17843.980551369,23,falling
17843.980561128,23,falling
17843.980565794,23,falling
17843.980570387,23,falling
17843.980574146,23,falling
17843.980581702,23,falling
17843.980592498,23,falling
17843.980597646,23,rising
17843.980602702,23,falling
17843.980607387,23,falling
17843.980613369,23,falling
17843.980617980,23,falling
17843.980623924,23,falling
17843.980628813,23,falling
17843.980639980,23,rising
17843.980644757,23,rising
17843.980649406,23,rising
17843.980654498,23,falling
17843.980662202,23,falling
17843.980761183,23,falling
17843.980782220,23,falling
17843.980786887,23,falling
17843.980791480,23,falling
17843.980799368,23,falling
17843.980804054,23,falling
17843.980808683,23,falling
17843.980813961,23,falling
17843.980818683,23,falling
17843.980823387,23,falling
17843.980830220,23,falling
17843.980834924,23,falling
17843.980849887,23,falling
17843.980950628,23,rising
17843.980955331,23,falling
17843.980966646,23,rising
17843.980971294,23,falling
17843.980980554,23,falling
17843.980988813,23,falling
17843.980993461,23,falling
17843.980998054,23,falling
17843.981046109,23,falling
17843.981055276,23,falling
17843.981062054,23,falling
17843.981067313,23,falling
17843.981097720,23,falling
17843.981102350,23,falling
17843.981244072,23,rising
17843.981249591,23,falling
17843.981254794,23,falling
17843.981263498,23,falling
17843.981268905,23,rising
17843.982722164,24,rising
17843.982731257,24,falling
17843.982735923,24,rising
17843.982740053,24,rising
17843.982745294,24,falling
17843.982838479,24,falling
17843.983463164,24,falling
17843.984072867,23,falling
17843.984119256,23,falling
17843.984688015,23,rising
17843.984689071,24,rising
17843.984701330,23,rising
17843.984702386,24,rising
17843.984706645,23,rising
17843.984717311,23,falling
17843.984718367,24,falling
17843.984726737,23,rising
17843.984727793,24,rising
17843.984735774,23,rising
17843.984736793,24,rising
17843.984742034,23,falling
17843.984747348,23,falling
17843.984743071,24,falling
17843.984751997,23,falling
17843.984753404,24,falling
17843.984757311,23,falling
17843.984758404,24,falling
17843.984773163,23,falling
17843.984774219,24,rising
17843.984778385,23,rising
17843.984779423,24,rising
17843.984788997,23,falling
17843.984790052,24,rising
17843.984795274,24,falling
17843.984794219,23,falling
17843.984800589,23,falling
17843.984801608,24,falling
17843.984818071,23,falling
17843.984819108,24,falling
17843.984823274,23,rising
17843.984824311,24,rising
17843.984828219,23,falling
17843.984829237,24,falling
17843.984842348,23,falling
17843.984843460,24,rising
17843.984848700,23,falling
17843.984849756,24,falling
17843.984855756,23,falling
17843.984856830,24,falling
17843.984917497,23,falling
17843.984918608,24,falling
17843.985599144,23,rising
17843.985600256,24,falling
17843.985605218,23,falling
17843.985606348,24,falling
17843.985612478,23,falling
17843.985613570,24,rising
17843.985618385,23,falling
17843.985620070,24,falling
17843.985626052,23,falling
17843.985627181,24,falling
17843.985861478,24,rising
17843.986591940,23,falling
17843.986601829,23,falling
17843.986607848,23,falling
17843.986638755,23,rising
17843.988090810,24,falling
17843.988097810,24,falling
17843.988103569,24,falling
17843.988121329,24,falling
17843.988259884,24,rising
17843.988291606,24,rising
17843.988296866,24,falling
17843.988301514,24,rising
17843.988327199,24,falling
17843.988331866,24,rising
17843.988337680,24,rising
17843.988342792,24,rising
17843.988347643,24,falling
17843.988352329,24,falling
17843.988361736,24,rising
17843.988365569,24,falling
17843.988376551,24,falling
17843.988381236,24,falling
17843.988385903,24,falling
17843.988390514,24,falling
17843.988397495,24,falling
17843.988405088,24,falling
17843.988409792,24,falling
17843.989089254,24,falling
17843.989095273,24,falling
17843.989185180,23,falling
17843.989186236,24,falling
17843.989191162,23,falling
17843.989203458,24,falling
17843.989202736,23,falling
17843.989207958,23,falling
17843.989208754,24,falling
17843.989213995,23,falling
17843.989238273,24,falling
17843.989236662,23,falling
17843.989254421,23,falling
17843.989255291,24,falling
17843.989483847,24,falling
17843.989504384,24,falling
17843.989510384,24,falling
17843.989521513,24,falling
17843.989526180,24,falling
17843.989534976,24,rising
17843.989545217,24,rising
17843.989550013,24,falling
17843.989555161,24,falling
17843.989559810,24,falling
17843.989574236,24,falling
17843.989582550,23,falling
17843.989583365,24,falling
17843.989592254,24,falling
17843.989591513,23,falling
17843.989596902,23,falling
17843.989597328,24,falling
17843.989604532,24,falling
17843.989609217,24,falling
17843.989614013,24,falling
17843.989619698,24,rising
17843.989624661,24,falling
17843.989639773,24,falling
17843.989644476,24,falling
17843.989915643,24,falling
17843.989914902,23,falling
17843.989920606,24,falling
17843.989920254,23,rising
17843.989925606,24,rising
17843.989925235,23,rising
17843.989933328,23,falling
17843.989934032,24,falling
17843.989943995,23,falling
17843.989944754,24,falling
17843.989950846,24,rising
17843.989955587,24,falling
17843.989955235,23,falling
17843.989960865,24,falling
17843.989960495,23,falling
17843.989965846,24,rising
17843.989970476,23,rising
17843.989970846,24,falling
17843.989977606,24,falling
17843.989977272,23,falling
17843.989983087,23,falling
17843.989983550,24,falling
17843.989998217,24,falling
17843.989997458,23,falling
17843.990005421,23,falling
17843.990005772,24,falling
17843.990012532,24,falling
17843.990011754,23,falling
17843.990017161,23,falling
17843.990041383,24,rising
17843.990046828,24,falling
17843.990046069,23,falling
17843.990051476,23,falling
17843.990051809,24,falling
17843.990394828,24,falling
17843.990399531,24,falling
17843.990615143,24,rising
17843.990620439,24,falling
17843.990625735,24,falling
17843.990631643,24,falling
17843.990834068,23,falling
17843.990834846,24,falling
17843.990854772,23,falling
17843.990855550,24,falling
17843.991070716,24,rising
17843.991407976,23,rising
17843.991415920,23,rising
17843.991420198,23,falling
17843.991426327,23,falling
17843.991462827,23,falling
17843.991665975,23,rising
17843.991674142,23,rising
17843.991692124,23,rising
17843.991697475,23,falling
17843.991701883,23,falling
17843.991709290,23,rising
17843.993229493,24,falling
17843.994180734,23,falling
17843.994186604,23,falling
17843.994809548,24,falling
17843.994814437,24,falling
17843.994867159,24,falling
17843.995568048,23,falling
17843.995601492,23,falling
17843.995815937,23,falling
17843.995868863,23,falling
17843.995873122,23,falling
17843.996123270,24,rising
17843.996572974,23,falling
17843.996735529,23,falling
17843.996740307,23,rising
17843.996745418,23,rising
17843.996750881,23,rising
17843.998503417,24,rising
17843.998516436,24,falling
17843.998529102,24,falling
17843.998643417,24,falling
17843.998744288,24,falling
17843.998754362,24,falling
17843.999038991,24,falling
17843.999044121,24,falling
17843.999051213,24,rising
17843.999055862,24,rising
17843.999063510,24,falling
17843.999068158,24,rising
17843.999072899,24,rising
17843.999087602,24,falling
17843.999097010,24,rising
17843.999101695,24,falling
17843.999106287,24,falling
17843.999115639,24,falling
17843.999128713,24,falling
17843.999144713,24,falling
17843.999156769,24,falling
17843.999161454,24,falling
17843.999224084,24,rising
17843.999228750,24,falling
17843.999233398,23,rising
17843.999234454,24,falling
17843.999239139,23,rising
17843.999240250,24,rising
17843.999245232,23,rising
17843.999253806,23,rising
17843.999254917,24,rising
17843.999271824,23,rising
17843.999272880,24,falling
17843.999277843,23,falling
17843.999278898,24,falling
17843.999285380,23,rising
17843.999286417,24,rising
17843.999291361,23,falling
17843.999296028,24,falling
17843.999301824,23,falling
17843.999302936,24,falling
17843.999315306,23,falling
17843.999316510,24,falling
17843.999321417,23,falling
17843.999326158,23,falling
17843.999327287,24,rising
17843.999332195,23,falling
17843.999333787,24,falling
17843.999454361,23,falling
17843.999455565,24,falling
17843.999467898,23,falling
17843.999469028,24,falling
17843.999858417,23,falling
17843.999859491,24,rising
17843.999864565,23,falling
17843.999865158,24,falling
17843.999869843,23,falling
17843.999871176,24,falling
17844.000049528,23,rising
17844.000050806,24,falling
17844.000055194,23,falling
17844.000056287,24,falling
17844.000076954,23,falling
17844.000078046,24,falling
17844.000083269,23,falling
17844.000084398,24,falling
17844.000143250,23,falling
17844.000144343,24,falling
17844.000163250,23,falling
17844.000164361,24,falling
17844.000171157,23,falling
17844.000172176,24,falling
17844.000177213,23,falling
17844.000181750,23,falling
17844.000182824,24,falling
17844.000200306,23,falling
17844.000201435,24,falling
17844.000206472,23,falling
17844.000207565,24,falling
17844.000212417,23,falling
17844.000213528,24,falling
17844.000218583,23,falling
17844.000227509,23,falling
17844.000228602,24,falling
17844.000233435,23,falling
17844.000234509,24,falling
17844.000252546,23,falling
17844.000266268,23,falling
17844.000267343,24,falling
17844.000272398,23,falling
17844.000273528,24,rising
17844.000278343,23,falling
17844.000279472,24,falling
17844.000306287,23,falling
17844.000307361,24,falling
17844.000315954,23,falling
17844.000317009,24,falling
17844.000354009,23,falling
17844.000355176,24,falling
17844.000365435,23,falling
17844.000366528,24,falling
17844.000371583,23,falling
17844.000378028,23,falling
17844.000379028,24,falling
17844.000382972,23,falling
17844.000384009,24,falling
17844.000388083,23,rising
17844.000393065,23,falling
17844.000394120,24,falling
17844.000400972,23,falling
17844.000402009,24,falling
17844.000408287,23,rising
17844.000409342,24,rising
17844.000425305,23,rising
17844.000426342,24,rising
17844.000430694,23,falling
17844.000435898,23,falling
17844.000436954,24,falling
17844.000442491,23,falling
17844.000443546,24,falling
17844.000447713,23,falling
17844.000448694,24,falling
17844.000454602,23,falling
17844.000455639,24,falling
17844.000459602,23,falling
17844.000460620,24,falling
17844.000464602,23,falling
17844.000470287,24,falling
17844.000469768,23,falling
17844.000482231,23,falling
17844.000482565,24,falling
17844.000500028,23,falling
17844.000500991,24,falling
17844.000511342,23,falling
17844.000512361,24,falling
17844.000521824,23,falling
17844.000522824,24,falling
17844.000600342,23,falling
17844.000601361,24,falling
17844.000812083,23,falling
17844.000813083,24,falling
17844.000833750,23,rising
17844.000834750,24,rising
17844.000856046,23,falling
17844.000857213,24,falling
17844.000863120,23,falling
17844.000867824,23,rising
17844.000868861,24,falling
17844.000874787,23,falling
17844.000875824,24,falling
17844.000880953,23,falling
17844.000882083,24,falling
17844.000894509,23,rising
17844.000895805,24,rising
17844.000901213,23,rising
17844.000901731,24,rising
17844.000930787,23,falling
17844.000931916,24,rising
17844.000936916,23,rising
17844.000937990,24,rising
17844.000945176,23,rising
17844.000946287,24,falling
17844.000951139,23,falling
17844.000952268,24,falling
17844.000957139,23,falling
17844.001057953,23,falling
17844.001059027,24,falling
17844.001063694,23,rising
17844.001064805,24,rising
17844.001069713,23,rising
17844.001070824,24,rising
17844.001083731,23,rising
17844.001084861,24,rising
17844.001097101,23,falling
17844.001098231,24,rising
17844.001103101,23,rising
17844.001104157,24,rising
17844.001110194,23,rising
17844.001111361,24,rising
17844.001117657,23,falling
17844.001118750,24,falling
17844.001123657,23,rising
17844.001124787,24,rising
17844.001146046,23,rising
17844.001147064,24,falling
17844.001153027,23,falling
17844.001154083,24,rising
17844.001160027,23,falling
17844.001161083,24,rising
17844.001167064,23,rising
17844.001168194,24,rising
17844.001198713,23,falling
17844.001208583,24,falling
17844.001205101,23,falling
17844.001215564,23,falling
17844.001216694,24,falling
17844.001221916,24,falling
17844.001221379,23,falling
17844.001230657,23,falling
17844.001231731,24,falling
17844.001237731,23,rising
17844.001238842,24,falling
17844.001243472,23,falling
17844.001244490,24,falling
17844.001267194,24,falling
17844.001272842,24,falling
17844.001272453,23,rising
17844.001277472,24,falling
17844.001277101,23,falling
17844.001282194,23,falling
17844.001282546,24,falling
17844.001298027,23,falling
17844.001298805,24,falling
17844.001309583,23,falling
17844.001310342,24,falling
17844.001317324,23,falling
17844.001317731,24,falling
17844.001324453,24,falling
17844.001324101,23,falling
17844.001329435,23,falling
17844.001329768,24,falling
17844.001337138,24,falling
17844.001336453,23,rising
17844.001342287,24,falling
17844.001341935,23,rising
17844.001347620,24,falling
17844.001347268,23,falling
17844.001355509,23,falling
17844.001356213,24,rising
17844.001362768,23,falling
17844.001367694,23,falling
17844.001388157,23,falling
17844.001395342,23,falling
17844.001400620,23,falling
17844.001414657,23,falling
17844.001419842,23,rising
17844.001427101,23,falling
17844.001435435,23,falling
17844.001446564,23,falling
17844.001450731,23,falling
17844.001456583,23,rising
17844.001460712,23,rising
17844.001465379,23,falling
17844.001475398,23,falling
17844.001479842,23,falling
17844.001628379,23,rising
17844.001636990,23,rising
17844.001644286,23,falling
17844.001654194,23,falling
17844.001659416,23,falling
17844.001663768,23,falling
17844.001713916,23,falling
17844.001718083,23,falling
17844.001729546,23,falling
17844.001741083,23,falling
17844.001768953,23,falling
17844.001773138,23,falling
17844.001784231,23,falling
17844.001959490,23,rising
17844.001963712,23,falling
17844.001969675,23,falling
17844.001979138,23,falling
17844.001998509,23,falling
17844.002014564,23,falling
17844.002039157,23,falling
17844.002043342,23,falling
17844.002053823,23,rising
17844.002059675,23,falling
17844.002092583,23,rising
17844.002097712,23,falling
17844.002103120,23,falling
17844.002107305,23,rising
17844.002112046,23,rising
17844.002119009,23,rising
17844.002128842,23,falling
17844.002134749,23,falling
17844.002141212,23,rising
17844.002150175,23,falling
17844.002158027,23,rising
17844.002175379,23,falling
17844.002180360,23,falling
17844.002185157,23,falling
17844.002197083,23,rising
17844.002201731,23,falling
17844.002206749,23,falling
17844.002211546,23,rising
17844.004293082,24,falling
17844.004297878,24,falling
17844.004857507,23,rising
17844.004862193,23,rising
17844.004887359,23,rising
17844.004892156,23,rising
17844.004897841,23,rising
17844.004904600,23,rising
17844.004909267,23,falling
17844.004913878,23,falling
17844.004918878,23,falling
17844.004922693,23,falling
17844.005445785,23,falling
17844.005446878,24,falling
17844.005452118,23,falling
17844.005453229,24,falling
17844.005459433,23,falling
17844.005460563,24,falling
17844.005467637,23,falling
17844.005468748,24,falling
17844.005474489,23,falling
17844.005475600,24,falling
17844.005482063,23,falling
17844.005483174,24,falling
17844.005495007,23,falling
17844.005496137,24,falling
17844.005508285,23,falling
17844.005509415,24,falling
17844.005514304,23,falling
17844.005515341,24,falling
17844.005531637,23,falling
17844.005532785,24,falling
17844.005537655,23,falling
17844.005538766,24,falling
17844.005552285,23,falling
17844.005557470,23,falling
17844.005562174,23,falling
17844.005563692,24,falling
17844.005568581,23,falling
17844.005570211,24,falling
17844.005575118,23,falling
17844.005576192,24,falling
17844.005621470,23,falling
17844.005622526,24,falling
17844.005627989,23,falling
17844.005629081,24,falling
17844.005634266,23,falling
17844.005635396,24,falling
17844.005640285,23,falling
17844.005641396,24,falling
17844.005849729,24,falling
17844.005892748,23,rising
17844.005893859,24,falling
17844.005898748,23,falling
17844.005899877,24,falling
17844.005911803,23,falling
17844.005912933,24,falling
17844.005942026,23,falling
17844.005943137,24,falling
17844.005960989,23,falling
17844.005962118,24,falling
17844.005968007,23,falling
17844.005969137,24,falling
17844.005974026,23,falling
17844.006225192,24,falling
17844.006236451,24,falling
17844.006527544,24,falling
17844.006538655,24,falling
17844.006644729,24,falling
17844.006656099,24,falling
17844.006663525,24,falling
17844.006673396,24,rising
17844.006678081,24,falling
17844.006682710,24,falling
17844.006695562,23,falling
17844.006696655,24,falling
17844.006724359,23,falling
17844.006725488,24,rising
17844.006730377,23,falling
17844.006731507,24,falling
17844.006736433,23,falling
17844.006737562,24,falling
17844.006742470,23,falling
17844.006743581,24,falling
17844.006750322,23,falling
17844.006751433,24,falling
17844.006756359,23,falling
17844.006757507,24,rising
17844.006762396,23,rising
17844.006763581,24,falling
17844.006768525,23,falling
17844.006769636,24,falling
17844.006774507,23,falling
17844.006775599,24,falling
17844.007550321,24,rising
17844.007899358,23,rising
17844.007906636,23,falling
17844.007911469,23,falling
17844.007925432,23,falling
17844.007943358,23,falling
17844.007948006,23,rising
17844.007952710,23,falling
17844.007971469,23,rising
17844.007976117,23,falling
17844.007980729,23,falling
17844.007984636,23,rising
17844.007989377,23,falling
17844.008003525,23,falling
17844.008305821,23,falling
17844.008311247,23,falling
17844.008319377,23,falling
17844.008324025,23,rising
17844.010735135,24,falling
17844.011865746,23,falling
17844.011870746,23,falling
17844.011918616,23,falling
17844.011923301,23,falling
17844.011927931,23,falling
17844.015060337,24,rising
17844.015080596,23,rising
17844.015096244,23,rising
17844.015100911,23,falling
17844.015105504,23,falling
17844.015109448,23,falling
17844.016169948,23,rising
17844.019423428,24,falling
17844.019476576,24,falling
17844.019483706,24,falling
17844.019508613,24,falling
17844.019513317,24,falling
17844.020930594,24,rising
17844.020935798,24,falling
17844.020948279,24,falling
17844.020952964,24,falling
17844.020957705,24,falling
17844.021132872,23,falling
17844.025711407,24,rising
17844.026835777,23,falling
17844.026842555,23,rising
17844.026847240,23,rising
17844.026851999,23,falling
17844.026856703,23,falling
17844.026861351,23,falling
17844.026867592,23,rising
17844.033778330,24,falling
17844.036251551,23,falling
17844.036264070,23,falling
17844.036269477,23,falling
17844.036281329,23,falling
17844.036285977,23,falling
17844.036292421,23,rising
17844.036313144,23,falling
17844.036322218,23,falling
17844.036326884,23,falling
17844.036333421,23,falling
17844.036343014,23,falling
17844.042130493,24,rising
17844.043238271,23,rising
17844.051224397,24,falling
17844.053316211,23,falling
17844.053325211,23,falling
17844.053329989,23,falling
17844.053335600,23,rising
17844.053344859,23,rising
17844.053353137,23,falling
17844.053361156,23,rising
17844.053365730,23,falling
17844.053370785,23,falling
17844.053377637,23,falling
17844.053382878,23,falling
17844.053406804,23,falling
17844.062632115,24,rising
17844.063771244,23,rising
17844.228898663,24,rising
17844.228907219,24,falling
17844.228911885,24,falling
17844.228924830,24,rising
17844.228929515,24,falling
17844.228934367,24,falling
17844.228949404,24,falling
17844.231147810,23,falling
17844.231175144,23,falling
17844.236456068,24,falling
17844.236460790,24,falling
17844.236467179,24,rising
17844.237131271,23,rising
17844.240599622,24,falling
17844.241096492,23,rising
17844.241105807,23,falling
17844.241110751,23,rising
17844.241114621,23,rising
17844.241122529,23,falling
17844.241127029,23,falling
17844.241132936,23,falling
17844.241140529,23,falling
17844.241153436,23,falling
17844.241161473,23,falling
17844.242617102,24,falling
17844.242621880,24,falling
17844.242760639,24,falling
17844.242765324,24,falling
17844.243430176,24,falling
17844.243988213,24,falling
17844.243993065,24,rising
17844.243998954,24,falling
17844.244005917,24,falling
17844.244014250,24,rising
17844.244021435,24,rising
17844.244035176,24,rising
17844.244039935,24,falling
17844.244046250,24,falling
17844.244321528,24,rising
17844.244828027,23,rising
17844.248075508,24,falling
17844.248364563,23,falling
17844.248369359,23,falling
17844.248375915,23,falling
17844.249994599,24,falling
17844.250006840,24,falling
17844.250011673,24,falling
17844.250791451,24,rising
17844.250799692,24,rising
17844.250804469,24,falling
17844.250809155,24,falling
17844.250813858,24,falling
17844.250818581,24,falling
17844.250823247,24,falling
17844.251417080,24,falling
17844.251481228,24,falling
17844.251666321,24,rising
17844.252516728,23,rising
17844.256328245,24,rising
17844.256327319,23,falling
17844.256333319,23,falling
17844.256334060,24,falling
17844.256338875,23,falling
17844.256349227,23,falling
17844.256355116,23,falling
17844.256360041,23,falling
17844.256364856,23,falling
17844.256370893,23,falling
17844.258150633,24,rising
17844.258162837,24,falling
17844.258174670,24,falling
17844.258179356,24,falling
17844.258184059,24,falling
17844.258191226,24,rising
17844.258199281,24,falling
17844.258204022,24,falling
17844.258227244,24,falling
17844.258231893,24,falling
17844.258239615,24,falling
17844.258244300,24,falling
17844.258257281,24,falling
17844.258261985,24,falling
17844.258266652,24,falling
17844.258271281,24,rising
17844.258275967,24,falling
17844.258280615,24,falling
17844.258290356,24,falling
17844.258294633,24,falling
17844.258300504,24,falling
17844.258321207,24,falling
17844.258332522,24,falling
17844.258337226,24,falling
17844.258341837,24,falling
17844.259066392,24,falling
17844.259076059,24,rising
17844.259080763,24,falling
17844.259085559,24,falling
17844.259096152,24,falling
17844.259105077,24,falling
17844.259112207,24,falling
17844.259118522,24,falling
17844.259128577,24,falling
17844.259670411,24,falling
17844.259675151,24,falling
17844.260033355,24,rising
17844.260654558,23,falling
17844.260660521,23,falling
17844.260667762,23,falling
17844.260677540,23,rising
17844.260682262,23,rising
17844.263980742,24,falling
17844.263986094,24,falling
17844.264304353,23,rising
17844.264308575,23,rising
17844.264317187,23,rising
17844.264321964,23,falling
17844.264339853,23,falling
17844.264861927,24,falling
17844.264866538,24,rising
17844.264874964,24,falling
17844.265561149,24,rising
17844.265565982,24,falling
17844.265593927,24,falling
17844.265607075,24,falling
17844.265623093,24,falling
17844.266009371,24,falling
17844.266019427,24,falling
17844.266033853,24,falling
17844.266053297,24,falling
17844.266058001,24,falling
17844.266062667,24,falling
17844.266067408,24,falling
17844.266385704,24,falling
17844.266390352,24,falling
17844.266396186,24,falling
17844.266400852,24,falling
17844.266405519,24,falling
17844.266410167,24,falling
17844.266414834,24,falling
17844.266420741,24,rising
17844.266425427,24,falling
17844.266472278,24,falling
17844.266477223,24,falling
17844.266482482,24,falling
17844.266643426,24,rising
17844.266648223,24,falling
17844.267220815,24,falling
17844.267233574,24,falling
17844.267242760,24,rising
17844.267836796,23,rising
17844.270300907,24,rising
17844.270307536,24,falling
17844.270638055,23,falling
17844.270642814,23,falling
17844.270678258,23,falling
17844.271384795,24,falling
17844.271583276,23,falling
17844.271652462,24,falling
17844.271657110,24,falling
17844.271680758,24,falling
17844.271703239,24,falling
17844.271718036,24,falling
17844.271723684,23,falling
17844.271744721,23,falling
17844.271750424,23,falling
17844.271755091,23,falling
17844.271759813,23,falling
17844.271764721,23,rising
17844.271769091,23,falling
17844.271833017,24,falling
17844.271837647,24,falling
17844.271847647,24,falling
17844.271857017,24,falling
17844.271869517,24,falling
17844.271873369,24,falling
17844.271878276,24,falling
17844.271883239,24,falling
17844.271887758,24,rising
17844.271892461,24,rising
17844.271902943,24,falling
17844.271913517,24,falling
17844.271945924,24,falling
17844.272136702,23,falling
17844.272142647,23,falling
17844.272147350,23,rising
17844.272154776,23,falling
17844.272160295,23,falling
17844.272165295,23,falling
17844.272166332,24,falling
17844.272171054,23,falling
17844.272175684,23,rising
17844.272180406,23,falling
17844.272184961,23,falling
17844.272195054,23,falling
17844.272199684,23,falling
17844.272204239,23,falling
17844.272227869,23,falling
17844.272349887,23,rising
17844.272350924,24,falling
17844.272355146,23,rising
17844.272356184,24,falling
17844.272360128,23,falling
17844.272361184,24,falling
17844.272365406,23,falling
17844.272381035,23,falling
17844.272398424,23,falling
17844.272412646,23,falling
17844.272452683,23,rising
17844.272457424,23,falling
17844.272465221,23,falling
17844.272471017,23,falling
17844.272479758,23,falling
17844.272484406,23,falling
17844.272488961,23,falling
17844.272645924,24,falling
17844.272656850,24,falling
17844.272682332,24,falling
17844.272738165,24,falling
17844.272866591,23,falling
17844.272878146,23,falling
17844.272882813,23,falling
17844.272887924,23,rising
17844.272892498,23,rising
17844.272897313,23,rising
17844.272903831,23,rising
17844.272911128,23,rising
17844.272915757,23,rising
17844.272920313,23,falling
17844.272933683,23,falling
17844.272942424,23,falling
17844.273043517,24,falling
17844.273049554,24,falling
17844.273053998,24,falling
17844.273058831,24,falling
17844.273064850,24,falling
17844.273075183,24,falling
17844.273079331,24,rising
17844.273084109,24,falling
17844.273191591,24,rising
17844.273253072,23,rising
17844.275718534,24,rising
17844.275728534,24,rising
17844.275737886,24,rising
17844.275743275,24,falling
17844.275774349,24,falling
17844.275783775,24,falling
17844.275792590,24,falling
17844.275800367,24,falling
17844.276929385,23,falling
17844.276948997,23,falling
17844.276962182,23,falling
17844.276971441,23,falling
17844.277241311,23,falling
17844.277242367,24,falling
17844.277254311,23,falling
17844.277357126,23,falling
17844.277361848,23,falling
17844.277366533,23,falling
17844.277569996,23,falling
17844.277637737,23,falling
17844.277642441,23,falling
17844.277650570,23,falling
17844.277658644,23,falling
17844.277663293,23,falling
17844.277753607,23,falling
17844.277762663,23,falling
17844.277791552,23,falling
17844.277796163,23,falling
17844.277810515,23,falling
17844.278103311,23,falling
17844.278108348,23,falling
17844.278209922,23,falling
17844.278210996,24,falling
17844.278302459,23,falling
17844.278311311,23,falling
17844.278316959,23,rising
17844.278333681,24,falling
17844.278346700,24,falling
17844.278351422,24,rising
17844.278356144,24,falling
17844.278361144,24,falling
17844.278365866,24,falling
17844.278373348,24,falling
17844.278383829,23,falling
17844.278414570,23,falling
17844.278429496,24,falling
17844.278434163,23,falling
17844.278442477,24,falling
17844.278455107,23,rising
17844.278461274,23,falling
17844.278470829,23,falling
17844.278503089,24,rising
17844.278782237,23,rising
17844.278794311,23,falling
17844.278799051,23,falling
17844.278803663,23,falling
17844.278813737,23,falling
17844.278818403,23,falling
17844.278855459,23,falling
17844.278860144,23,falling
17844.278868514,23,falling
17844.279219755,23,rising
17844.280797458,24,falling
17844.280811291,24,falling
17844.280816014,24,rising
17844.280833365,24,rising
17844.280838440,24,falling
17844.280848458,24,falling
17844.280856773,24,falling
17844.280862810,24,falling
17844.280869995,24,falling
17844.281820661,23,falling
17844.282472383,23,falling
17844.282473494,24,falling
17844.282503772,23,falling
17844.282509328,23,rising
17844.282529587,23,falling
17844.282540976,23,falling
17844.282545828,23,falling
17844.282556328,23,falling
17844.282560624,23,falling
17844.282566143,23,falling
17844.282601198,23,falling
17844.282602217,24,falling
17844.282684920,23,falling
17844.282693235,23,falling
17844.282702180,23,falling
17844.282710031,23,falling
17844.282743272,23,falling
17844.282753513,23,falling
17844.282769217,23,rising
17844.282775605,23,falling
17844.282780643,23,rising
17844.282797087,23,falling
17844.282804661,23,falling
17844.282812550,23,rising
17844.282821013,23,rising
17844.282835365,23,falling
17844.282839624,23,falling
17844.282854661,23,falling
17844.283043105,23,falling
17844.283045865,23,rising
17844.283049105,23,rising
17844.283053013,23,rising
17844.283062754,23,rising
17844.283066920,23,falling
17844.283075605,23,falling
17844.283081957,23,falling
17844.283090272,23,falling
17844.283094457,23,falling
17844.283099179,23,falling
17844.283110957,23,falling
17844.283140068,23,falling
17844.283145328,23,falling
17844.283152216,23,falling
17844.283160050,23,rising
17844.283164457,23,rising
17844.283183772,23,rising
17844.283188050,23,rising
17844.283192809,23,rising
17844.283203642,23,rising
17844.283215050,23,falling
17844.283221531,23,rising
17844.283227494,23,falling
17844.283231624,23,rising
17844.283240105,23,falling
17844.283248420,23,falling
17844.283257290,23,falling
17844.283344031,24,falling
17844.283343346,23,falling
17844.283348605,23,rising
17844.283354957,24,falling
17844.283354605,23,falling
17844.283387161,24,falling
17844.283386476,23,falling
17844.283391883,23,falling
17844.283506401,24,rising
17844.283681013,23,rising
17844.283700198,23,falling
17844.283744235,23,rising
17844.283748475,23,falling
17844.283753161,23,falling
17844.283764698,23,falling
17844.283814772,23,falling
17844.283819735,23,falling
17844.283824512,23,falling
17844.283831346,23,falling
17844.283837253,23,falling
17844.283854235,23,falling
17844.283865883,23,rising
17844.283872420,23,falling
17844.283877216,23,rising
17844.283883864,23,falling
17844.283889809,23,falling
17844.283899235,23,falling
17844.283912346,23,rising
17844.283923661,23,rising
17844.283928401,23,falling
17844.283935735,23,falling
17844.283940846,23,falling
17844.283948179,23,falling
17844.284099642,23,falling
17844.284108549,23,rising
17844.285696845,24,falling
17844.285701956,24,rising
17844.285718882,24,rising
17844.285723678,24,falling
17844.286519511,23,falling
17844.286674604,23,falling
17844.286675734,24,falling
17844.286883289,23,falling
17844.286884697,24,falling
17844.286891271,23,falling
17844.286892382,24,falling
17844.286907326,23,falling
17844.286908437,24,falling
17844.286927067,23,falling
17844.286928252,24,falling
17844.286934789,23,falling
17844.286936122,24,falling
17844.286956826,23,falling
17844.286957919,24,falling
17844.286964289,23,falling
17844.286965382,24,rising
17844.286970215,23,falling
17844.286971289,24,falling
17844.286976196,23,rising
17844.286980771,23,falling
17844.286981863,24,rising
17844.286986715,23,falling
17844.286987789,24,falling
17844.286992641,23,falling
17844.286993733,24,falling
17844.286998548,23,falling
17844.286999604,24,falling
17844.287005974,23,falling
17844.287007530,24,falling
17844.287137696,23,falling
17844.287138826,24,rising
17844.287144067,23,rising
17844.287145122,24,falling
17844.287150067,23,rising
17844.287151196,24,rising
17844.287156067,23,falling
17844.287157122,24,falling
17844.287163067,23,falling
17844.287164141,24,falling
17844.287188715,23,falling
17844.287189789,24,falling
17844.287196030,23,falling
17844.287197178,24,falling
17844.287203159,23,falling
17844.287430659,23,rising
17844.287435752,23,falling
17844.287440622,23,falling
17844.287664289,23,falling
17844.287669011,23,falling
17844.287682863,23,falling
17844.287687548,23,falling
17844.287692233,23,falling
17844.287699289,23,falling
17844.287705641,23,falling
17844.287710215,23,falling
17844.287755104,23,falling
17844.287818529,23,falling
17844.287819622,24,falling
17844.287954344,23,falling
17844.287955455,24,falling
17844.288143566,23,rising
17844.288148215,23,rising
17844.288152844,23,falling
17844.288157474,23,falling
17844.288164733,23,falling
17844.288229677,23,falling
17844.288234381,23,falling
17844.288255140,23,falling
17844.288256252,24,rising
17844.288261159,23,falling
17844.288267752,23,falling
17844.288272826,23,falling
17844.288277455,23,falling
17844.288282085,23,rising
17844.288286733,23,rising
17844.288290733,23,rising
17844.288310955,23,rising
17844.288315585,23,falling
17844.288320196,23,rising
17844.288324863,23,falling
17844.288329807,23,falling
17844.288448770,23,falling
17844.288488363,23,falling
17844.288512307,23,falling
17844.288516937,23,falling
17844.288592955,23,rising
17844.288601140,23,falling
17844.288605770,23,rising
17844.288610696,23,falling
17844.288615363,23,falling
17844.288622103,23,falling
17844.288626733,23,falling
17844.288712177,23,rising
17844.290323047,24,falling
17844.290328732,24,rising
17844.290332677,24,falling
17844.290339584,24,rising
17844.290344288,24,falling
17844.290348380,24,falling
17844.290359380,24,falling
17844.290890658,23,rising
17844.290894973,23,rising
17844.290900658,23,falling
17844.290906102,23,falling
17844.291454343,23,falling
17844.291460750,23,falling
17844.291483713,23,rising
17844.291488398,23,falling
17844.291493010,23,falling
17844.291504935,23,rising
17844.291509732,23,falling
17844.291518158,23,falling
17844.291528713,23,falling
17844.291542917,23,falling
17844.291552547,23,falling
17844.291557232,23,falling
17844.291569121,23,falling
17844.291575417,23,falling
17844.291582269,23,falling
17844.291590047,23,falling
17844.291594713,23,falling
17844.291610158,23,falling
17844.291809787,23,falling
17844.291826639,23,falling
17844.291831361,23,falling
17844.291838509,23,rising
17844.291857972,23,falling
17844.291873028,23,rising
17844.291878954,23,falling
17844.291884806,23,falling
17844.291891861,23,falling
17844.291904324,23,rising
17844.291909343,23,rising
17844.291915287,23,rising
17844.291926176,23,falling
17844.291931546,23,rising
17844.291936361,23,falling
17844.291941213,23,falling
17844.291945917,23,falling
17844.291951713,23,rising
17844.291956398,23,rising
17844.291969787,23,falling
17844.292053213,23,rising
17844.292062361,23,falling
17844.292066991,23,falling
17844.292154194,23,rising
17844.292164472,23,rising
17844.292170880,23,falling
17844.292179843,23,rising
17844.292188250,23,falling
17844.292194065,23,falling
17844.292210954,23,falling
17844.292215213,23,rising
17844.292224694,23,falling
17844.292234509,23,falling
17844.292241750,23,falling
17844.292246917,23,falling
17844.292255824,23,falling
17844.292259972,23,falling
17844.292269046,23,falling
17844.292365157,23,rising
17844.292371065,23,falling
17844.292376287,23,falling
17844.292387843,23,falling
17844.292393102,23,falling
17844.292398602,23,rising
17844.292405806,23,rising
17844.292409954,23,falling
17844.292414676,23,falling
17844.292421139,23,falling
17844.292429602,23,rising
17844.292434398,23,rising
17844.292450898,23,falling
17844.292457176,23,rising
17844.292461324,23,falling
17844.292471491,23,rising
17844.292478361,23,falling
17844.292486657,23,falling
17844.292493509,23,falling
17844.292497676,23,falling
17844.292506768,23,falling
17844.292563639,23,falling
17844.292591583,23,falling
17844.292596713,23,rising
17844.292614509,23,falling
17844.292622342,23,rising
17844.292628880,23,falling
17844.292637602,23,falling
17844.292642454,23,rising
17844.292650750,23,falling
17844.292658639,23,falling
17844.292667713,24,rising
17844.292667361,23,rising
17844.292675991,24,falling
17844.292680954,23,rising
17844.292688713,23,falling
17844.292693176,23,falling
17844.292699639,23,falling
17844.292703768,23,rising
17844.292712991,23,falling
17844.292718268,23,falling
17844.292726342,23,falling
17844.292730157,24,rising
17844.292729805,23,falling
17844.292747102,23,rising
17844.292754398,23,falling
17844.292758583,23,falling
17844.292787954,23,rising
17844.292859065,23,falling
17844.292933583,23,rising
17844.292939676,23,rising
17844.292944435,23,falling
17844.292953879,23,rising
17844.292958528,23,falling
17844.292966565,23,falling
17844.292971731,23,rising
17844.292979583,23,falling
17844.292987490,23,falling
17844.292993842,23,falling
17844.293013287,23,falling
17844.293191453,23,rising
17844.293196027,23,rising
17844.294958786,24,falling
17844.295347564,23,falling
17844.295355267,23,falling
17844.295501415,23,falling
17844.295502452,24,falling
17844.295745638,23,rising
17844.295746730,24,rising
17844.295755360,23,falling
17844.295756508,24,falling
17844.295768082,23,falling
17844.295769212,24,falling
17844.295796601,23,rising
17844.295797730,24,rising
17844.295803304,23,rising
17844.295804434,24,falling
17844.295810675,23,falling
17844.295811675,24,falling
17844.295827971,23,falling
17844.295829101,24,falling
17844.295842693,23,rising
17844.295843804,24,falling
17844.295848675,23,rising
17844.295854360,24,rising
17844.295853230,23,rising
17844.295867249,23,falling
17844.295868693,24,falling
17844.295881934,23,falling
17844.295882693,24,rising
17844.295891230,23,rising
17844.295892026,24,rising
17844.295899286,23,falling
17844.295900045,24,rising
17844.295905341,24,falling
17844.295904934,23,falling
17844.295919749,23,rising
17844.295920804,24,falling
17844.295928119,23,falling
17844.295929175,24,falling
17844.295938397,23,falling
17844.295939471,24,falling
17844.295950600,23,falling
17844.295951675,24,falling
17844.296000249,23,falling
17844.296001267,24,falling
17844.296017082,23,rising
17844.296018137,24,rising
17844.296022360,23,falling
17844.296023397,24,falling
17844.296030452,23,rising
17844.296031526,24,rising
17844.296035397,23,rising
17844.296040749,23,falling
17844.296045471,23,falling
17844.296046230,24,falling
17844.296231637,23,falling
17844.296232749,24,falling
17844.296310860,23,falling
17844.296311860,24,falling
17844.296316637,23,falling
17844.296317693,24,falling
17844.296351693,23,falling
17844.296352711,24,falling
17844.296367267,23,falling
17844.296368323,24,falling
17844.296372508,23,falling
17844.296373489,24,falling
17844.296377360,23,falling
17844.296382397,23,falling
17844.296387248,24,rising
17844.296386656,23,rising
17844.296397137,23,rising
17844.296398193,24,rising
17844.296408360,23,rising
17844.296409397,24,rising
17844.296413582,23,falling
17844.296414619,24,falling
17844.296418526,23,rising
17844.296423823,24,rising
17844.296423304,23,rising
17844.296434452,23,falling
17844.296435748,24,falling
17844.296440008,23,falling
17844.296440989,24,falling
17844.296537285,23,rising
17844.296548878,23,rising
17844.296564026,23,falling
17844.296568693,23,rising
17844.296573359,23,falling
17844.296577285,23,falling
17844.296581915,23,rising
17844.296586508,23,falling
17844.296590489,23,rising
17844.296611156,23,rising
17844.296619600,23,rising
17844.296624674,23,falling
17844.296633971,23,falling
17844.296638619,23,falling
17844.296643915,23,falling
17844.296873267,23,rising
17844.296885026,24,falling
17844.296891359,24,falling
17844.296895748,24,falling
17844.296900508,24,falling
17844.296914711,24,falling
17844.296920915,24,falling
17844.296944563,23,rising
17844.296950470,23,rising
17844.296973433,23,falling
17844.296979896,23,falling
17844.297090933,23,falling
17844.297095600,23,falling
17844.297100248,23,falling
17844.297104915,23,falling
17844.297110230,23,falling
17844.297126193,23,falling
17844.297135656,23,falling
17844.297140544,23,falling
17844.297145748,23,falling
17844.297150896,23,rising
17844.297155544,23,rising
17844.297161433,23,rising
17844.297166063,23,rising
17844.297170693,23,rising
17844.297177248,23,falling
17844.297182156,23,falling
17844.297187563,23,rising
17844.297192304,23,rising
17844.297197044,23,rising
17844.297203341,23,falling
17844.297208211,23,falling
17844.297212896,23,falling
17844.297217544,23,falling
17844.297221693,23,falling
17844.297226267,23,falling
17844.297235100,23,falling
17844.297246026,23,rising
17844.297264933,23,rising
17844.297288581,23,rising
17844.297295193,24,falling
17844.297300674,24,falling
17844.297304656,24,falling
17844.297309656,24,falling
17844.297314452,24,rising
17844.297324137,24,rising
17844.297378415,23,falling
17844.297493618,23,rising
17844.297505785,23,falling
17844.297627859,23,falling
17844.297635692,23,falling
17844.297644248,23,rising
17844.297649433,23,falling
17844.297654026,23,falling
17844.297657896,23,falling
17844.297667952,23,falling
17844.297682285,23,falling
17844.297688470,23,falling
17844.297732507,23,falling
17844.297738396,23,falling
17844.297744859,23,falling
17844.297750748,23,falling
17844.297758711,23,falling
17844.297774526,23,falling
17844.297823840,23,falling
17844.297828044,23,rising
17844.297832896,23,falling
17844.297838970,23,falling
17844.297844581,23,rising
17844.297853322,23,falling
17844.297860896,23,falling
17844.297875970,23,falling
17844.297886563,23,rising
17844.297890711,23,rising
17844.299770469,24,falling
17844.299849710,24,rising
17844.299854803,24,falling
17844.299859562,24,falling
17844.299864469,24,falling
17844.299868729,24,falling
17844.299873784,24,rising
17844.299879469,24,falling
17844.299885043,23,falling
17844.299894747,24,falling
17844.299901840,23,falling
17844.299902192,24,rising
17844.299907432,23,falling
17844.299909025,24,falling
17844.299912932,23,falling
17844.299913969,24,falling
17844.299935729,23,rising
17844.299942432,23,falling
17844.299957747,23,falling
17844.299958858,24,falling
17844.299964803,23,falling
17844.299965858,24,falling
17844.299976006,23,falling
17844.299977062,24,falling
17844.300008414,23,falling
17844.300009469,24,falling
17844.300017729,23,falling
17844.300018784,24,falling
17844.300023025,23,falling
17844.300024080,24,falling
17844.300027988,23,falling
17844.300051747,23,rising
17844.300052784,24,rising
17844.300057006,23,falling
17844.300058247,24,falling
17844.300062636,23,falling
17844.300086691,23,falling
17844.300087025,24,falling
17844.300494914,23,rising
17844.300495951,24,falling
17844.300500191,23,falling
17844.300501247,24,falling
17844.300509914,23,falling
17844.300510951,24,falling
17844.300515173,23,falling
17844.300516228,24,falling
17844.300520173,23,falling
17844.300521228,24,falling
17844.300525025,23,rising
17844.300534543,23,falling
17844.300535636,24,falling
17844.300539432,23,falling
17844.300592136,23,falling
17844.300593173,24,falling
17844.300597432,23,falling
17844.300617636,23,falling
17844.300618691,24,falling
17844.300635006,23,rising
17844.300636080,24,rising
17844.300640265,23,falling
17844.300641302,24,falling
17844.300677432,23,falling
17844.300678488,24,falling
17844.300682710,23,rising
17844.300683747,24,rising
17844.300687654,23,falling
17844.300694654,24,rising
17844.300693599,23,rising
17844.300712969,23,falling
17844.300714006,24,falling
17844.300740950,23,falling
17844.300741988,24,falling
17844.300746173,23,rising
17844.300747191,24,rising
17844.300751025,23,rising
17844.300752062,24,falling
17844.300756876,23,rising
17844.300757932,24,rising
17844.300768895,23,falling
17844.300769988,24,falling
17844.300838265,23,falling
17844.300839321,24,falling
17844.300850043,23,falling
17844.300851173,24,falling
17844.300861080,23,falling
17844.300862136,24,falling
17844.300867154,23,rising
17844.300868228,24,falling
17844.300873302,23,rising
17844.300874413,24,falling
17844.300879654,23,falling
17844.300880710,24,falling
17844.300894358,23,falling
17844.300895450,24,falling
17844.300901395,23,falling
17844.300902450,24,falling
17844.300988524,23,falling
17844.300989636,24,rising
17844.300994506,23,rising
17844.300995562,24,falling
17844.301000469,23,falling
17844.301001543,24,falling
17844.301006450,23,falling
17844.301007487,24,falling
17844.301012691,23,falling
17844.301023950,23,falling
17844.301025080,24,falling
17844.301030006,23,falling
17844.301041228,23,falling
17844.301042358,24,falling
17844.301053673,23,falling
17844.301054802,24,falling
17844.301061228,23,falling
17844.301062265,24,falling
17844.301084765,23,falling
17844.301085821,24,falling
17844.301097969,23,falling
17844.301099080,24,falling
17844.301103950,23,falling
17844.301105061,24,rising
17844.301109932,23,falling
17844.301111024,24,rising
17844.301115895,23,falling
17844.301117006,24,falling
17844.301121913,23,rising
17844.301123080,24,rising
17844.301131673,23,falling
17844.301132839,24,falling
17844.301137691,23,falling
17844.301138858,24,falling
17844.301145136,23,falling
17844.301146228,24,falling
17844.301161376,23,falling
17844.301185839,23,falling
17844.301186913,24,falling
17844.301199321,24,rising
17844.301203395,23,rising
17844.301215043,23,falling
17844.301216135,24,falling
17844.301221728,23,rising
17844.301227321,24,rising
17844.301226765,23,rising
17844.301239135,23,falling
17844.301245006,23,falling
17844.301240450,24,falling
17844.301245710,24,falling
17844.301293654,23,falling
17844.301294710,24,falling
17844.301382469,23,falling
17844.301383524,24,falling
17844.301402413,24,falling
17844.301411135,24,falling
17844.301416821,23,falling
17844.301417876,24,falling
17844.301422580,23,falling
17844.301423617,24,falling
17844.301434043,24,falling
17844.301438265,23,falling
17844.301439376,24,falling
17844.301447024,24,falling
17844.301451154,24,falling
17844.301479413,24,falling
17844.301508469,23,rising
17844.301509506,24,falling
17844.301514765,24,falling
17844.301513709,23,falling
17844.301521154,23,rising
17844.301522209,24,falling
17844.301526376,23,rising
17844.301527432,24,falling
17844.301531321,23,rising
17844.301532395,24,falling
17844.301538543,24,rising
17844.301542302,24,rising
17844.301548450,23,rising
17844.301549469,24,falling
17844.301553617,23,falling
17844.301554654,24,falling
17844.301558561,23,rising
17844.301563284,23,rising
17844.301567432,24,rising
17844.301573043,24,falling
17844.301587469,23,rising
17844.301597802,23,falling
17844.301604432,23,falling
17844.301605469,24,falling
17844.301609709,23,falling
17844.301610765,24,falling
17844.301614672,23,falling
17844.301619506,23,rising
17844.301624246,23,rising
17844.301625561,24,rising
17844.301629746,23,falling
17844.301630802,24,falling
17844.301635969,23,rising
17844.301649617,23,falling
17844.301645932,24,falling
17844.301656080,23,rising
17844.301660987,23,falling
17844.301665654,23,falling
17844.301667135,24,falling
17844.301671413,23,falling
17844.301684746,23,falling
17844.301685783,24,falling
17844.301692635,23,falling
17844.301693672,24,falling
17844.301697876,23,falling
17844.301698932,24,rising
17844.301702969,23,falling
17844.301704024,24,falling
17844.301711820,23,falling
17844.301712876,24,falling
17844.301717117,23,rising
17844.301718172,24,rising
17844.301722061,23,falling
17844.301723098,24,falling
17844.301726969,23,falling
17844.301732172,23,rising
17844.301728024,24,falling
17844.301736765,23,falling
17844.301738265,24,falling
17844.301742246,23,falling
17844.301746987,23,falling
17844.301747524,24,falling
17844.301751932,23,falling
17844.301757783,23,falling
17844.301758820,24,falling
17844.301763043,23,falling
17844.301764098,24,falling
17844.301772617,24,falling
17844.301771561,23,falling
17844.301778283,23,falling
17844.301779320,24,rising
17844.301783024,23,falling
17844.301784061,24,falling
17844.301793561,23,falling
17844.301794024,24,falling
17844.301811432,24,falling
17844.301810357,23,falling
17844.301820357,23,falling
17844.301821376,24,falling
17844.301832524,23,falling
17844.301840154,23,rising
17844.301844820,23,rising
17844.301849413,23,falling
17844.301854154,23,rising
17844.301858024,23,falling
17844.301862024,23,rising
17844.301866709,23,rising
17844.301906839,23,falling
17844.301907894,24,falling
17844.301912154,23,falling
17844.301913191,24,falling
17844.301917080,23,falling
17844.301922154,24,falling
17844.301927117,23,falling
17844.301940339,23,falling
17844.301941376,24,falling
17844.301945580,23,falling
17844.301946617,24,falling
17844.301952580,23,falling
17844.301953635,24,rising
17844.301957839,23,falling
17844.301958894,24,falling
17844.301962950,23,rising
17844.301964006,24,falling
17844.301968950,23,rising
17844.301973617,23,rising
17844.301978191,23,rising
17844.301974135,24,rising
17844.301991487,23,falling
17844.301992487,24,falling
17844.301996246,23,rising
17844.302001320,23,rising
17844.301997283,24,falling
17844.302006246,23,falling
17844.302007302,24,falling
17844.302016431,23,falling
17844.302017469,24,falling
17844.302021728,23,falling
17844.302022765,24,falling
17844.302028431,23,falling
17844.302038839,23,falling
17844.302039931,24,falling
17844.302046931,23,falling
17844.302047950,24,falling
17844.302094746,23,falling
17844.302095802,24,falling
17844.302118043,23,rising
17844.302119080,24,rising
17844.302123283,23,falling
17844.302127931,23,falling
17844.302133024,23,falling
17844.302139709,23,rising
17844.302144357,23,rising
17844.302151691,23,rising
17844.302155839,23,falling
17844.302162265,23,rising
17844.302190450,23,falling
17844.302195672,23,falling
17844.302199709,23,falling
17844.302204505,23,falling
17844.302209098,23,rising
17844.302213765,23,rising
17844.302225968,23,falling
17844.302230635,23,falling
17844.302236543,23,falling
17844.302241172,23,rising
17844.302245820,23,rising
17844.302254431,23,falling
17844.302259394,23,rising
17844.302265098,23,falling
17844.302269783,23,falling
17844.302274413,23,falling
17844.302278635,23,falling
17844.302283246,23,falling
17844.302287802,23,rising
17844.302320376,23,falling
17844.302329931,23,rising
17844.302356839,23,rising
17844.302371172,23,falling
17844.302377024,23,rising
17844.302381654,23,falling
17844.302386209,23,falling
17844.302392394,23,falling
17844.302397042,23,falling
17844.302401598,23,falling
17844.302405728,23,falling
17844.302410357,23,falling
17844.302414950,23,rising
17844.302419339,23,rising
17844.302427098,23,rising
17844.302435265,23,falling
17844.302440561,23,rising
17844.302446579,23,falling
17844.302451246,23,falling
17844.302456024,23,falling
17844.302474191,23,falling
17844.302478783,23,falling
17844.302492968,23,rising
17844.302501746,23,falling
17844.302506616,23,falling
17844.302511246,23,falling
17844.302587931,23,falling
17844.302592691,23,falling
17844.302612487,23,falling
17844.302617616,23,rising
17844.302624950,23,rising
17844.304445264,24,falling
17844.304456894,24,falling
17844.304567264,24,falling
17844.304914356,23,falling
17844.304937727,23,falling
17844.304938338,24,rising
17844.304946449,24,falling
17844.304945690,23,rising
17844.304951745,24,falling
17844.304956819,23,falling
17844.304957171,24,falling
17844.304964023,23,falling
17844.304969708,24,falling
17844.304974041,24,falling
17844.304973653,23,falling
17844.304979245,24,falling
17844.304984949,23,falling
17844.304985319,24,falling
17844.304996653,24,falling
17844.305001671,24,falling
17844.304995893,23,falling
17844.305001264,23,falling
17844.305191597,23,falling
17844.305192245,24,falling
17844.305208245,24,falling
17844.305207560,23,falling
17844.305213430,23,falling
17844.305225282,24,falling
17844.305224541,23,falling
17844.305255078,24,falling
17844.305254301,23,falling
17844.305259708,23,falling
17844.305260078,24,falling
17844.305315023,23,falling
17844.305315782,24,falling
17844.305345319,23,falling
17844.305346078,24,falling
17844.305386875,23,falling
17844.305387652,24,falling
17844.305393801,24,falling
17844.305393412,23,falling
17844.305398764,24,rising
17844.305398393,23,rising
17844.305403986,24,falling
17844.305409004,24,falling
17844.305413652,24,falling
17844.305413282,23,falling
17844.305419189,23,falling
17844.305419560,24,falling
17844.305428060,23,falling
17844.305428819,24,falling
17844.305515467,24,falling
17844.305514708,23,falling
17844.305520467,24,rising
17844.305520115,23,falling
17844.305525412,24,falling
17844.305525060,23,falling
17844.305548801,23,falling
17844.305549504,24,falling
17844.305781856,23,falling
17844.305782615,24,falling
17844.305924356,24,falling
17844.305923578,23,falling
17844.305929356,24,falling
17844.305929004,23,falling
17844.305934300,24,falling
17844.305933949,23,falling
17844.305943208,23,falling
17844.305943930,24,falling
17844.305960245,23,rising
17844.305961004,24,rising
17844.305966615,23,falling
17844.305967004,24,rising
17844.305974393,24,falling
17844.305979226,24,falling
17844.305978874,23,falling
17844.305989893,24,falling
17844.305989560,23,falling
17844.306008837,23,falling
17844.306009523,24,falling
17844.306017948,23,falling
17844.306018708,24,falling
17844.306137856,23,falling
17844.306142060,23,falling
17844.306198800,23,falling
17844.306199819,24,falling
17844.306204467,23,rising
17844.306204985,24,rising
17844.306209393,23,falling
17844.306210448,24,falling
17844.306215467,23,falling
17844.306216504,24,rising
17844.306222467,23,falling
17844.306223560,24,falling
17844.306228782,23,falling
17844.306229856,24,falling
17844.306235800,23,falling
17844.306240430,23,falling
17844.306244985,23,rising
17844.306248745,23,falling
17844.306254448,23,rising
17844.306259078,23,rising
17844.306263634,23,falling
17844.306268485,23,falling
17844.306274356,23,falling
17844.306424189,23,falling
17844.306425263,24,falling
17844.306505911,23,falling
17844.306519504,23,falling
17844.306519856,24,falling
17844.306532763,23,rising
17844.306537541,23,falling
17844.306538652,24,falling
17844.306543541,23,falling
17844.306569596,23,falling
17844.306570856,24,falling
17844.306580189,23,falling
17844.306588615,23,falling
17844.306589948,24,falling
17844.306621004,23,falling
17844.306622078,24,falling
17844.306628059,23,falling
17844.306633745,23,rising
17844.306629078,24,falling
17844.306638337,23,falling
17844.306639411,24,falling
17844.306644448,23,falling
17844.306645541,24,falling
17844.306666245,23,falling
17844.306693152,23,falling
17844.306694189,24,rising
17844.306698448,23,falling
17844.306699448,24,falling
17844.306703356,23,falling
17844.306704393,24,falling
17844.306822078,23,falling
17844.306823115,24,falling
17844.306831911,23,falling
17844.306832948,24,falling
17844.306845115,23,falling
17844.306846152,24,falling
17844.306890337,23,falling
17844.306895004,23,falling
17844.306896004,24,falling
17844.307102504,24,falling
17844.307101504,23,falling
17844.307116504,23,falling
17844.307117522,24,falling
17844.307122226,23,falling
17844.307127374,23,falling
17844.307123244,24,falling
17844.307131930,23,rising
17844.307132948,24,rising
17844.307136874,23,falling
17844.307137337,24,falling
17844.307191726,23,falling
17844.307192744,24,falling
17844.307217837,23,falling
17844.307218874,24,falling
17844.307238948,23,falling
17844.307239967,24,falling
17844.307256670,23,falling
17844.307257689,24,falling
17844.307289781,23,rising
17844.307290837,24,rising
17844.307295022,23,rising
17844.307296078,24,rising
17844.307300004,23,falling
17844.307305318,24,falling
17844.307304800,23,falling
17844.307318318,23,falling
17844.307319337,24,falling
17844.307337781,23,rising
17844.307342448,23,falling
17844.307343466,24,falling
17844.307351004,24,rising
17844.307520059,23,falling
17844.307614263,23,falling
17844.307680411,23,falling
17844.307685207,23,falling
17844.307696244,23,falling
17844.307713059,23,falling
17844.307717781,23,falling
17844.307722466,23,falling
17844.307775614,23,rising
17844.307780244,23,falling
17844.307784855,23,falling
17844.307788837,23,falling
17844.307874726,23,falling
17844.307879059,23,falling
17844.307888281,23,rising
17844.307892577,23,rising
17844.307900189,23,rising
17844.307904466,23,rising
17844.307909966,23,falling
17844.307914170,23,falling
17844.307918003,23,rising
17844.310005558,24,falling
17844.310037280,24,falling
17844.311003873,23,falling
17844.313231038,23,falling
17844.313253224,23,falling
17844.313265483,23,rising
17844.313284112,23,falling
17844.313288242,23,falling
17844.313296261,23,falling
17844.313303316,23,falling
17844.313314983,23,rising
17844.313327223,23,rising
17844.313335575,23,falling
17844.313379816,23,falling
17844.313385890,23,falling
17844.313453983,23,falling
17844.313478057,23,falling
17844.313799797,24,falling
17844.313831149,24,falling
17844.313835334,24,rising
17844.313843038,24,falling
17844.313849038,24,rising
17844.313853186,24,rising
17844.313860538,24,rising
17844.313864760,24,rising
17844.313874705,24,falling
17844.313882353,24,falling
17844.313886483,24,rising
17844.313914520,24,falling
17844.313918686,24,falling
17844.313930464,24,falling
17844.313974575,24,rising
17844.314260093,23,rising
17844.316721907,24,rising
17844.316730741,24,falling
17844.316736870,24,falling
17844.316741018,24,falling
17844.316748259,24,falling
17844.316752426,24,falling
17844.316871555,24,falling
17844.316882537,24,falling
17844.319818443,23,falling
17844.319872499,23,falling
17844.319938295,23,falling
17844.322850924,23,falling
17844.322851961,24,falling
17844.322858461,24,rising
17844.322863312,23,falling
17844.323657164,23,falling
17844.323966738,23,falling
17844.324144071,23,rising
17844.328902329,24,falling
17844.366473925,24,rising
17844.513399944,24,falling
17844.521358811,23,falling
17844.528413901,24,rising
17844.529837993,23,rising
17844.533717843,24,falling
17844.533734547,24,rising
17844.533739269,24,falling
17844.533744010,24,rising
17844.533748732,24,falling
17844.533753454,24,falling
17844.533757473,24,falling
17844.533763584,24,falling
17844.533768269,24,falling
17844.533774529,24,falling
17844.533781806,24,rising
17844.533788177,24,falling
17844.533792880,24,falling
17844.535460602,23,rising
17844.535467787,23,falling
17844.535473158,23,rising
17844.535480528,23,falling
17844.535485935,23,rising
17844.535490639,23,falling
17844.535499139,23,falling
17844.538346323,23,falling
17844.538347397,24,falling
17844.538352156,23,falling
17844.538352990,24,falling
17844.538552527,23,falling
17844.538553638,24,falling
17844.538891749,24,rising
17844.539192601,23,rising
17844.539197489,23,falling
17844.539203175,23,falling
17844.539212156,23,falling
17844.539216860,23,rising
17844.539222767,23,falling
17844.539227397,23,falling
17844.539232008,23,falling
17844.539240545,23,falling
17844.539245175,23,falling
17844.539255656,23,rising
17844.539260619,23,falling
17844.539266730,23,falling
17844.539271360,23,falling
17844.539686545,23,rising
17844.542131025,24,falling
17844.542138822,24,falling
17844.542511099,24,falling
17844.542519710,24,falling
17844.542524414,24,falling
17844.543143784,23,falling
17844.543167692,23,falling
17844.545560080,24,rising
17844.546123265,23,falling
17844.546128746,23,falling
17844.546149579,23,falling
17844.546171987,23,rising
17844.548029727,24,falling
17844.548115208,24,falling
17844.548125653,24,falling
17844.548136097,24,falling
17844.548140264,24,falling
17844.548180356,24,falling
17844.548190449,24,falling
17844.548200282,24,falling
17844.548641208,23,falling
17844.548697078,23,falling
17844.548842301,23,falling
17844.548843338,24,falling
17844.548848949,23,falling
17844.548849745,24,falling
17844.548912838,23,falling
17844.548913949,24,falling
17844.548960041,23,falling
17844.548961152,24,falling
17844.549102930,23,falling
17844.549310412,23,falling
17844.549311449,24,falling
17844.549315671,23,rising
17844.549316800,24,falling
17844.549321689,23,falling
17844.549322819,24,falling
17844.549327912,23,falling
17844.549329652,24,falling
17844.549340856,23,falling
17844.549341986,24,falling
17844.549365486,23,falling
17844.549366597,24,falling
17844.549371467,23,falling
17844.549372578,24,falling
17844.549377763,23,falling
17844.549378874,24,falling
17844.549384597,23,falling
17844.549385708,24,falling
17844.549391152,23,falling
17844.549392282,24,falling
17844.549398449,23,falling
17844.549399578,24,falling
17844.549404449,23,falling
17844.549409115,23,rising
17844.549410208,24,falling
17844.549415060,23,falling
17844.549416504,24,falling
17844.549430356,23,falling
17844.549431560,24,falling
17844.549438134,23,falling
17844.549439319,24,falling
17844.549604041,23,falling
17844.549605560,24,falling
17844.549610634,23,rising
17844.549611671,24,falling
17844.549616800,23,falling
17844.549617819,24,falling
17844.549622819,23,falling
17844.549627522,23,falling
17844.549628560,24,falling
17844.549883152,23,falling
17844.549884300,24,falling
17844.549896171,23,falling
17844.549897300,24,falling
17844.550015504,23,falling
17844.550016652,24,falling
17844.550025319,23,falling
17844.550026393,24,falling
17844.550031245,23,falling
17844.550032374,24,falling
17844.550185300,23,rising
17844.550186411,24,rising
17844.550191319,23,falling
17844.550192819,24,falling
17844.550206819,23,falling
17844.550207893,24,rising
17844.550213133,23,rising
17844.550214911,24,rising
17844.550220744,23,falling
17844.550227911,24,falling
17844.550233670,23,falling
17844.550234059,24,falling
17844.550271337,23,falling
17844.550272467,24,falling
17844.550277430,23,rising
17844.550278578,24,falling
17844.550283430,23,falling
17844.550284485,24,falling
17844.550291744,23,falling
17844.550292837,24,falling
17844.550320022,23,falling
17844.550321059,24,falling
17844.550335652,23,falling
17844.550336744,24,falling
17844.550347022,23,falling
17844.550348115,24,falling
17844.550355633,23,falling
17844.550356652,24,falling
17844.550435152,23,falling
17844.550436170,24,falling
17844.550441078,23,rising
17844.550442152,24,falling
17844.550447004,23,falling
17844.550448096,24,falling
17844.550454115,24,rising
17844.550459356,23,rising
17844.550459707,24,falling
17844.550464985,24,rising
17844.550469633,24,rising
17844.550469300,23,falling
17844.550483911,23,falling
17844.550485041,24,falling
17844.550491004,23,falling
17844.550492078,24,falling
17844.550513874,24,rising
17844.550573911,23,rising
17844.550578930,23,rising
17844.550597578,23,falling
17844.550602911,23,rising
17844.550608318,23,rising
17844.550615800,23,rising
17844.550621578,23,rising
17844.550627578,23,falling
17844.550632578,23,rising
17844.550637189,23,rising
17844.550649004,23,falling
17844.550654263,23,falling
17844.550658930,23,falling
17844.550673096,23,rising
17844.550677800,23,falling
17844.550684207,23,falling
17844.550692337,23,falling
17844.550696967,23,falling
17844.550707207,23,falling
17844.550757763,23,falling
17844.550768244,23,rising
17844.550779670,23,rising
17844.550786800,23,falling
17844.550791429,23,falling
17844.550796041,23,falling
17844.550800652,23,rising
17844.550805300,23,rising
17844.550814374,23,rising
17844.550819078,23,falling
17844.550887263,23,falling
17844.550920022,23,falling
17844.550924707,23,falling
17844.550931726,23,falling
17844.550936559,23,falling
17844.550983078,23,falling
17844.551013355,23,falling
17844.551057040,23,rising
17844.551064429,23,rising
17844.551068596,23,falling
17844.551115077,23,falling
17844.551119337,23,falling
17844.551137892,23,falling
17844.551153670,23,falling
17844.551164022,23,falling
17844.551168207,23,falling
17844.551177670,23,rising
17844.552738929,24,falling
17844.552792595,24,falling
17844.552798836,24,falling
17844.552804744,24,rising
17844.552810577,24,falling
17844.552815244,24,falling
17844.552821836,24,rising
17844.552826818,24,falling
17844.552831781,24,falling
17844.552855855,24,rising
17844.552861355,24,falling
17844.552866373,24,falling
17844.552870966,24,falling
17844.552877966,24,falling
17844.552887743,24,falling
17844.552910336,24,falling
17844.553056410,23,falling
17844.553065632,23,falling
17844.553072873,23,falling
17844.553077114,23,falling
17844.553086151,23,falling
17844.553105929,23,falling
17844.553254206,23,falling
17844.553254966,24,falling
17844.553293299,24,falling
17844.553292521,23,falling
17844.553297947,23,falling
17844.553298299,24,falling
17844.553311021,23,falling
17844.553311780,24,falling
17844.553464206,23,falling
17844.553512447,23,falling
17844.553513206,24,falling
17844.553559280,24,falling
17844.553558540,23,falling
17844.553563891,23,falling
17844.553564243,24,falling
17844.553584465,23,falling
17844.553585243,24,falling
17844.553597947,23,falling
17844.553598725,24,falling
17844.553646021,23,falling
17844.553646725,24,falling
17844.553661058,24,falling
17844.553660280,23,falling
17844.553665632,23,falling
17844.553705465,23,falling
17844.553706151,24,falling
17844.553882391,24,rising
17844.553881613,23,falling
17844.553887317,24,rising
17844.553886984,23,falling
17844.553891947,24,rising
17844.553905243,24,falling
17844.553910650,23,falling
17844.553916188,24,rising
17844.553926373,23,falling
17844.553922484,24,falling
17844.553937373,23,falling
17844.553937725,24,falling
17844.553966039,23,falling
17844.553966799,24,falling
17844.553973539,24,falling
17844.553973188,23,falling
17844.553979188,24,falling
17844.553978743,23,falling
17844.553986725,24,falling
17844.553986354,23,falling
17844.553991762,24,rising
17844.553991391,23,rising
17844.553996762,24,rising
17844.553996410,23,rising
17844.554062410,23,rising
17844.554063113,24,rising
17844.554071058,24,falling
17844.554070299,23,falling
17844.554075984,24,falling
17844.554075632,23,falling
17844.554080947,24,rising
17844.554086428,24,falling
17844.554090632,23,falling
17844.554094336,24,falling
17844.554099336,24,falling
17844.554103928,24,falling
17844.554103576,23,falling
17844.554109632,24,rising
17844.554109280,23,rising
17844.554114595,24,falling
17844.554114243,23,falling
17844.554399854,23,falling
17844.554400632,24,falling
17844.554411558,23,rising
17844.554412317,24,rising
17844.554420354,23,falling
17844.554421113,24,falling
17844.554432947,23,rising
17844.554433687,24,rising
17844.554439761,24,falling
17844.554444502,24,falling
17844.554444150,23,falling
17844.554450187,24,falling
17844.554449835,23,falling
17844.554454817,23,falling
17844.554462521,24,falling
17844.554461817,23,falling
17844.554467169,23,falling
17844.554467521,24,falling
17844.554474243,23,falling
17844.554474632,24,falling
17844.554491539,23,falling
17844.554492650,24,falling
17844.554497650,23,rising
17844.554498724,24,rising
17844.554502743,23,falling
17844.554503891,24,falling
17844.554508928,23,falling
17844.554509984,24,rising
17844.554514947,23,rising
17844.554515984,24,rising
17844.554523539,23,falling
17844.554524632,24,falling
17844.554529650,23,falling
17844.554530743,24,falling
17844.554536817,23,falling
17844.554537910,24,falling
17844.554543058,23,falling
17844.554544095,24,falling
17844.554549150,23,rising
17844.554550261,24,rising
17844.554555706,24,falling
17844.554555206,23,falling
17844.554562410,23,falling
17844.554563428,24,falling
17844.554568798,23,falling
17844.554569817,24,rising
17844.554584317,24,falling
17844.554576187,23,falling
17844.554589280,23,falling
17844.554606150,23,falling
17844.554607298,24,falling
17844.554622113,24,falling
17844.554627354,24,falling
17844.554631891,24,falling
17844.554626187,23,falling
17844.554631539,23,falling
17844.554743835,23,falling
17844.554750484,23,rising
17844.554751595,24,falling
17844.554756484,23,falling
17844.554757595,24,falling
17844.554771002,23,falling
17844.554772095,24,falling
17844.554777928,23,falling
17844.554783946,23,falling
17844.554785002,24,falling
17844.554791298,23,falling
17844.554799132,24,falling
17844.554798132,23,falling
17844.554806113,24,rising
17844.554840761,23,rising
17844.554846650,23,falling
17844.554851298,23,falling
17844.554856687,23,rising
17844.554872132,23,rising
17844.554894020,23,falling
17844.554898687,23,falling
17844.554903354,23,rising
17844.554907909,23,falling
17844.554913354,23,falling
17844.554948113,23,falling
17844.554952798,23,falling
17844.554957409,23,rising
17844.554963595,23,falling
17844.554968132,23,falling
17844.554977558,23,rising
17844.554982243,23,falling
17844.554986891,23,falling
17844.555135669,23,falling
17844.555142965,23,rising
17844.555147539,23,falling
17844.555152113,23,falling
17844.555158502,23,falling
17844.555163132,23,rising
17844.555167983,23,falling
17844.555172632,23,falling
17844.555177243,23,falling
17844.555184761,23,falling
17844.555189465,23,falling
17844.555194650,23,rising
17844.555199335,23,falling
17844.555203983,23,falling
17844.555208669,23,falling
17844.555213354,23,falling
17844.555217946,23,falling
17844.555248113,23,falling
17844.555272335,23,falling
17844.555279798,23,rising
17844.555284706,23,rising
17844.555289261,23,rising
17844.556643909,24,falling
17844.556729853,24,falling
17844.556971409,24,rising
17844.556979483,24,falling
17844.556984168,24,falling
17844.556988964,24,falling
17844.557009742,24,rising
17844.557014390,24,rising
17844.557019279,24,rising
17844.557031075,24,falling
17844.557035279,24,falling
17844.557043890,24,falling
17844.557056242,24,falling
17844.557065575,24,falling
17844.557070742,24,falling
17844.557083168,24,falling
17844.557105131,23,falling
17844.557156816,23,rising
17844.557161834,23,falling
17844.557166723,23,falling
17844.557310390,23,rising
17844.557311427,24,rising
17844.557329797,23,falling
17844.557330853,24,falling
17844.557335075,23,falling
17844.557336112,24,falling
17844.557344075,23,rising
17844.557345131,24,rising
17844.557349297,23,rising
17844.557353816,24,rising
17844.557358038,23,rising
17844.557359075,24,rising
17844.557364371,23,rising
17844.557365427,24,rising
17844.557373186,23,falling
17844.557374242,24,falling
17844.557386464,23,falling
17844.557387501,24,falling
17844.557392705,24,falling
17844.557391649,23,falling
17844.557398427,24,falling
17844.557397723,23,falling
17844.557411797,23,rising
17844.557412834,24,rising
17844.557416575,23,rising
17844.557432964,23,falling
17844.557434020,24,falling
17844.557439001,23,falling
17844.557446705,24,falling
17844.557446168,23,falling
17844.557543797,23,falling
17844.557544834,24,falling
17844.557570779,23,falling
17844.557571834,24,falling
17844.557577927,23,falling
17844.557579001,24,falling
17844.557585131,23,falling
17844.557595797,23,rising
17844.557596816,24,rising
17844.557600538,23,falling
17844.557604612,23,rising
17844.557605112,24,rising
17844.557609760,23,falling
17844.557610853,24,falling
17844.557616131,23,falling
17844.557617149,24,falling
17844.557669742,23,rising
17844.557670797,24,rising
17844.557688260,23,rising
17844.557689297,24,rising
17844.557694519,24,rising
17844.557693482,23,rising
17844.557699686,23,falling
17844.557706001,23,falling
17844.557712260,23,falling
17844.557706556,24,rising
17844.557713056,24,falling
17844.557720686,23,rising
17844.557721723,24,rising
17844.557725834,23,falling
17844.557726871,24,falling
17844.557730742,23,falling
17844.557736297,23,falling
17844.557736816,24,falling
17844.557741464,23,rising
17844.557742964,24,rising
17844.557746890,23,falling
17844.557752260,24,falling
17844.557751742,23,falling
17844.557767186,23,falling
17844.557768223,24,rising
17844.557772464,23,rising
17844.557773501,24,rising
17844.557778001,23,rising
17844.557784001,24,falling
17844.557791297,23,falling
17844.557791649,24,falling
17844.557813686,23,falling
17844.557814723,24,falling
17844.557842668,23,falling
17844.557843705,24,falling
17844.557864723,23,falling
17844.557865760,24,falling
17844.557879260,23,rising
17844.557880297,24,falling
17844.557884501,23,falling
17844.557885538,24,falling
17844.557889427,23,falling
17844.557894853,24,rising
17844.557894316,23,rising
17844.557908297,23,rising
17844.557909334,24,rising
17844.557913519,23,falling
17844.557914575,24,falling
17844.557918482,23,falling
17844.557923408,23,rising
17844.557927575,23,rising
17844.557928371,24,falling
17844.557932871,23,rising
17844.557933890,24,rising
17844.557937797,23,falling
17844.557942445,23,falling
17844.557943482,24,falling
17844.557947649,23,falling
17844.557952964,24,falling
17844.557958001,23,falling
17844.557958353,24,falling
17844.558007612,23,falling
17844.558008649,24,falling
17844.558041538,23,falling
17844.558042593,24,falling
17844.558046779,23,rising
17844.558047834,24,rising
17844.558051742,23,rising
17844.558052760,24,falling
17844.558058816,23,rising
17844.558064167,24,rising
17844.558063630,23,rising
17844.558074834,24,rising
17844.558073797,23,rising
17844.558084427,23,falling
17844.558085464,24,falling
17844.558091686,23,falling
17844.558092779,24,falling
17844.558096427,23,falling
17844.558107167,23,rising
17844.558108204,24,rising
17844.558112445,23,falling
17844.558113482,24,falling
17844.558126612,23,falling
17844.558127649,24,falling
17844.558132890,24,falling
17844.558131853,23,falling
17844.558138334,23,falling
17844.558139371,24,falling
17844.558143575,23,falling
17844.558144630,24,falling
17844.558148538,23,falling
17844.558153316,23,falling
17844.558157927,23,falling
17844.558153834,24,falling
17844.558166982,23,rising
17844.558189538,24,falling
17844.558189056,23,falling
17844.558219390,24,falling
17844.558229278,23,falling
17844.558240982,23,falling
17844.558241482,24,rising
17844.558245964,23,rising
17844.558253167,24,rising
17844.558259167,23,falling
17844.558271853,23,falling
17844.558267186,24,falling
17844.558276778,23,rising
17844.558281390,23,falling
17844.558281927,24,rising
17844.558286427,23,falling
17844.558287890,24,falling
17844.558291778,23,falling
17844.558297204,23,rising
17844.558298241,24,rising
17844.558302501,23,falling
17844.558303556,24,falling
17844.558308001,23,falling
17844.558313167,24,falling
17844.558318797,23,falling
17844.558324112,23,falling
17844.558324649,24,falling
17844.558331538,23,falling
17844.558332593,24,falling
17844.558337871,24,falling
17844.558336834,23,falling
17844.558447204,23,falling
17844.558448241,24,falling
17844.558452371,23,falling
17844.558453390,24,falling
17844.558457352,23,falling
17844.558463038,24,falling
17844.558462519,23,falling
17844.558520408,23,falling
17844.558521464,24,falling
17844.558527501,23,falling
17844.558529075,24,falling
17844.558585130,23,falling
17844.558586186,24,falling
17844.558610019,24,rising
17844.558614760,23,rising
17844.558615149,24,rising
17844.558634630,23,rising
17844.558635519,24,rising
17844.558658871,24,falling
17844.558658075,23,falling
17844.558663926,24,falling
17844.558671741,23,falling
17844.558672149,24,falling
17844.558684130,24,rising
17844.558683371,23,falling
17844.558688760,23,rising
17844.558695093,23,rising
17844.558703963,23,rising
17844.558707852,23,falling
17844.558714945,23,falling
17844.558729149,23,rising
17844.558764315,23,falling
17844.558769612,23,falling
17844.558775186,23,rising
17844.558806908,23,rising
17844.558821519,23,falling
17844.558950723,23,falling
17844.558958167,23,falling
17844.558962315,23,falling
17844.558969315,23,rising
17844.558973482,23,falling
17844.558977334,23,falling
17844.558983649,23,falling
17844.558992760,23,falling
17844.559004241,23,rising
17844.559012815,23,falling
17844.559018778,23,falling
17844.559027537,23,rising
17844.559030167,23,rising
17844.559049704,23,rising
17844.559058389,23,rising
17844.559066297,23,falling
17844.559073815,23,falling
17844.559079000,23,falling
17844.559084482,23,falling
17844.559088649,23,falling
17844.559103149,23,falling
17844.559108408,23,falling
17844.559116611,23,falling
17844.559122352,23,falling
17844.559129056,23,falling
17844.559133241,23,rising
17844.559138186,23,falling
17844.559145704,23,rising
17844.559157297,23,rising
17844.559165611,23,rising
17844.559179111,23,rising
17844.559203297,23,rising
17844.560424981,24,falling
17844.560535611,24,falling
17844.560540352,24,falling
17844.560546204,24,falling
17844.560550870,24,falling
17844.560555518,24,rising
17844.560559463,24,falling
17844.560567685,24,rising
17844.560572426,24,falling
17844.560577481,24,falling
17844.560586759,24,falling
17844.560592333,24,falling
17844.560637333,24,falling
17844.560655629,24,falling
17844.560660296,24,falling
17844.560665963,24,falling
17844.560716148,24,falling
17844.560746000,24,falling
17844.560755074,24,falling
17844.560759759,24,falling
17844.560764537,24,falling
17844.560768574,24,rising
17844.560773240,24,rising
17844.560777981,24,falling
17844.560793703,24,falling
17844.560799796,24,rising
17844.560804481,24,rising
17844.560810740,24,falling
17844.560815444,24,rising
17844.560820277,24,falling
17844.560873222,24,rising
17844.560877981,24,falling
17844.560885296,24,falling
17844.560889981,24,falling
17844.560896352,24,falling
17844.560904111,24,falling
17844.560921055,24,falling
17844.560925926,24,falling
17844.560936389,24,falling
17844.560941759,24,falling
17844.560941000,23,falling
17844.560946555,23,falling
17844.560957907,23,falling
17844.560958592,24,falling
17844.560975037,23,falling
17844.560975814,24,falling
17844.560985407,24,falling
17844.560984648,23,falling
17844.560990352,24,rising
17844.560990000,23,rising
17844.560995352,24,falling
17844.561005296,24,falling
17844.561004963,23,falling
17844.561010129,24,rising
17844.561009703,23,rising
17844.561015111,24,falling
17844.561014740,23,rising
17844.561020092,24,falling
17844.561024703,23,falling
17844.561035592,23,falling
17844.561036277,24,falling
17844.561265444,24,rising
17844.561264648,23,rising
17844.561270259,23,rising
17844.561276685,23,rising
17844.561277388,24,rising
17844.561283648,24,falling
17844.561287814,23,falling
17844.561288259,24,falling
17844.561295203,23,falling
17844.561295592,24,falling
17844.561303518,24,rising
17844.561303111,23,falling
17844.561309518,24,falling
17844.561309037,23,falling
17844.561314222,24,rising
17844.561319000,23,rising
17844.561319370,24,falling
17844.561326666,24,falling
17844.561325388,23,falling
17844.561341092,23,falling
17844.561341833,24,falling
17844.561476962,23,rising
17844.561477666,24,falling
17844.561482574,23,falling
17844.561482962,24,falling
17844.561509814,23,falling
17844.561510574,24,falling
17844.561529648,23,falling
17844.561530425,24,falling
17844.561537703,23,falling
17844.561538462,24,falling
17844.561567351,23,falling
17844.561568129,24,falling
17844.561754222,24,rising
17844.561753462,23,rising
17844.561758833,23,rising
17844.561773351,23,falling
17844.561774055,24,falling
17844.561781185,23,rising
17844.561781962,24,rising
17844.561792073,23,falling
17844.561792833,24,rising
17844.561797499,23,falling
17844.561797851,24,falling
17844.561804685,23,rising
17844.561805444,24,rising
17844.561823703,24,rising
17844.561822944,23,rising
17844.561828351,23,rising
17844.561828777,24,rising
17844.561835185,23,rising
17844.561835962,24,rising
17844.561889944,24,falling
17844.561889185,23,falling
17844.561894629,23,falling
17844.561901036,23,rising
17844.561901722,24,rising
17844.561913518,23,falling
17844.561914222,24,falling
17844.561922203,24,falling
17844.561921518,23,falling
17844.561926851,23,falling
17844.561927184,24,falling
17844.561964740,24,falling
17844.561963981,23,rising
17844.561969351,23,falling
17844.561969684,24,falling
17844.562071147,24,falling
17844.562127073,24,rising
17844.562126314,23,rising
17844.562135277,23,rising
17844.562136036,24,rising
17844.562142888,23,rising
17844.562143258,24,falling
17844.562149629,24,falling
17844.562149277,23,falling
17844.562155536,24,falling
17844.562160258,23,rising
17844.562160610,24,rising
17844.562175499,24,falling
17844.562174407,23,falling
17844.562191036,23,falling
17844.562192092,24,falling
17844.562198240,23,falling
17844.562199295,24,falling
17844.562220481,23,falling
17844.562221573,24,falling
17844.562226351,23,falling
17844.562226888,24,falling
17844.562232907,23,falling
17844.562233999,24,falling
17844.562238944,23,falling
17844.562240110,24,falling
17844.562248925,23,falling
17844.562250055,24,falling
17844.562254944,23,falling
17844.562259610,23,falling
17844.562260684,24,rising
17844.562265555,23,falling
17844.562267018,24,falling
17844.562271851,23,falling
17844.562272981,24,falling
17844.562277851,23,falling
17844.562278981,24,rising
17844.562283870,23,rising
17844.562284981,24,falling
17844.562289851,23,rising
17844.562290981,24,falling
17844.562295832,23,rising
17844.562296944,24,rising
17844.562301795,23,rising
17844.562308110,23,rising
17844.562309221,24,falling
17844.562314129,23,falling
17844.562315314,24,falling
17844.562320203,23,falling
17844.562326999,23,falling
17844.562328110,24,rising
17844.562332999,23,falling
17844.562334055,24,falling
17844.562359147,23,falling
17844.562360277,24,falling
17844.562376888,23,rising
17844.562378018,24,rising
17844.562390369,23,falling
17844.562391499,24,falling
17844.562403073,23,rising
17844.562404203,24,falling
17844.562409055,23,falling
17844.562410147,24,falling
17844.562415055,23,rising
17844.562416166,24,rising
17844.562439518,23,falling
17844.562440666,24,falling
17844.562445555,23,falling
17844.562446666,24,falling
17844.562451536,23,falling
17844.562452647,24,falling
17844.562457536,23,rising
17844.562458647,24,falling
17844.562463499,23,falling
17844.562464610,24,rising
17844.562469481,23,rising
17844.562470555,24,rising
17844.562476851,23,falling
17844.562477962,24,falling
17844.562489555,23,falling
17844.562490592,24,falling
17844.562496536,23,falling
17844.562497629,24,falling
17844.562503610,23,falling
17844.562504647,24,falling
17844.562509703,23,rising
17844.562510740,24,rising
17844.562517147,23,falling
17844.562518221,24,falling
17844.562523147,23,falling
17844.562524184,24,falling
17844.562568684,24,rising
17844.562596166,23,falling
17844.562601777,23,falling
17844.562606684,23,rising
17844.562626332,23,falling
17844.562632925,23,rising
17844.562637888,23,falling
17844.562644110,23,falling
17844.562648758,23,falling
17844.562654332,23,falling
17844.562658906,23,falling
17844.562663555,23,falling
17844.562668277,23,rising
17844.562672851,23,rising
17844.562677740,23,falling
17844.562682295,23,rising
17844.562686906,23,falling
17844.562691499,23,falling
17844.562696110,23,rising
17844.562701277,23,falling
17844.562705962,23,falling
17844.562711814,23,rising
17844.562716443,23,rising
17844.562727795,23,rising
17844.562743666,23,falling
17844.562748388,23,rising
17844.562753055,23,falling
17844.562757647,23,falling
17844.562770480,23,falling
17844.562775277,23,falling
17844.562781721,23,falling
17844.562789240,23,rising
17844.562794203,23,rising
17844.562798851,23,rising
17844.562803462,23,falling
17844.562810221,23,rising
17844.562823869,23,falling
17844.562828610,23,rising
17844.562835332,23,falling
17844.562840017,23,rising
17844.562846462,23,rising
17844.562851332,23,rising
17844.562855999,23,rising
17844.562864203,23,falling
17844.562868888,23,falling
17844.562873480,23,rising
17844.562878017,23,falling
17844.562884610,23,rising
17844.562889240,23,rising
17844.564715998,24,falling
17844.565466257,23,falling
17844.565485572,23,falling
17844.565739368,24,rising
17844.565747720,24,rising
17844.565752479,24,rising
17844.565759739,24,falling
17844.565764405,24,falling
17844.565771313,24,falling
17844.565778850,24,falling
17844.565784553,24,falling
17844.565792794,24,falling
17844.565835442,24,falling
17844.565841053,24,falling
17844.565845776,24,falling
17844.565857331,24,falling
17844.565868164,24,falling
17844.565872887,24,falling
17844.565921646,24,falling
17844.565926405,24,falling
17844.565931035,24,falling
17844.565936553,24,falling
17844.566000405,24,falling
17844.566076146,24,falling
17844.566087775,24,falling
17844.566618831,24,rising
17844.566625516,24,rising
17844.566630609,24,falling
17844.566635294,24,falling
17844.566639942,24,falling
17844.566746460,24,rising
17844.566751257,24,falling
17844.566755960,24,falling
17844.567057571,24,falling
17844.567064460,24,falling
17844.567069386,24,rising
17844.567073997,24,rising
17844.567595090,23,rising
17844.569431941,24,falling
17844.570149200,23,falling
17844.570881329,24,rising
17844.570886107,24,falling
17844.570892551,24,falling
17844.570897348,24,falling
17844.570968625,24,falling
17844.570974218,24,falling
17844.570978959,24,falling
17844.570991848,24,rising
17844.570996903,24,rising
17844.571001570,24,falling
17844.571010385,24,falling
17844.571356218,24,falling
17844.571360959,24,falling
17844.571365977,24,falling
17844.571444625,24,falling
17844.571453181,24,falling
17844.571457866,24,falling
17844.571467459,24,falling
17844.571472199,24,rising
17844.571477718,24,falling
17844.571484385,24,falling
17844.571491477,24,rising
17844.571496162,24,rising
17844.571505236,24,falling
17844.571509866,24,falling
17844.571514570,24,falling
17844.571519255,24,falling
17844.571523959,24,falling
17844.572047107,24,falling
17844.572067866,24,rising
17844.572073347,24,falling
17844.572276440,24,rising
17844.572281144,24,rising
17844.572286847,24,falling
17844.572386736,23,falling
17844.572393032,23,falling
17844.572399310,23,falling
17844.572415273,23,falling
17844.572419884,23,falling
17844.572433829,23,falling
17844.572711514,24,rising
17844.573141439,23,rising
17844.576073049,24,falling
17844.576079494,24,falling
17844.576107364,24,falling
17844.576231623,24,falling
17844.576845345,23,rising
17844.576850049,23,rising
17844.576857605,23,falling
17844.576862271,23,rising
17844.576866901,23,rising
17844.576870957,23,rising
17844.576877383,23,rising
17844.576883364,23,falling
17844.576888012,23,falling
17844.576893271,23,falling
17844.576898049,23,falling
17844.578961863,24,falling
17844.578967567,24,falling
17844.578974697,24,rising
17844.578981234,24,rising
17844.579006493,24,falling
17844.579015085,24,falling
17844.579019808,24,falling
17844.580245492,24,falling
17844.580251455,24,rising
17844.580256863,24,rising
17844.580261622,24,rising
17844.580266307,24,rising
17844.580855381,23,rising
17844.585283731,24,falling
17844.586090379,23,falling
17844.586112749,23,falling
17844.586120898,23,falling
17844.586125546,23,falling
17844.591277859,24,rising
17844.592607136,23,rising
17844.602440002,24,falling
17844.605153724,23,falling
17844.618466959,24,rising
17844.624043828,23,rising
17844.787369636,24,falling
17844.787377043,24,falling
17844.787382173,24,falling
17844.787387080,24,falling
17844.787397784,24,rising
17844.787402451,24,falling
17844.788434043,23,falling
17844.793891633,24,rising
17844.795758744,23,rising
17844.799057354,24,falling
17844.800557353,23,falling
17844.800566705,23,falling
17844.800574168,23,falling
17844.801068908,24,rising
17844.801074353,24,rising
17844.801082594,24,falling
17844.801088742,24,falling
17844.801093408,24,falling
17844.801104482,24,falling
17844.801109742,24,falling
17844.802333130,24,falling
17844.802339241,24,rising
17844.802350371,24,falling
17844.802356112,24,falling
17844.802365667,24,falling
17844.803143889,24,rising
17844.803833426,23,falling
17844.804406852,23,rising
17844.804411685,23,rising
17844.806224499,24,rising
17844.806228666,24,rising
17844.806235536,24,falling
17844.806242369,24,falling
17844.806923684,24,falling
17844.807197443,23,falling
17844.807448536,24,falling
17844.807453054,24,rising
17844.807457165,24,falling
17844.807461943,24,falling
17844.807870461,24,falling
17844.808051646,24,falling
17844.808061258,24,falling
17844.808084924,23,falling
17844.808091758,23,falling
17844.808097480,24,rising
17844.808102054,24,falling
17844.808107183,24,falling
17844.808129461,23,falling
17844.808176239,23,falling
17844.808230054,23,rising
17844.808234702,23,falling
17844.808465702,23,rising
17844.808470813,23,falling
17844.808476368,23,falling
17844.808492109,23,falling
17844.808510683,24,falling
17844.808764942,23,falling
17844.808771831,23,falling
17844.808785368,23,falling
17844.808794368,23,rising
17844.808799054,23,falling
17844.808805887,23,falling
17844.808811591,24,falling
17844.808819720,23,falling
17844.808824998,23,falling
17844.808829628,23,rising
17844.808834276,23,falling
17844.808843739,23,falling
17844.808856794,23,rising
17844.808861461,23,falling
17844.808881683,23,falling
17844.808887572,23,falling
17844.808920313,23,rising
17844.808925368,23,falling
17844.808932109,23,falling
17844.808941442,23,falling
17844.808947479,23,falling
17844.808952091,23,falling
17844.808956739,24,rising
17844.808961405,23,rising
17844.808968424,23,rising
17844.808973109,23,rising
17844.808977702,23,falling
17844.808983905,23,falling
17844.808985128,24,rising
17844.808989813,24,rising
17844.808994646,24,rising
17844.809006109,23,rising
17844.809007479,24,rising
17844.809011646,23,falling
17844.809012720,24,rising
17844.809017702,23,falling
17844.809018776,24,falling
17844.809025405,23,falling
17844.809026461,24,falling
17844.809042387,24,falling
17844.809047128,24,falling
17844.809052905,24,falling
17844.809064183,24,rising
17844.809073590,24,falling
17844.809078831,24,falling
17844.809127516,24,rising
17844.809398368,23,falling
17844.809608090,23,falling
17844.809692127,23,rising
17844.811833571,24,rising
17844.811839960,24,rising
17844.811860904,24,rising
17844.811865349,24,falling
17844.811870034,24,falling
17844.811876330,24,falling
17844.811921552,24,falling
17844.812160867,24,rising
17844.812165682,24,falling
17844.812171978,24,rising
17844.812176182,24,rising
17844.812185793,24,rising
17844.812194478,24,falling
17844.812397682,24,rising
17844.812401997,24,falling
17844.812432774,24,rising
17844.812439608,24,rising
17844.812454034,24,rising
17844.812453126,23,rising
17844.812462274,23,falling
17844.812463330,24,falling
17844.812468441,24,falling
17844.812467404,23,falling
17844.812473552,23,falling
17844.812474182,24,falling
17844.812480367,23,rising
17844.812481441,24,rising
17844.812492311,23,falling
17844.812493348,24,falling
17844.812498571,24,falling
17844.812497534,23,falling
17844.812502608,23,rising
17844.812508534,23,rising
17844.812512830,24,falling
17844.812516571,23,falling
17844.812521145,23,falling
17844.812521663,24,falling
17844.812526052,23,falling
17844.812528515,24,falling
17844.812548034,23,falling
17844.812549071,24,falling
17844.812621404,23,falling
17844.812622422,24,falling
17844.812629404,23,falling
17844.812630441,24,falling
17844.812634626,23,falling
17844.812639256,24,falling
17844.812667589,23,falling
17844.812668663,24,falling
17844.812892422,23,falling
17844.812893496,24,falling
17844.812899274,23,falling
17844.812900367,24,falling
17844.812916533,23,falling
17844.812921200,23,falling
17844.812922237,24,falling
17844.812926348,23,falling
17844.812927793,24,falling
17844.812931682,23,falling
17844.812937663,23,falling
17844.812938700,24,falling
17844.812942904,23,falling
17844.812948570,23,falling
17844.812949589,24,falling
17844.812977922,23,falling
17844.813015200,23,rising
17844.813019885,23,falling
17844.813052441,23,falling
17844.813057070,23,falling
17844.813061663,23,falling
17844.813066570,23,falling
17844.813076922,23,falling
17844.813082052,23,falling
17844.813086682,23,falling
17844.813147404,23,falling
17844.813148459,24,falling
17844.813175274,23,falling
17844.813450755,23,falling
17844.813451867,24,falling
17844.813505996,23,rising
17844.813507107,24,falling
17844.813512015,23,rising
17844.813513107,24,rising
17844.813517996,23,rising
17844.813527292,24,rising
17844.813526941,23,falling
17844.813533941,24,rising
17844.813533367,23,rising
17844.813539607,24,rising
17844.813539070,23,rising
17844.813549015,23,falling
17844.813550126,24,falling
17844.813556996,23,rising
17844.813558070,24,falling
17844.813562996,23,rising
17844.813564089,24,falling
17844.813569144,23,rising
17844.813570237,24,falling
17844.813575089,23,falling
17844.813576181,24,falling
17844.813595015,23,rising
17844.813600237,23,falling
17844.813601348,24,falling
17844.813606237,23,rising
17844.813622107,23,rising
17844.813631885,23,falling
17844.813636644,23,falling
17844.813641274,23,falling
17844.813645904,23,falling
17844.813732107,24,falling
17844.813784904,23,falling
17844.813785978,24,falling
17844.813907903,23,falling
17844.813908996,24,falling
17844.813913848,23,falling
17844.813914940,24,falling
17844.814056792,24,rising
17844.814354088,23,falling
17844.814358792,23,rising
17844.814363477,23,falling
17844.814426496,23,falling
17844.814431144,23,falling
17844.814453940,23,falling
17844.814459570,23,rising
17844.816029458,24,falling
17844.816033736,24,falling
17844.816037495,24,falling
17844.816643828,23,falling
17844.816648699,23,falling
17844.816652643,23,falling
17844.816656643,23,falling
17844.816661347,23,falling
17844.816666014,23,falling
17844.816812439,23,falling
17844.816813569,24,falling
17844.816818458,23,falling
17844.816819551,24,falling
17844.817261124,23,falling
17844.817266106,23,rising
17844.817270773,23,rising
17844.817276513,23,rising
17844.817296513,23,falling
17844.817301273,23,falling
17844.817319236,23,falling
17844.817323884,23,falling
17844.817329439,23,falling
17844.817352143,23,rising
17844.817356921,23,rising
17844.817361513,23,falling
17844.817372365,23,falling
17844.817406550,23,rising
17844.817414865,23,rising
17844.817419532,23,falling
17844.817424106,23,falling
17844.817617772,23,falling
17844.817779346,23,rising
17844.817784383,23,falling
17844.817792439,23,falling
17844.817812772,23,falling
17844.817818235,23,falling
17844.817827476,23,falling
17844.817847513,23,falling
17844.817855495,23,rising
17844.817860050,23,falling
17844.817865865,23,falling
17844.817903828,24,falling
17844.817911032,24,falling
17844.818194383,24,rising
17844.818199420,24,rising
17844.818208476,24,rising
17844.818213124,24,rising
17844.818285124,23,falling
17844.818291383,23,falling
17844.818307605,23,rising
17844.818317902,23,rising
17844.818322365,23,falling
17844.818328420,23,falling
17844.818334698,23,falling
17844.818390902,23,falling
17844.818413939,23,rising
17844.818421180,23,rising
17844.818427994,23,rising
17844.818432124,23,rising
17844.818444420,23,rising
17844.818448531,23,rising
17844.818478198,23,rising
17844.818483476,23,rising
17844.818487568,23,falling
17844.818492957,23,falling
17844.818622013,23,rising
17844.820149197,24,falling
17844.820154790,24,falling
17844.820159531,24,falling
17844.820679493,23,falling
17844.821123179,23,falling
17844.821137419,23,falling
17844.821145493,23,falling
17844.821167641,23,falling
17844.821239660,23,falling
17844.821244678,23,falling
17844.821248493,23,falling
17844.821624734,23,rising
17844.821632049,23,falling
17844.821779104,23,falling
17844.822306011,24,rising
17844.822683826,23,rising
17844.824337992,24,falling
17844.824342325,24,falling
17844.824348362,24,falling
17844.824353677,24,rising
17844.824361825,24,rising
17844.824366603,24,falling
17844.824729788,23,falling
17844.825273047,23,falling
17844.825278973,23,falling
17844.825296732,23,falling
17844.825317566,23,falling
17844.825322251,23,falling
17844.825326844,23,falling
17844.825331640,23,falling
17844.825336566,23,falling
17844.825366881,23,falling
17844.825371084,23,falling
17844.825377214,23,falling
17844.825381455,23,rising
17844.825386325,23,falling
17844.825398195,23,falling
17844.825404121,23,falling
17844.825477158,23,rising
17844.825481362,23,falling
17844.825940658,24,falling
17844.825964529,24,falling
17844.826449121,24,falling
17844.826454436,24,falling
17844.826505158,24,rising
17844.826573176,23,falling
17844.826581176,23,falling
17844.826944417,23,rising
17844.828961120,24,falling
17844.829221842,24,falling
17844.829428157,23,rising
17844.829437101,23,falling
17844.831477267,24,falling
17844.831481712,24,falling
17844.831488193,24,falling
17844.831654526,24,rising
17844.832407693,23,falling
17844.832412471,23,falling
17844.832427989,23,falling
17844.832443045,23,falling
17844.832449248,23,falling
17844.832455378,23,rising
17844.832460545,23,falling
17844.832470896,23,falling
17844.832476156,23,rising
17844.832482285,23,rising
17844.835308025,24,falling
17844.835807710,23,falling
17844.838618431,24,rising
17844.839944764,23,rising
17844.839950042,23,falling
17844.839955005,23,falling
17844.839959690,23,falling
17844.839975653,23,falling
17844.839980319,23,falling
17844.839984912,23,rising
17844.843112874,24,falling
17844.843126892,24,falling
17844.844738373,23,falling
17844.844867244,23,falling
17844.844871947,23,falling
17844.848404927,24,rising
17844.850623667,23,falling
17844.850628519,23,falling
17844.850638852,23,falling
17844.850643519,23,falling
17844.850653834,23,falling
17844.850673130,23,falling
17844.850795038,23,falling
17844.850801019,23,rising
17844.855264369,24,falling
17844.858792812,23,falling
17844.862879274,24,rising
17844.862925848,23,falling
17844.864700792,23,falling
17844.864707366,23,falling
17844.864712032,23,falling
17844.864719699,23,rising
17844.869334993,24,falling
17844.869341290,24,falling
17844.869346012,24,falling
17844.872005344,23,rising
17844.872019418,23,falling
17844.877133472,24,rising
17844.878683860,23,rising
17845.073693656,24,falling
17845.080821098,23,falling
17845.080831339,23,falling
17845.087341818,24,rising
17845.089275984,23,rising
17845.093661908,24,falling
17845.093685279,24,falling
17845.093689982,24,falling
17845.093694667,24,falling
17845.095829111,23,rising
17845.095840981,23,falling
17845.095850870,23,falling
17845.098967517,23,falling
17845.098968573,24,falling
17845.098990017,23,falling
17845.098991073,24,falling
17845.099432424,24,rising
17845.099437239,24,rising
17845.099831109,23,falling
17845.099852387,23,rising
17845.099858424,23,falling
17845.099864832,23,rising
17845.099869517,23,rising
17845.099891535,23,falling
17845.099899961,23,falling
17845.100363294,23,rising
17845.102877534,24,falling
17845.102881868,24,falling
17845.102897849,24,rising
17845.102902090,24,falling
17845.103041405,24,falling
17845.104119886,23,rising
17845.104135071,23,falling
17845.105978848,23,falling
17845.106307255,23,falling
17845.106312329,23,falling
17845.106684440,24,falling
17845.106688774,24,rising
17845.107385125,23,rising
17845.109429013,24,falling
17845.109444421,24,falling
17845.109452495,24,falling
17845.109466254,24,falling
17845.109472198,24,rising
17845.109476347,24,falling
17845.109481143,24,falling
17845.110130846,23,rising
17845.110135624,23,falling
17845.110140587,23,rising
17845.110145217,23,falling
17845.110157254,23,falling
17845.110162143,23,rising
17845.110166772,23,falling
17845.110172939,23,rising
17845.110178180,23,falling
17845.110182513,23,falling
17845.111189587,23,falling
17845.111190605,24,falling
17845.111201476,23,falling
17845.111202513,24,falling
17845.111206846,23,falling
17845.111210846,23,falling
17845.111211883,24,falling
17845.111326216,23,falling
17845.111327290,24,falling
17845.111332087,23,falling
17845.111337383,23,falling
17845.111333142,24,falling
17845.111342031,23,falling
17845.111343068,24,falling
17845.111397901,23,falling
17845.111398957,24,falling
17845.112115049,23,falling
17845.112116086,24,falling
17845.112236308,23,falling
17845.112237346,24,rising
17845.112283475,23,falling
17845.112300401,23,falling
17845.112305679,23,rising
17845.112310290,23,falling
17845.112863808,23,rising
17845.112870364,23,falling
17845.112875012,23,falling
17845.112909253,23,falling
17845.112913882,23,falling
17845.112919012,23,falling
17845.112953549,23,falling
17845.112958271,23,rising
17845.112962882,23,rising
17845.114730770,24,falling
17845.115157289,23,rising
17845.115163122,23,falling
17845.115926677,24,falling
17845.115984622,24,falling
17845.115991974,24,falling
17845.116020918,24,falling
17845.116067844,24,falling
17845.116072122,24,falling
17845.116096529,24,rising
17845.116105529,24,falling
17845.116139029,24,falling
17845.116145511,24,rising
17845.116149751,23,rising
17845.116159566,23,falling
17845.116160603,24,falling
17845.116173011,23,falling
17845.116174066,24,falling
17845.116178251,23,falling
17845.116183714,23,falling
17845.116184733,24,falling
17845.116188937,23,falling
17845.116352400,24,rising
17845.116360307,24,falling
17845.116364492,24,falling
17845.116375844,24,falling
17845.116408937,24,falling
17845.116428696,23,falling
17845.116429714,24,falling
17845.116454233,24,rising
17845.116460344,23,falling
17845.116461399,24,rising
17845.116465529,23,falling
17845.116466548,24,falling
17845.116470566,23,falling
17845.116477233,24,rising
17845.116481455,24,rising
17845.116490714,24,rising
17845.116498455,24,rising
17845.116503622,24,falling
17845.116508288,24,falling
17845.116513177,24,falling
17845.116548548,24,falling
17845.116555436,24,falling
17845.116579011,24,falling
17845.116586992,24,falling
17845.116604325,24,falling
17845.116622140,24,falling
17845.116632066,24,falling
17845.116637233,24,falling
17845.116641862,23,falling
17845.116646603,24,falling
17845.116662566,24,falling
17845.116666807,23,falling
17845.116667899,24,falling
17845.116686103,24,falling
17845.116690233,24,falling
17845.116698399,23,falling
17845.116699455,24,falling
17845.116703677,23,falling
17845.116704714,24,falling
17845.117104844,24,rising
17845.117267140,23,falling
17845.117271844,23,falling
17845.117277195,23,falling
17845.117297066,23,falling
17845.117301732,23,falling
17845.117306288,23,rising
17845.117324084,23,falling
17845.117328714,23,falling
17845.117334158,23,falling
17845.117338732,23,falling
17845.117342473,23,falling
17845.117347066,23,rising
17845.117352992,23,rising
17845.117357695,23,falling
17845.117362677,23,rising
17845.117367603,23,falling
17845.117372251,23,falling
17845.117376844,23,falling
17845.117381714,23,falling
17845.117386195,23,rising
17845.117390899,23,rising
17845.117395066,23,rising
17845.117400214,23,rising
17845.117404881,23,rising
17845.117412381,23,falling
17845.117615788,23,rising
17845.117621158,23,rising
17845.119122787,24,falling
17845.119131602,24,falling
17845.119137139,24,falling
17845.119156343,24,falling
17845.119501380,24,falling
17845.119665750,23,falling
17845.119685361,23,falling
17845.119690750,23,rising
17845.119695528,23,rising
17845.119716713,23,rising
17845.119726806,23,rising
17845.119731509,23,falling
17845.119736213,23,falling
17845.119757750,23,falling
17845.119831065,23,falling
17845.119832194,24,falling
17845.119838102,23,falling
17845.119846491,24,falling
17845.119856509,23,falling
17845.119856861,24,falling
17845.119872083,23,falling
17845.119873176,24,falling
17845.119885528,23,falling
17845.119886509,24,falling
17845.119929861,24,rising
17845.119929028,23,falling
17845.119934991,24,rising
17845.119934639,23,falling
17845.119940657,23,rising
17845.119941009,24,rising
17845.119947546,24,falling
17845.119946880,23,falling
17845.119951565,23,falling
17845.119951917,24,falling
17845.119963380,23,falling
17845.119964157,24,falling
17845.119973528,23,falling
17845.119974287,24,falling
17845.120144361,24,falling
17845.120143565,23,falling
17845.120154417,24,rising
17845.120153731,23,rising
17845.120159102,23,falling
17845.120159435,24,falling
17845.120172842,24,falling
17845.120172065,23,falling
17845.120177768,24,falling
17845.120177417,23,falling
17845.120182768,24,falling
17845.120182398,23,falling
17845.120190305,24,rising
17845.120189935,23,falling
17845.120195231,24,rising
17845.120194861,23,rising
17845.120200176,24,falling
17845.120199824,23,falling
17845.120231213,23,falling
17845.120231972,24,falling
17845.120243417,24,falling
17845.120242657,23,falling
17845.120247991,23,falling
17845.120248342,24,falling
17845.120266935,23,falling
17845.120267694,24,falling
17845.120273435,23,falling
17845.120273824,24,rising
17845.120282694,23,rising
17845.120283083,24,falling
17845.120292694,24,falling
17845.120292231,23,falling
17845.120297268,23,falling
17845.120297694,24,falling
17845.120303417,23,falling
17845.120304176,24,falling
17845.120315620,24,falling
17845.120314861,23,falling
17845.120320268,23,falling
17845.120320620,24,falling
17845.120327972,24,falling
17845.120327231,23,rising
17845.120332620,23,falling
17845.120332972,24,falling
17845.120339768,24,falling
17845.120339102,23,falling
17845.120430009,23,falling
17845.120430787,24,falling
17845.120602398,24,falling
17845.120601639,23,falling
17845.120607083,23,falling
17845.120607435,24,falling
17845.120616361,24,falling
17845.120615657,23,falling
17845.120664287,24,falling
17845.120663583,23,falling
17845.120668953,23,falling
17845.120669305,24,falling
17845.120675639,23,falling
17845.120676398,24,falling
17845.120684805,24,falling
17845.120684046,23,falling
17845.120689398,23,falling
17845.120689731,24,falling
17845.120696046,24,falling
17845.120695305,23,rising
17845.120701102,24,falling
17845.120700750,23,falling
17845.120706120,24,falling
17845.120705768,23,falling
17845.120786657,23,falling
17845.120787361,24,falling
17845.120795287,24,falling
17845.120794527,23,falling
17845.120799861,24,rising
17845.120804564,24,falling
17845.120882990,24,falling
17845.120895009,23,falling
17845.120895768,24,falling
17845.120902027,24,falling
17845.120906824,24,falling
17845.120906416,23,falling
17845.120911731,24,rising
17845.120911379,23,rising
17845.120916694,24,falling
17845.120916342,23,falling
17845.120921639,24,rising
17845.120926713,23,rising
17845.120927083,24,rising
17845.120978138,24,falling
17845.120977379,23,falling
17845.120983138,24,falling
17845.120982805,23,falling
17845.120988157,24,falling
17845.120987805,23,falling
17845.121007676,23,falling
17845.121008398,24,falling
17845.121022731,24,falling
17845.121176953,23,falling
17845.121182287,23,falling
17845.121177638,24,falling
17845.121241101,23,falling
17845.121241953,24,falling
17845.121310138,23,falling
17845.121310861,24,falling
17845.121437231,24,falling
17845.121436472,23,falling
17845.121441879,23,falling
17845.121452564,24,rising
17845.121457286,23,falling
17845.121548064,23,falling
17845.121552416,23,falling
17845.121569138,23,falling
17845.121575083,23,rising
17845.121580231,23,falling
17845.121585490,23,falling
17845.121721268,23,falling
17845.121764527,23,falling
17845.121771212,23,rising
17845.121827583,23,rising
17845.121845360,23,falling
17845.121850564,23,falling
17845.121856657,23,falling
17845.121865397,23,falling
17845.121947453,23,falling
17845.121954471,23,falling
17845.121961120,23,falling
17845.122009138,23,rising
17845.123356212,24,falling
17845.123360582,24,falling
17845.123422082,24,falling
17845.123429712,24,falling
17845.123485508,24,rising
17845.123495915,24,falling
17845.123500989,24,falling
17845.123511582,24,rising
17845.123524712,24,falling
17845.123530693,24,rising
17845.123535378,24,rising
17845.123544026,24,falling
17845.123548730,24,falling
17845.123571804,24,falling
17845.123581397,24,falling
17845.123586008,24,falling
17845.123632915,24,falling
17845.123637637,24,falling
17845.123642323,24,falling
17845.123801934,24,falling
17845.123809563,24,rising
17845.123821971,24,falling
17845.123826711,24,rising
17845.123832249,24,falling
17845.123837082,24,falling
17845.123849341,24,rising
17845.123854674,24,rising
17845.123871989,24,rising
17845.123876878,24,falling
17845.123881137,24,falling
17845.123886545,24,falling
17845.123893693,24,falling
17845.123923174,23,rising
17845.123928360,23,falling
17845.123936656,23,rising
17845.123942119,23,rising
17845.123943656,24,falling
17845.123947526,23,rising
17845.123959045,23,falling
17845.123963656,23,falling
17845.123968304,23,rising
17845.123982267,24,rising
17845.123986693,23,rising
17845.123987045,24,falling
17845.123993452,24,rising
17845.123992656,23,rising
17845.123998415,24,falling
17845.123998063,23,rising
17845.124006174,24,rising
17845.124005823,23,rising
17845.124011248,24,rising
17845.124017248,23,falling
17845.124017656,24,falling
17845.124025489,24,falling
17845.124091211,24,falling
17845.124213619,24,falling
17845.124212859,23,falling
17845.124223526,24,falling
17845.124222841,23,falling
17845.124228156,23,falling
17845.124228508,24,rising
17845.124239063,24,rising
17845.124242785,23,rising
17845.124252045,24,falling
17845.124257785,23,falling
17845.124265137,24,falling
17845.124278878,24,falling
17845.124278563,23,falling
17845.124284748,24,rising
17845.124290415,24,falling
17845.124295193,24,rising
17845.124294822,23,rising
17845.124300489,23,falling
17845.124301193,24,falling
17845.124311545,23,falling
17845.124312341,24,falling
17845.124324359,23,falling
17845.124325137,24,falling
17845.124333230,23,rising
17845.124334008,24,rising
17845.124341896,24,falling
17845.124341137,23,falling
17845.124346804,24,falling
17845.124346452,23,falling
17845.124351804,24,falling
17845.124351452,23,falling
17845.124356915,24,falling
17845.124406471,23,falling
17845.124477396,23,falling
17845.124478119,24,falling
17845.124484730,24,falling
17845.124484378,23,falling
17845.124489433,23,falling
17845.124489767,24,falling
17845.124514267,23,falling
17845.124515026,24,falling
17845.124532693,24,rising
17845.124531915,23,rising
17845.124537711,24,falling
17845.124537359,23,falling
17845.124542896,24,rising
17845.124547656,23,falling
17845.124548007,24,falling
17845.124557730,24,falling
17845.124557396,23,rising
17845.124562767,24,falling
17845.124562415,23,falling
17845.124567452,23,falling
17845.124567785,24,falling
17845.124575211,23,falling
17845.124575970,24,falling
17845.124581674,23,falling
17845.124582063,24,falling
17845.124589730,23,falling
17845.124590082,24,falling
17845.124598674,23,falling
17845.124599007,24,falling
17845.124639341,23,falling
17845.124640100,24,falling
17845.124649063,24,falling
17845.124648304,23,rising
17845.124653730,23,falling
17845.124654082,24,falling
17845.124664711,23,falling
17845.124665489,24,falling
17845.124671619,24,falling
17845.124676211,24,rising
17845.124675859,23,rising
17845.124681582,23,falling
17845.124681933,24,falling
17845.124690859,24,rising
17845.124690100,23,falling
17845.124695859,24,falling
17845.124695526,23,falling
17845.124700304,23,falling
17845.124700656,24,falling
17845.124711841,23,rising
17845.124712600,24,rising
17845.124719933,23,falling
17845.124724267,23,rising
17845.124729174,23,rising
17845.124736248,24,falling
17845.124735563,23,falling
17845.124741007,23,falling
17845.124741378,24,falling
17845.124750137,23,falling
17845.124750896,24,falling
17845.124894081,24,falling
17845.124893359,23,falling
17845.124898711,23,falling
17845.124899044,24,falling
17845.124905637,24,rising
17845.124904859,23,falling
17845.124910285,23,falling
17845.124914304,23,rising
17845.124922470,23,rising
17845.124928452,23,falling
17845.124932600,23,falling
17845.124942841,23,falling
17845.124947193,23,falling
17845.124960563,23,falling
17845.124961193,24,falling
17845.124970118,23,falling
17845.124970470,24,falling
17845.124981211,24,falling
17845.124980452,23,falling
17845.124985804,23,falling
17845.125053359,24,falling
17845.125057692,23,falling
17845.125067267,23,falling
17845.125067970,24,falling
17845.125075192,23,falling
17845.125075896,24,falling
17845.125124841,24,falling
17845.125130600,24,falling
17845.125135359,24,falling
17845.125146711,24,falling
17845.125153952,24,falling
17845.125165878,24,falling
17845.125170767,24,falling
17845.125175674,23,falling
17845.125176822,24,rising
17845.125181396,23,falling
17845.125182433,24,rising
17845.125187748,24,falling
17845.125186692,23,falling
17845.125198211,24,falling
17845.125193692,23,falling
17845.125218137,23,falling
17845.125219267,24,falling
17845.125304674,23,rising
17845.125305878,24,falling
17845.125317044,23,rising
17845.125313081,24,falling
17845.125320803,23,rising
17845.125321803,24,rising
17845.125326859,24,falling
17845.125325822,23,rising
17845.125340915,24,rising
17845.125340581,23,falling
17845.125344970,23,falling
17845.125345507,24,rising
17845.125351229,24,rising
17845.125350155,23,rising
17845.125362341,23,rising
17845.125363415,24,rising
17845.125367618,23,rising
17845.125368637,24,rising
17845.125373803,23,rising
17845.125374841,24,rising
17845.125392063,23,falling
17845.125393100,24,rising
17845.125397266,23,rising
17845.125398303,24,rising
17845.125402359,23,falling
17845.125403396,24,falling
17845.125412192,23,rising
17845.125413229,24,rising
17845.125417378,23,falling
17845.125422174,23,rising
17845.125426618,23,rising
17845.125427396,24,falling
17845.125432007,23,rising
17845.125433063,24,rising
17845.125437915,23,falling
17845.125443192,24,falling
17845.125442729,23,falling
17845.125450581,23,falling
17845.125456526,23,falling
17845.125451118,24,falling
17845.125457155,24,falling
17845.125471433,23,falling
17845.125472470,24,falling
17845.125488711,23,falling
17845.125489748,24,falling
17845.125493952,23,falling
17845.125495007,24,falling
17845.125499026,23,falling
17845.125510711,23,falling
17845.125511748,24,falling
17845.125519840,23,falling
17845.125520896,24,falling
17845.125535118,23,falling
17845.125536155,24,falling
17845.125540396,23,falling
17845.125541433,24,falling
17845.125545359,23,falling
17845.125546396,24,falling
17845.125553766,23,rising
17845.125554803,24,rising
17845.125558933,23,rising
17845.125559989,24,rising
17845.125567118,23,falling
17845.125568155,24,falling
17845.125586174,23,falling
17845.125587211,24,rising
17845.125591396,23,rising
17845.125592415,24,rising
17845.125596322,23,falling
17845.125597340,24,rising
17845.125602803,23,falling
17845.125608989,24,falling
17845.125607952,23,falling
17845.125678952,23,falling
17845.125679970,24,rising
17845.125686100,23,rising
17845.125691729,23,falling
17845.125698544,23,falling
17845.125703192,23,falling
17845.125707748,23,falling
17845.125716433,23,falling
17845.125721081,23,falling
17845.125725655,23,falling
17845.125730618,23,falling
17845.125739951,23,falling
17845.125744618,23,falling
17845.125749211,23,falling
17845.125755766,23,falling
17845.125761340,23,falling
17845.125770248,23,falling
17845.125779081,23,falling
17845.125785044,23,rising
17845.125796322,23,rising
17845.125800951,23,falling
17845.125806766,23,falling
17845.125814266,23,falling
17845.125840359,23,falling
17845.125847266,23,falling
17845.125851896,23,falling
17845.125858340,23,falling
17845.125863007,23,falling
17845.125867766,23,falling
17845.125902877,23,rising
17845.125907507,23,falling
17845.125953211,23,falling
17845.125957840,23,falling
17845.126001600,23,rising
17845.127875691,24,falling
17845.128761543,23,falling
17845.128765839,23,rising
17845.128770247,23,falling
17845.128779321,23,falling
17845.128783950,23,falling
17845.128788598,23,falling
17845.128795006,23,falling
17845.128799691,23,rising
17845.128818006,23,falling
17845.128822710,23,falling
17845.128827561,23,falling
17845.128832080,23,falling
17845.128836691,23,falling
17845.129711043,23,falling
17845.129727265,23,falling
17845.129733320,23,falling
17845.130057005,23,falling
17845.130405709,24,rising
17845.130420672,23,falling
17845.130952875,23,rising
17845.132613819,24,falling
17845.133353467,23,falling
17845.133804911,23,falling
17845.133810782,23,falling
17845.134032856,24,falling
17845.134485763,24,falling
17845.134530874,24,falling
17845.134566967,24,falling
17845.135132652,24,falling
17845.135153855,24,falling
17845.135174966,24,falling
17845.135179707,24,rising
17845.135184744,24,falling
17845.135189985,24,falling
17845.135205966,24,falling
17845.135227374,24,falling
17845.135251300,24,falling
17845.135574188,24,rising
17845.136056725,23,rising
17845.138120095,24,falling
17845.138133188,24,falling
17845.138966946,23,falling
17845.139561891,24,falling
17845.139570224,24,rising
17845.139575039,24,rising
17845.139583243,24,falling
17845.139606168,24,rising
17845.139611428,24,rising
17845.139616150,24,falling
17845.140215039,24,falling
17845.140243761,24,falling
17845.140713890,24,falling
17845.140744205,24,rising
17845.140748909,24,rising
17845.140758038,24,rising
17845.140762724,24,rising
17845.140767427,24,falling
17845.140823557,24,falling
17845.140863224,24,falling
17845.141072668,23,falling
17845.141085668,24,falling
17845.141598612,24,rising
17845.141650686,23,falling
17845.141696501,23,falling
17845.141701316,23,falling
17845.141711353,23,falling
17845.141716001,23,rising
17845.141720834,23,rising
17845.141727871,23,falling
17845.142124056,23,rising
17845.145237944,24,falling
17845.145926962,23,falling
17845.145947629,23,falling
17845.145958907,23,rising
17845.145963610,23,rising
17845.145981055,23,rising
17845.145988203,23,falling
17845.145992888,23,falling
17845.145997444,23,falling
17845.147734073,24,falling
17845.147738313,24,falling
17845.147749684,24,falling
17845.149343609,24,falling
17845.149724368,24,rising
17845.150524757,23,rising
17845.158619013,24,falling
17845.158623865,24,falling
17845.159886550,23,falling
17845.159912235,23,falling
17845.171386897,24,rising
17845.340925592,23,rising
17845.357931696,24,rising
17845.357952863,24,rising
17845.358012493,24,falling
17845.358017659,24,falling
17845.358022419,24,rising
17845.358027104,24,rising
17845.358031900,24,rising
17845.358039159,24,rising
17845.358131030,24,falling
17845.358137678,24,falling
17845.358470770,23,falling
17845.358478215,23,falling
17845.358483011,23,falling
17845.364802842,24,rising
17845.365897434,23,rising
17845.369777636,24,falling
17845.370266284,23,falling
17845.370280266,23,falling
17845.370285895,23,falling
17845.371788784,24,falling
17845.371798969,24,falling
17845.372561265,24,falling
17845.372570209,24,falling
17845.372577376,24,falling
17845.372582450,24,falling
17845.372614524,24,falling
17845.372665728,24,falling
17845.372670413,24,falling
17845.372685080,24,falling
17845.372907876,24,rising
17845.372917006,24,falling
17845.372921783,24,falling
17845.372926394,24,falling
17845.372935950,24,rising
17845.372942117,24,rising
17845.372961524,24,rising
17845.372984135,24,falling
17845.372990413,24,falling
17845.373633783,24,rising
17845.374384246,23,rising
17845.374388394,23,rising
17845.376902874,24,falling
17845.377248300,23,falling
17845.377253319,23,falling
17845.377259522,23,falling
17845.377270282,23,falling
17845.377274967,23,falling
17845.377827800,23,falling
17845.377835930,23,rising
17845.377837022,24,falling
17845.377842041,23,falling
17845.377842633,24,rising
17845.377847004,24,falling
17845.377852596,23,falling
17845.377861633,23,falling
17845.377896133,23,falling
17845.377942133,24,falling
17845.378294670,24,falling
17845.378423763,24,falling
17845.378428485,24,falling
17845.378433189,24,falling
17845.378437948,24,rising
17845.378442652,24,rising
17845.378448374,24,rising
17845.378453041,24,falling
17845.378458818,24,rising
17845.378465244,24,falling
17845.378469966,24,falling
17845.378474966,24,rising
17845.378479522,24,falling
17845.378484226,24,falling
17845.378488892,24,rising
17845.378493985,24,falling
17845.378592096,24,falling
17845.378616207,24,falling
17845.378620152,24,falling
17845.378625485,24,falling
17845.378632522,24,falling
17845.378775059,23,falling
17845.378781281,23,falling
17845.378864985,24,falling
17845.378922559,24,falling
17845.378926837,24,falling
17845.379103318,23,falling
17845.379247448,24,falling
17845.379350374,23,falling
17845.379420596,23,falling
17845.379445225,23,falling
17845.379626577,24,rising
17845.379654855,24,falling
17845.379660114,24,rising
17845.379665040,24,falling
17845.379672170,24,rising
17845.379680188,24,falling
17845.379683947,24,falling
17845.379800077,24,rising
17845.379894410,23,rising
17845.382314317,24,rising
17845.382318817,24,falling
17845.382324780,24,falling
17845.382328724,24,rising
17845.382345706,24,falling
17845.382352169,24,falling
17845.382357909,24,falling
17845.382364891,24,falling
17845.382784576,24,falling
17845.383327502,23,falling
17845.383332872,23,falling
17845.383918835,23,rising
17845.383923631,23,falling
17845.383968816,23,falling
17845.384452223,23,falling
17845.384453279,24,falling
17845.384457372,23,falling
17845.384467835,23,falling
17845.384493705,23,falling
17845.384500686,23,falling
17845.384518353,23,falling
17845.384531612,23,falling
17845.384630001,23,falling
17845.384634668,23,rising
17845.384641464,23,rising
17845.384653927,23,falling
17845.384658538,23,rising
17845.384685612,23,rising
17845.384709186,23,rising
17845.384713816,23,falling
17845.384714834,24,falling
17845.384739520,23,falling
17845.384740575,24,falling
17845.384752557,24,falling
17845.384756797,23,falling
17845.384757834,24,falling
17845.384772020,24,falling
17845.384836946,24,rising
17845.384842983,23,falling
17845.385088982,23,rising
17845.385097371,23,rising
17845.385129575,23,falling
17845.385502001,23,rising
17845.385506871,23,rising
17845.386963797,24,falling
17845.386979334,24,rising
17845.386988334,24,rising
17845.386997519,24,rising
17845.387002167,24,falling
17845.387006685,24,falling
17845.387011408,24,falling
17845.387056278,24,falling
17845.387715259,24,falling
17845.387778259,23,falling
17845.388399148,23,falling
17845.388412555,23,rising
17845.388417500,23,falling
17845.388423703,23,falling
17845.388433352,23,falling
17845.388437926,23,falling
17845.388442500,23,falling
17845.388449092,23,falling
17845.388453740,23,falling
17845.388523111,23,rising
17845.388533370,23,falling
17845.388538444,23,falling
17845.388550148,23,rising
17845.388560611,23,falling
17845.388565463,23,rising
17845.388570111,23,rising
17845.388575407,23,falling
17845.388579407,23,rising
17845.388603314,23,rising
17845.388609574,23,falling
17845.388614259,23,rising
17845.388618889,23,rising
17845.388623833,23,falling
17845.388632000,23,falling
17845.388636648,23,falling
17845.388685111,23,falling
17845.388686148,24,falling
17845.388843740,24,falling
17845.388849703,24,falling
17845.388991555,23,rising
17845.388996277,23,rising
17845.389006370,23,falling
17845.389062518,23,falling
17845.389258777,24,rising
17845.389487888,23,rising
17845.389502092,23,rising
17845.389506740,23,rising
17845.389514351,23,rising
17845.389519036,23,rising
17845.389525740,23,falling
17845.389530407,23,falling
17845.389536129,23,falling
17845.389540759,23,falling
17845.389545333,23,falling
17845.389550814,23,falling
17845.389555444,23,rising
17845.389560018,23,falling
17845.389563796,23,falling
17845.389568462,23,falling
17845.389573055,23,falling
17845.389633703,23,falling
17845.389638333,23,rising
17845.389642944,23,falling
17845.389647758,23,falling
17845.389661314,23,rising
17845.389665962,23,falling
17845.389806647,23,rising
17845.389811295,23,rising
17845.391141943,24,falling
17845.391170888,24,falling
17845.391175110,24,falling
17845.391183554,24,falling
17845.391258110,24,rising
17845.391262350,24,falling
17845.391274869,24,falling
17845.391653721,24,falling
17845.391676684,24,falling
17845.391800424,23,falling
17845.391805498,23,falling
17845.391912572,23,falling
17845.391913609,24,falling
17845.391963332,23,falling
17845.391964387,24,falling
17845.391969832,23,falling
17845.391975258,23,falling
17845.391976295,24,falling
17845.391981739,23,falling
17845.391982258,24,falling
17845.392015072,23,falling
17845.392016146,24,falling
17845.392062628,23,falling
17845.392063665,24,falling
17845.392077313,23,rising
17845.392078387,24,rising
17845.392082554,23,falling
17845.392083591,24,falling
17845.392087572,23,falling
17845.392088609,24,falling
17845.392098665,23,rising
17845.392099739,24,rising
17845.392107461,23,rising
17845.392112665,23,falling
17845.392113721,24,falling
17845.392117498,23,falling
17845.392118535,24,falling
17845.392130221,23,falling
17845.392131276,24,falling
17845.392146887,23,falling
17845.392147924,24,falling
17845.392152128,23,rising
17845.392153183,24,rising
17845.392164054,23,falling
17845.392165109,24,falling
17845.392169295,23,falling
17845.392173943,23,rising
17845.392174998,24,rising
17845.392181832,23,falling
17845.392182850,24,falling
17845.392186943,23,rising
17845.392187998,24,rising
17845.392191980,23,falling
17845.392193035,24,falling
17845.392197943,23,falling
17845.392198980,24,falling
17845.392203832,23,falling
17845.392209146,24,falling
17845.392208628,23,falling
17845.392226276,24,falling
17845.392231646,24,rising
17845.392236239,24,falling
17845.392257535,23,falling
17845.392258572,24,falling
17845.392262776,23,rising
17845.392263813,24,rising
17845.392267776,23,falling
17845.392272572,23,falling
17845.392268813,24,rising
17845.392278461,24,falling
17845.392277128,23,falling
17845.392284183,23,falling
17845.392285220,24,falling
17845.392289424,23,falling
17845.392290480,24,falling
17845.392297980,23,falling
17845.392299017,24,falling
17845.392302998,23,falling
17845.392337369,23,falling
17845.392342017,23,falling
17845.392346683,23,rising
17845.392351369,23,rising
17845.392356554,23,falling
17845.392361220,23,falling
17845.392362257,24,falling
17845.392368461,23,falling
17845.392369498,24,falling
17845.392375832,23,falling
17845.392376869,24,falling
17845.392380702,23,falling
17845.392381739,24,falling
17845.392385646,23,falling
17845.392386702,24,falling
17845.392392850,23,falling
17845.392393887,24,falling
17845.392397702,23,falling
17845.392404832,23,falling
17845.392406165,24,falling
17845.392410443,23,falling
17845.392461128,23,falling
17845.392520183,23,falling
17845.392524924,23,falling
17845.392531331,23,falling
17845.392544961,23,falling
17845.392551720,23,falling
17845.392552739,24,falling
17845.392556961,23,falling
17845.392564480,23,falling
17845.392565517,24,falling
17845.392577480,23,falling
17845.392578535,24,falling
17845.392582776,23,falling
17845.392583831,24,rising
17845.392589350,23,falling
17845.392590406,24,falling
17845.392594276,23,falling
17845.392601794,24,falling
17845.392601257,23,falling
17845.392621443,23,falling
17845.392617720,24,falling
17845.392635498,23,falling
17845.392695980,23,falling
17845.392724980,23,falling
17845.392729609,23,falling
17845.392750091,23,rising
17845.392754702,23,falling
17845.392778294,23,falling
17845.392846813,23,falling
17845.392847868,24,falling
17845.392855220,23,falling
17845.392856368,24,falling
17845.392861387,23,falling
17845.392862424,24,falling
17845.392871276,23,falling
17845.392872331,24,falling
17845.392878294,23,falling
17845.392879368,24,falling
17845.392901979,23,falling
17845.392903091,24,falling
17845.392912979,23,falling
17845.392914109,24,falling
17845.392920776,23,falling
17845.392921924,24,falling
17845.392926831,23,falling
17845.392927961,24,falling
17845.392932776,23,falling
17845.392938831,23,falling
17845.392939942,24,falling
17845.393249813,24,rising
17845.393282257,23,falling
17845.393286498,23,falling
17845.393290294,23,falling
17845.393318905,23,falling
17845.393323646,23,falling
17845.393341442,23,rising
17845.393346127,23,rising
17845.393350720,23,falling
17845.393354720,23,falling
17845.393436479,23,falling
17845.393464831,23,falling
17845.393472701,23,falling
17845.393569053,23,falling
17845.393656609,23,rising
17845.395035275,24,rising
17845.395042664,24,falling
17845.395047479,24,rising
17845.395055627,24,rising
17845.395059942,24,falling
17845.395065886,24,rising
17845.395073812,24,rising
17845.395078423,24,falling
17845.395087164,24,rising
17845.395095590,24,falling
17845.395119460,24,falling
17845.395483053,23,falling
17845.396184441,23,falling
17845.396189700,23,falling
17845.396194423,23,rising
17845.396205015,23,rising
17845.396209645,23,rising
17845.396217867,23,falling
17845.396222497,23,falling
17845.396227071,23,falling
17845.396231349,23,falling
17845.396236015,23,rising
17845.396240552,23,falling
17845.396245349,23,falling
17845.396249978,23,falling
17845.396257478,23,falling
17845.396271182,23,falling
17845.396283682,23,falling
17845.396384311,23,falling
17845.396390108,23,falling
17845.396395700,23,falling
17845.396401941,23,falling
17845.396462719,23,falling
17845.396545571,23,rising
17845.396569330,23,falling
17845.396575293,23,falling
17845.396579923,23,rising
17845.396584830,23,rising
17845.396589719,23,falling
17845.396679515,23,falling
17845.396689922,23,falling
17845.396694534,23,falling
17845.396701589,23,falling
17845.396708793,23,falling
17845.396716478,23,falling
17845.396721126,23,rising
17845.396736885,23,falling
17845.396741515,23,falling
17845.396749034,23,falling
17845.396852052,23,falling
17845.396856682,23,falling
17845.396861348,23,falling
17845.396929033,23,falling
17845.396936422,24,falling
17845.396942200,24,rising
17845.396965774,23,falling
17845.396973515,23,rising
17845.396978311,23,rising
17845.396983033,23,falling
17845.396988015,23,rising
17845.396991811,23,falling
17845.396996441,23,rising
17845.397004533,23,falling
17845.397010515,23,falling
17845.397015145,23,falling
17845.397028682,23,falling
17845.397033367,23,falling
17845.397038496,23,falling
17845.397043330,23,falling
17845.397048515,23,falling
17845.397061311,23,falling
17845.397069441,23,falling
17845.397074089,23,falling
17845.397078682,23,falling
17845.397102756,23,rising
17845.397108256,23,rising
17845.397112885,23,falling
17845.397117478,23,falling
17845.397126163,23,rising
17845.397130848,23,rising
17845.397141589,23,rising
17845.397152645,23,falling
17845.397157330,23,rising
17845.397161941,23,falling
17845.397166848,23,rising
17845.397174107,23,falling
17845.397179107,23,rising
17845.397183996,23,falling
17845.397189737,23,falling
17845.397350867,23,rising
17845.398793311,24,falling
17845.398840607,24,falling
17845.398874181,24,falling
17845.398880218,24,falling
17845.398886773,24,falling
17845.398896422,24,falling
17845.399092033,23,falling
17845.399110718,23,falling
17845.399333070,23,rising
17845.399334107,24,rising
17845.399338366,23,falling
17845.399339421,24,falling
17845.399343459,23,rising
17845.399344514,24,falling
17845.399349459,23,falling
17845.399350496,24,falling
17845.399354255,23,falling
17845.399364273,23,falling
17845.399365329,24,falling
17845.399370366,23,rising
17845.399377218,23,falling
17845.399378533,24,falling
17845.399382366,23,falling
17845.399383421,24,falling
17845.399387366,23,falling
17845.399388403,24,falling
17845.399392273,23,rising
17845.399393329,24,rising
17845.399398662,23,rising
17845.399403347,23,falling
17845.399399755,24,falling
17845.399407884,24,falling
17845.399415829,23,falling
17845.399416866,24,falling
17845.399421088,23,falling
17845.399422125,24,falling
17845.399452607,23,falling
17845.399453662,24,falling
17845.399489218,23,falling
17845.399490255,24,falling
17845.399497514,23,falling
17845.399498533,24,falling
17845.399515458,23,falling
17845.399516570,24,falling
17845.399530088,23,falling
17845.399531218,24,falling
17845.399540940,23,falling
17845.399542088,24,falling
17845.399559255,23,falling
17845.399560273,24,falling
17845.399565921,23,falling
17845.399567032,24,falling
17845.399571903,23,falling
17845.399604162,23,falling
17845.399605255,24,rising
17845.399610125,23,falling
17845.399611255,24,falling
17845.399644829,23,falling
17845.399645884,24,falling
17845.399716477,23,falling
17845.399717588,24,falling
17845.399722458,23,falling
17845.399723569,24,falling
17845.399733681,23,falling
17845.399734829,24,falling
17845.399743532,23,falling
17845.399744644,24,falling
17845.399749551,23,falling
17845.399750681,24,falling
17845.399779606,23,falling
17845.399780718,24,falling
17845.399790440,23,falling
17845.399791551,24,falling
17845.399800218,23,falling
17845.399801329,24,falling
17845.399809477,23,falling
17845.399810606,24,falling
17845.399882588,23,falling
17845.399884125,24,falling
17845.399913477,23,falling
17845.399914662,24,falling
17845.399928199,23,falling
17845.399928903,24,falling
17845.399939569,23,falling
17845.399940662,24,falling
17845.399945699,23,falling
17845.399946755,24,falling
17845.399951329,23,falling
17845.399952366,24,rising
17845.399960180,23,falling
17845.399960588,24,falling
17845.400012736,23,falling
17845.400017180,23,falling
17845.400036421,23,falling
17845.400041106,23,rising
17845.400045921,23,rising
17845.400091995,23,falling
17845.400096606,23,falling
17845.400101273,23,falling
17845.400124680,23,rising
17845.400129717,23,falling
17845.400135032,23,falling
17845.400142273,23,falling
17845.400152699,23,falling
17845.400160217,23,falling
17845.400186940,24,rising
17845.400191717,23,falling
17845.400196366,24,rising
17845.400201606,23,falling
17845.400202736,24,falling
17845.400207625,23,falling
17845.400208736,24,falling
17845.400215495,24,falling
17845.400234347,23,falling
17845.400241514,23,falling
17845.400246699,23,falling
17845.400254532,23,falling
17845.400259162,23,rising
17845.400263773,23,falling
17845.400268384,23,falling
17845.400273421,23,falling
17845.400280125,23,falling
17845.400284754,23,falling
17845.400289384,23,falling
17845.400299791,23,falling
17845.400306977,23,rising
17845.400314495,23,rising
17845.400320440,23,falling
17845.400321532,24,falling
17845.400326421,23,rising
17845.400334699,23,falling
17845.400339421,23,rising
17845.400344051,23,rising
17845.400356477,23,rising
17845.400357588,24,falling
17845.400362458,23,rising
17845.400367310,23,rising
17845.400385940,23,falling
17845.400387069,24,falling
17845.400393088,23,rising
17845.400411736,23,rising
17845.400416347,23,falling
17845.400421069,23,falling
17845.400436606,23,falling
17845.400443421,23,falling
17845.400468995,23,falling
17845.400470069,24,falling
17845.400475032,23,falling
17845.400479662,23,falling
17845.400480754,24,falling
17845.400504199,23,rising
17845.400508810,23,falling
17845.400513347,23,rising
17845.400517365,23,falling
17845.400522606,23,falling
17845.400527236,23,falling
17845.400536754,23,falling
17845.400541402,23,rising
17845.400546014,23,falling
17845.400568254,23,falling
17845.400577236,23,falling
17845.400581902,23,rising
17845.400586495,23,falling
17845.400591199,23,rising
17845.400596069,23,falling
17845.400600662,23,rising
17845.400601940,24,falling
17845.400607958,23,falling
17845.400612588,23,rising
17845.400623680,23,rising
17845.400645421,23,rising
17845.400650402,23,falling
17845.400651514,24,falling
17845.400657014,23,rising
17845.400665421,23,rising
17845.400678162,23,rising
17845.400679273,24,rising
17845.400684125,23,rising
17845.400690162,23,falling
17845.400698439,23,falling
17845.400706754,23,rising
17845.400711384,23,falling
17845.400715939,23,falling
17845.400719939,23,falling
17845.400724569,23,falling
17845.400729125,23,rising
17845.400732976,23,falling
17845.400808199,23,falling
17845.400884662,23,falling
17845.400890402,23,falling
17845.400899680,23,falling
17845.400957402,23,falling
17845.400970550,23,rising
17845.400975532,23,rising
17845.400983828,23,rising
17845.400989254,23,rising
17845.400993902,23,rising
17845.400998476,23,falling
17845.401003625,23,falling
17845.401059902,23,falling
17845.401071421,23,falling
17845.401077291,23,falling
17845.401094199,23,rising
17845.401098810,23,falling
17845.401156254,23,falling
17845.401162180,23,falling
17845.401166976,23,falling
17845.401171828,23,falling
17845.401196532,23,falling
17845.401201754,23,rising
17845.402946494,24,falling
17845.403048494,23,falling
17845.403099068,23,rising
17845.403105290,23,falling
17845.403613142,23,falling
17845.403979864,23,falling
17845.403980883,24,falling
17845.403986883,23,falling
17845.403988012,24,falling
17845.403999438,24,falling
17845.403998309,23,falling
17845.404010549,23,rising
17845.404011660,24,falling
17845.404016586,23,falling
17845.404017697,24,falling
17845.404175012,23,rising
17845.404176123,24,falling
17845.404180994,23,falling
17845.404182123,24,rising
17845.404186994,23,falling
17845.404188105,24,falling
17845.404246475,23,falling
17845.404247605,24,falling
17845.404263938,23,falling
17845.404265049,24,falling
17845.404269920,23,falling
17845.404271049,24,falling
17845.404285105,23,falling
17845.404286234,24,falling
17845.404329253,23,falling
17845.404330383,24,falling
17845.404357234,23,falling
17845.404358364,24,falling
17845.404378160,24,falling
17845.404390383,24,falling
17845.404399938,24,falling
17845.404468364,23,falling
17845.404469420,24,falling
17845.404474345,23,falling
17845.404475475,24,falling
17845.404482845,23,falling
17845.404483938,24,falling
17845.404492031,23,falling
17845.404493142,24,falling
17845.404544512,23,rising
17845.404549142,23,rising
17845.404553994,23,falling
17845.404558642,23,rising
17845.404563494,23,falling
17845.404564290,24,falling
17845.404580771,23,falling
17845.404585457,23,falling
17845.404590105,23,falling
17845.404591123,24,falling
17845.404596068,23,rising
17845.404597216,24,rising
17845.404602086,23,falling
17845.404603216,24,falling
17845.404608068,23,rising
17845.404612679,23,falling
17845.404613790,24,falling
17845.404618660,23,falling
17845.404649568,23,falling
17845.404650679,24,falling
17845.404661864,23,falling
17845.404662975,24,falling
17845.404697068,23,falling
17845.404701697,23,falling
17845.404714771,23,falling
17845.404719456,23,falling
17845.404724086,23,falling
17845.404728679,23,falling
17845.404733327,23,falling
17845.404734419,24,falling
17845.404739308,23,falling
17845.404745382,23,falling
17845.404751105,23,rising
17845.404755568,23,rising
17845.404760216,23,rising
17845.404764864,23,rising
17845.404785031,23,rising
17845.404786142,24,falling
17845.404790993,23,rising
17845.404797123,23,rising
17845.404798216,24,falling
17845.404804605,23,falling
17845.404904605,23,rising
17845.404905734,24,falling
17845.404910419,23,falling
17845.404914605,23,falling
17845.404919642,23,rising
17845.404923456,23,falling
17845.404924512,24,falling
17845.404929530,23,rising
17845.404934197,23,falling
17845.404950142,23,rising
17845.404956993,23,rising
17845.404961679,23,rising
17845.404966290,23,falling
17845.404971105,23,falling
17845.404975123,23,falling
17845.404982697,23,rising
17845.404987327,23,falling
17845.404993160,23,rising
17845.404997771,23,falling
17845.405002364,23,falling
17845.405007308,23,falling
17845.405024604,23,falling
17845.405139864,24,rising
17845.405193790,23,falling
17845.405199067,23,falling
17845.405209975,23,falling
17845.405448845,23,rising
17845.405457604,23,rising
17845.405464049,23,falling
17845.405471104,23,falling
17845.405475715,23,rising
17845.405480475,23,falling
17845.405611586,23,falling
17845.405641401,23,falling
17845.405748326,23,rising
17845.407716937,24,falling
17845.408429455,23,falling
17845.408434066,23,falling
17845.410710491,24,falling
17845.410715510,24,falling
17845.410725065,24,falling
17845.410730028,24,falling
17845.410786991,24,rising
17845.411943324,23,rising
17845.411948769,23,falling
17845.411962417,23,falling
17845.411976194,23,rising
17845.411980898,23,rising
17845.411985583,23,falling
17845.411991435,23,falling
17845.411995991,23,falling
17845.412000565,23,rising
17845.412006398,23,falling
17845.412011028,23,rising
17845.412031454,23,falling
17845.412038954,23,falling
17845.412053583,23,falling
17845.412064694,23,rising
17845.414466379,24,falling
17845.414594138,24,falling
17845.414600786,24,falling
17845.414605545,24,falling
17845.414611305,24,falling
17845.414639193,24,falling
17845.416534008,23,falling
17845.419485395,24,falling
17845.419490580,24,falling
17845.419826877,24,rising
17845.421488413,23,falling
17845.421510339,23,rising
17845.427477800,24,falling
17845.435845352,23,falling
17845.478083966,23,rising
17845.478090725,23,rising
17845.481746335,24,rising
17845.613760155,24,falling
17845.613765562,24,falling
17845.613776247,24,falling
17845.618725005,23,rising
17845.618733801,23,falling
17845.622921225,24,falling
17845.622926225,24,rising
17845.623985521,23,falling
17845.624045410,23,rising
17845.626998557,24,falling
17845.627003816,24,falling
17845.627017853,24,falling
17845.627030242,24,falling
17845.628003557,24,falling
17845.628008871,24,falling
17845.628018260,24,falling
17845.628377742,24,rising
17845.628382464,24,falling
17845.628387149,24,falling
17845.628690630,23,falling
17845.628701908,23,falling
17845.628702612,24,falling
17845.628713093,23,rising
17845.628721297,24,rising
17845.628720630,23,rising
17845.628725871,23,falling
17845.628726260,24,falling
17845.628735834,23,falling
17845.628746223,23,falling
17845.628746556,24,falling
17845.628829260,24,falling
17845.628834260,24,rising
17845.628828501,23,falling
17845.628833890,23,rising
17845.628843390,23,falling
17845.628845075,24,falling
17845.628850390,23,rising
17845.628855371,23,falling
17845.628856390,24,falling
17845.629151149,23,falling
17845.629152260,24,falling
17845.629164260,23,falling
17845.629165316,24,falling
17845.629170223,23,falling
17845.629187871,23,rising
17845.629188982,24,rising
17845.629207945,24,rising
17845.629211593,23,rising
17845.629224649,24,rising
17845.629223853,23,rising
17845.629234149,24,falling
17845.629230093,23,falling
17845.630638815,23,falling
17845.630639908,24,falling
17845.630667741,23,falling
17845.630668889,24,falling
17845.630675926,23,falling
17845.630676982,24,falling
17845.630681963,23,falling
17845.630683074,24,falling
17845.631055000,23,rising
17845.631056148,24,falling
17845.631061204,23,falling
17845.631062315,24,falling
17845.631067241,23,rising
17845.631068352,24,rising
17845.631073278,23,falling
17845.631074389,24,falling
17845.631110018,23,falling
17845.631111130,24,falling
17845.631116000,23,falling
17845.631117037,24,falling
17845.631124481,23,falling
17845.631125611,24,falling
17845.631134000,23,falling
17845.631135130,24,falling
17845.631155426,23,falling
17845.631156481,24,falling
17845.631171555,23,falling
17845.631172667,24,falling
17845.631178574,23,rising
17845.631179685,24,falling
17845.631184574,23,falling
17845.631185630,24,falling
17845.631192704,23,falling
17845.631193815,24,falling
17845.631200018,23,falling
17845.631201055,24,falling
17845.631211352,23,falling
17845.631212463,24,falling
17845.631248185,23,falling
17845.631249296,24,falling
17845.631254574,23,falling
17845.631255685,24,falling
17845.631260574,23,falling
17845.631261685,24,falling
17845.631403537,24,rising
17845.632018703,23,falling
17845.632023166,23,falling
17845.632027481,23,falling
17845.632033574,23,rising
17845.632038926,23,rising
17845.632043574,23,falling
17845.632057759,23,rising
17845.632066796,23,rising
17845.632071481,23,falling
17845.632076426,23,rising
17845.632084796,23,falling
17845.632093000,23,falling
17845.632102296,23,falling
17845.632106851,23,falling
17845.632246981,23,rising
17845.634396388,24,falling
17845.634460480,24,falling
17845.635495165,23,falling
17845.635499646,23,falling
17845.635506091,23,rising
17845.635513406,23,rising
17845.635518072,23,rising
17845.635525220,23,rising
17845.635530702,23,falling
17845.635541220,23,falling
17845.635546109,23,rising
17845.635550702,23,falling
17845.635555332,23,falling
17845.635564943,23,falling
17845.635570943,23,falling
17845.636054794,23,falling
17845.636055887,24,falling
17845.636069350,23,falling
17845.636070405,24,falling
17845.636077998,23,falling
17845.636079128,24,falling
17845.636089128,23,falling
17845.636090257,24,falling
17845.636314239,23,falling
17845.636315368,24,falling
17845.636335850,23,falling
17845.636336961,24,falling
17845.636364739,23,falling
17845.636365868,24,falling
17845.636383942,23,falling
17845.636385128,24,falling
17845.636399998,23,falling
17845.636401109,24,falling
17845.637626146,24,rising
17845.637927257,23,falling
17845.637963238,23,falling
17845.637967960,23,falling
17845.637972553,23,rising
17845.637977571,23,falling
17845.638006868,23,falling
17845.638097349,23,falling
17845.638179682,23,falling
17845.638184312,23,falling
17845.638256164,23,rising
17845.639895608,24,falling
17845.639973034,24,falling
17845.640705274,23,rising
17845.640718015,23,rising
17845.640726404,23,falling
17845.641327144,23,rising
17845.641328255,24,falling
17845.641333255,23,falling
17845.641334311,24,falling
17845.641368440,23,falling
17845.641369552,24,falling
17845.641382663,23,falling
17845.641383792,24,falling
17845.641388681,23,falling
17845.641389811,24,falling
17845.641394718,23,falling
17845.641409589,23,falling
17845.641410626,24,falling
17845.641426552,23,falling
17845.641427681,24,falling
17845.641437107,23,falling
17845.641438163,24,rising
17845.641443089,23,falling
17845.641444200,24,falling
17845.641943348,23,falling
17845.641948051,23,falling
17845.641991255,23,falling
17845.641995885,23,falling
17845.642000496,23,falling
17845.642148199,23,falling
17845.642157385,23,falling
17845.642188811,23,falling
17845.642411051,23,falling
17845.642412181,24,falling
17845.642465866,24,rising
17845.642542588,23,falling
17845.642928718,23,falling
17845.642962384,23,falling
17845.643003940,23,rising
17845.644451106,24,falling
17845.644470013,24,falling
17845.644486032,24,rising
17845.644490699,24,falling
17845.644498699,24,falling
17845.644695587,24,falling
17845.644746606,24,falling
17845.644892847,24,falling
17845.644920587,24,falling
17845.644984995,23,rising
17845.644997384,23,falling
17845.645003717,23,falling
17845.645010272,23,falling
17845.645014976,23,falling
17845.645020217,23,falling
17845.645031513,23,falling
17845.645036106,23,rising
17845.645040828,23,falling
17845.645145735,23,falling
17845.645146846,24,falling
17845.645153346,23,falling
17845.645154383,24,falling
17845.645160383,23,falling
17845.645161513,24,falling
17845.645167458,23,falling
17845.645168291,24,falling
17845.645173569,23,rising
17845.645174606,24,falling
17845.645180624,23,falling
17845.645181717,24,falling
17845.645190346,23,falling
17845.645191346,24,falling
17845.645212032,23,falling
17845.645219124,23,falling
17845.645213383,24,falling
17845.645219883,24,falling
17845.645389365,23,falling
17845.645390513,24,falling
17845.645395402,23,falling
17845.645397124,24,falling
17845.645455791,23,falling
17845.645456920,24,falling
17845.645476772,23,falling
17845.645477902,24,falling
17845.645557476,23,falling
17845.645558587,24,falling
17845.645575531,23,falling
17845.645576624,24,falling
17845.645587754,23,rising
17845.645588846,24,rising
17845.645593698,23,falling
17845.645594791,24,falling
17845.645599643,23,falling
17845.645600735,24,rising
17845.645605569,23,rising
17845.645606680,24,falling
17845.645611513,23,rising
17845.645612606,24,rising
17845.645617457,23,falling
17845.645618531,24,rising
17845.645623383,23,falling
17845.645624476,24,falling
17845.645632309,23,falling
17845.645633402,24,falling
17845.645638254,23,falling
17845.645639346,24,falling
17845.645644198,23,falling
17845.645645217,24,falling
17845.645654587,23,falling
17845.645655661,24,falling
17845.645665143,23,falling
17845.645666272,24,rising
17845.645671161,23,falling
17845.645672291,24,falling
17845.645691772,23,falling
17845.645692883,24,falling
17845.645709606,23,falling
17845.645710717,24,falling
17845.645715550,23,rising
17845.645716643,24,falling
17845.645721494,23,rising
17845.645722568,24,rising
17845.645727420,23,falling
17845.645728457,24,falling
17845.645808457,23,rising
17845.645809531,24,rising
17845.645817624,23,rising
17845.645818643,24,rising
17845.645829420,23,falling
17845.645830531,24,falling
17845.645836031,23,falling
17845.645837142,24,falling
17845.645842013,23,falling
17845.645843050,24,falling
17845.645847994,23,falling
17845.645852642,23,falling
17845.645853680,24,falling
17845.645858587,23,falling
17845.645860068,24,falling
17845.645871346,23,falling
17845.645872402,24,falling
17845.645877346,23,falling
17845.645878383,24,falling
17845.645923309,23,rising
17845.645924346,24,rising
17845.645933754,23,falling
17845.645934846,24,falling
17845.645939717,23,falling
17845.645946587,23,falling
17845.645947679,24,falling
17845.645952568,23,falling
17845.646297439,23,falling
17845.646356902,23,falling
17845.646357994,24,falling
17845.646536013,24,rising
17845.646566439,23,falling
17845.646847568,23,falling
17845.646858309,23,falling
17845.646864475,23,falling
17845.646869124,23,falling
17845.647080161,23,falling
17845.647084883,23,falling
17845.647103679,23,rising
17845.647112105,23,rising
17845.647117198,23,falling
17845.647121809,23,falling
17845.647126420,23,falling
17845.647130420,23,falling
17845.647135086,23,rising
17845.647139698,23,rising
17845.647144420,23,falling
17845.647149309,23,rising
17845.648531086,24,rising
17845.648535327,24,rising
17845.648548919,24,falling
17845.648557678,24,falling
17845.648565012,24,falling
17845.648569697,24,falling
17845.648585049,24,falling
17845.648589734,24,falling
17845.648603364,24,falling
17845.648842530,23,falling
17845.648851382,23,falling
17845.648852456,24,falling
17845.648859845,23,falling
17845.648860919,24,falling
17845.648866345,23,falling
17845.648867364,24,falling
17845.648872678,23,rising
17845.648873697,24,falling
17845.648878975,23,falling
17845.648880049,24,falling
17845.648885364,23,falling
17845.648902901,23,falling
17845.648903956,24,falling
17845.648910234,23,falling
17845.648911938,24,falling
17845.648917030,23,rising
17845.648918049,24,rising
17845.648928438,23,falling
17845.648929530,24,falling
17845.648934419,23,falling
17845.648956438,23,falling
17845.648957549,24,falling
17845.648988808,23,falling
17845.648989956,24,rising
17845.648994826,23,falling
17845.648995956,24,falling
17845.649006864,23,falling
17845.649008012,24,falling
17845.649012178,23,falling
17845.649013252,24,falling
17845.649164993,23,falling
17845.649166475,24,falling
17845.649200493,23,falling
17845.649201623,24,falling
17845.649205845,23,falling
17845.649223512,24,falling
17845.649228604,24,rising
17845.649233604,24,falling
17845.649233234,23,falling
17845.649239752,23,rising
17845.649240326,24,falling
17845.649244993,23,falling
17845.649246067,24,falling
17845.649267215,23,falling
17845.649268289,24,falling
17845.649273400,23,falling
17845.649274456,24,falling
17845.649279363,23,falling
17845.649280400,24,falling
17845.649298734,24,rising
17845.649308437,24,falling
17845.649313123,24,falling
17845.649320752,24,falling
17845.649325437,24,falling
17845.649335697,23,falling
17845.649336808,24,falling
17845.649341697,23,falling
17845.649342752,24,falling
17845.649350623,23,falling
17845.649351752,24,falling
17845.649358974,23,falling
17845.649360104,24,falling
17845.649364937,23,falling
17845.649370252,23,falling
17845.649371345,24,falling
17845.649379530,24,falling
17845.649401030,23,falling
17845.649402160,24,falling
17845.649410586,24,falling
17845.649421845,24,falling
17845.649435456,24,falling
17845.649447567,24,falling
17845.649452937,24,falling
17845.649457660,23,falling
17845.649458771,24,falling
17845.649463623,23,falling
17845.649465049,24,falling
17845.649478789,23,falling
17845.649479900,24,falling
17845.649501789,23,falling
17845.649502826,24,falling
17845.649507771,23,rising
17845.649512419,23,falling
17845.649513511,24,falling
17845.649519678,23,falling
17845.649520808,24,falling
17845.649526030,23,falling
17845.649527086,24,falling
17845.649549845,23,rising
17845.649550993,24,falling
17845.649555845,23,falling
17845.649556974,24,falling
17845.649563734,24,falling
17845.649581326,23,falling
17845.649582437,24,falling
17845.649588863,23,falling
17845.649589974,24,falling
17845.649596252,24,falling
17845.649600956,23,falling
17845.649602086,24,falling
17845.649606937,24,rising
17845.649612215,23,falling
17845.649613289,24,falling
17845.649620308,23,falling
17845.649621419,24,falling
17845.649626234,23,falling
17845.649627363,24,falling
17845.649636715,23,falling
17845.649637771,24,falling
17845.649643048,23,falling
17845.649644160,24,rising
17845.649649011,23,falling
17845.649650141,24,falling
17845.649655604,23,rising
17845.649656660,24,rising
17845.649668956,23,falling
17845.649670085,24,falling
17845.649674919,23,falling
17845.649681215,23,rising
17845.649682326,24,falling
17845.649687197,23,falling
17845.649688326,24,falling
17845.649696493,23,rising
17845.649697604,24,rising
17845.649702437,23,falling
17845.649703493,24,falling
17845.649715104,23,rising
17845.649716215,24,rising
17845.649721048,23,falling
17845.649722122,24,falling
17845.649727974,23,rising
17845.649729085,24,rising
17845.649736697,23,falling
17845.649737826,24,falling
17845.649742660,23,falling
17845.649798382,24,falling
17845.649807697,24,falling
17845.649813308,24,falling
17845.649883993,23,rising
17845.649884993,24,rising
17845.649889252,23,falling
17845.649890289,24,falling
17845.649894215,23,falling
17845.649898845,23,falling
17845.649903604,23,falling
17845.649904363,24,rising
17845.649908993,23,falling
17845.649910030,24,rising
17845.649919308,24,falling
17845.649933511,23,falling
17845.649934585,24,rising
17845.649938826,23,rising
17845.649939863,24,rising
17845.649943789,23,rising
17845.649951308,23,rising
17845.649952363,24,rising
17845.649959363,23,falling
17845.649960400,24,falling
17845.649968771,23,rising
17845.649969826,24,rising
17845.649985141,23,rising
17845.649986196,24,rising
17845.649990345,23,falling
17845.649994974,23,falling
17845.649996011,24,falling
17845.650004863,23,falling
17845.650010345,23,rising
17845.650015104,23,falling
17845.650015826,24,falling
17845.650040215,23,falling
17845.650041252,24,falling
17845.650045382,23,falling
17845.650046437,24,rising
17845.650051067,24,rising
17845.650064493,23,falling
17845.650070696,23,falling
17845.650071733,24,falling
17845.650077085,23,falling
17845.650083474,24,rising
17845.650082419,23,falling
17845.650088548,23,falling
17845.650093308,23,falling
17845.650089085,24,rising
17845.650097548,24,falling
17845.650105882,24,falling
17845.650113845,24,falling
17845.650139252,24,falling
17845.650144641,24,falling
17845.650177882,23,rising
17845.650178919,24,falling
17845.650184252,23,falling
17845.650185474,24,falling
17845.650192048,23,falling
17845.650193104,24,falling
17845.650199308,23,falling
17845.650200382,24,falling
17845.650205345,23,falling
17845.650211270,23,falling
17845.650212326,24,falling
17845.650218345,23,rising
17845.650219456,24,rising
17845.650226659,23,falling
17845.650227733,24,falling
17845.650232789,23,falling
17845.650239159,23,falling
17845.650240215,24,falling
17845.650245363,23,falling
17845.650246474,24,falling
17845.650251678,23,rising
17845.650257252,24,falling
17845.650262919,23,falling
17845.650268548,24,falling
17845.650267419,23,falling
17845.650275715,23,falling
17845.650276215,24,rising
17845.650281807,23,rising
17845.650287715,24,rising
17845.650286900,23,falling
17845.650296678,24,falling
17845.650296067,23,falling
17845.650305048,24,falling
17845.650310604,24,falling
17845.650310233,23,falling
17845.650315530,24,falling
17845.650321344,23,falling
17845.650321715,24,falling
17845.650358215,23,falling
17845.650358993,24,falling
17845.650368548,23,falling
17845.650369252,24,falling
17845.650399974,24,falling
17845.650399196,23,falling
17845.650404937,24,rising
17845.650404585,23,falling
17845.650409900,24,falling
17845.650416233,23,falling
17845.650416604,24,falling
17845.650426400,24,rising
17845.650425622,23,rising
17845.650431048,23,falling
17845.650431400,24,falling
17845.650439937,24,rising
17845.650458937,23,falling
17845.650467381,23,falling
17845.650477400,23,rising
17845.650482030,23,falling
17845.650486678,23,falling
17845.650492937,23,falling
17845.650551752,23,falling
17845.650555956,23,falling
17845.650575567,23,falling
17845.650580381,23,falling
17845.650594807,23,rising
17845.650601233,23,falling
17845.650656678,23,rising
17845.650679289,23,rising
17845.650686752,23,rising
17845.650692011,23,falling
17845.650700252,23,falling
17845.650704844,23,rising
17845.650711400,23,rising
17845.650716622,23,falling
17845.650722048,23,falling
17845.650736344,23,falling
17845.650878752,23,falling
17845.650887641,23,falling
17845.650895104,23,falling
17845.650900326,23,rising
17845.650906733,23,falling
17845.650910937,23,rising
17845.650919770,23,rising
17845.652265751,24,falling
17845.652270084,24,falling
17845.652303807,24,falling
17845.652327307,24,rising
17845.652332103,24,falling
17845.652336862,24,falling
17845.652342862,24,falling
17845.652347473,24,falling
17845.652839344,23,rising
17845.652852306,23,rising
17845.652857084,23,falling
17845.652861695,23,falling
17845.652866510,23,falling
17845.652871177,23,falling
17845.652878714,23,falling
17845.652883640,23,falling
17845.652977899,23,falling
17845.652979029,24,falling
17845.652986547,23,falling
17845.652987677,24,falling
17845.653032214,23,falling
17845.653033343,24,falling
17845.653044418,23,falling
17845.653045529,24,falling
17845.653070362,23,falling
17845.653071492,24,rising
17845.653076418,23,falling
17845.653077473,24,falling
17845.653082436,23,falling
17845.653095621,23,falling
17845.653096788,24,falling
17845.653101677,23,falling
17845.653102806,24,falling
17845.653271954,23,falling
17845.653273084,24,falling
17845.653278029,23,falling
17845.653279732,24,rising
17845.653284547,23,falling
17845.653285677,24,falling
17845.653295306,23,falling
17845.653296380,24,falling
17845.653313825,23,falling
17845.653314954,24,falling
17845.653319843,23,falling
17845.653320880,24,falling
17845.653325806,23,falling
17845.653326917,24,falling
17845.653343084,23,falling
17845.653344214,24,falling
17845.653351584,23,falling
17845.653352714,24,falling
17845.653370251,23,falling
17845.653371325,24,falling
17845.653382936,23,rising
17845.653383991,24,rising
17845.653432288,23,falling
17845.653433417,24,falling
17845.653440954,23,falling
17845.653442028,24,falling
17845.653458343,23,falling
17845.653459473,24,falling
17845.653500714,23,falling
17845.653501751,24,falling
17845.653530677,23,rising
17845.653531806,24,falling
17845.653536658,23,falling
17845.653537751,24,falling
17845.653544677,23,falling
17845.653545788,24,falling
17845.653551825,23,rising
17845.653552936,24,falling
17845.653557788,23,falling
17845.653558899,24,falling
17845.653566528,23,falling
17845.653567751,24,falling
17845.653704010,23,rising
17845.653705121,24,rising
17845.653724047,23,falling
17845.653725158,24,falling
17845.653730028,23,falling
17845.653731139,24,falling
17845.653736862,23,falling
17845.653737973,24,falling
17845.653742843,23,falling
17845.653828010,24,falling
17845.653832714,24,falling
17845.653842084,24,falling
17845.653849991,24,falling
17845.653854676,23,falling
17845.653862473,23,falling
17845.654036973,23,falling
17845.654038121,24,falling
17845.654046102,23,falling
17845.654047213,24,falling
17845.654055825,23,falling
17845.654056954,24,falling
17845.654061899,23,falling
17845.654399898,23,falling
17845.654401028,24,falling
17845.654411528,23,falling
17845.654412639,24,falling
17845.654417602,23,falling
17845.654427195,23,falling
17845.654428324,24,falling
17845.654436565,23,falling
17845.654437676,24,falling
17845.654501084,23,falling
17845.654502361,24,falling
17845.654527861,23,falling
17845.654528917,24,rising
17845.654555843,23,falling
17845.654564954,23,rising
17845.654569435,23,rising
17845.654576398,23,falling
17845.654597472,23,falling
17845.654602139,23,falling
17845.654609269,23,rising
17845.654614213,23,falling
17845.654660047,23,falling
17845.654684510,23,falling
17845.654718047,23,rising
17845.654723176,23,falling
17845.654750435,23,falling
17845.654910306,23,falling
17845.654919546,23,falling
17845.654936732,23,falling
17845.655108417,23,falling
17845.655120509,23,falling
17845.655131917,23,rising
17845.655136583,23,rising
17845.656524583,24,falling
17845.656541731,24,falling
17845.656551620,24,falling
17845.656556305,24,falling
17845.656574009,24,falling
17845.656578712,24,falling
17845.656700157,24,rising
17845.656704898,24,falling
17845.656724249,24,rising
17845.656728935,24,rising
17845.656733620,24,falling
17845.656738286,24,falling
17845.656755583,24,falling
17845.656760231,24,falling
17845.656775435,24,falling
17845.656780120,24,falling
17845.656846342,24,rising
17845.656866268,24,rising
17845.656873009,24,falling
17845.656877694,24,rising
17845.656883694,24,falling
17845.656889583,24,falling
17845.656894231,24,falling
17845.656898898,24,falling
17845.656904805,24,falling
17845.657249157,24,rising
17845.657253842,24,falling
17845.657258453,24,falling
17845.657306323,23,rising
17845.657307471,24,falling
17845.657313231,23,falling
17845.657318268,23,rising
17845.657314286,24,rising
17845.657322490,23,rising
17845.657323546,24,falling
17845.657327583,23,rising
17845.657333212,24,falling
17845.657338157,23,falling
17845.657348008,24,falling
17845.657347657,23,falling
17845.657353046,23,falling
17845.657353768,24,falling
17845.657361620,23,falling
17845.657362675,24,falling
17845.657366934,23,falling
17845.657367971,24,falling
17845.657377786,23,falling
17845.657378823,24,falling
17845.657385823,23,falling
17845.657386879,24,falling
17845.657418027,23,falling
17845.657419083,24,falling
17845.657423231,23,falling
17845.657427805,24,falling
17845.657438805,23,falling
17845.657447527,23,falling
17845.657447860,24,falling
17845.657455657,23,falling
17845.657456694,24,falling
17845.657460842,23,falling
17845.657466953,23,falling
17845.657467990,24,falling
17845.657472120,23,falling
17845.657476786,23,falling
17845.657477842,24,falling
17845.657482490,23,falling
17845.657487823,23,falling
17845.657488860,24,falling
17845.657493638,24,falling
17845.657492657,23,falling
17845.657510694,23,falling
17845.657511731,24,falling
17845.657518138,23,falling
17845.657519212,24,falling
17845.657818397,24,falling
17845.657838008,24,falling
17845.657843934,24,falling
17845.657851805,23,falling
17845.657852897,24,falling
17845.657857675,23,falling
17845.657858786,24,falling
17845.657866508,24,falling
17845.658052342,24,falling
17845.658051286,23,falling
17845.658104916,23,falling
17845.658105971,24,falling
17845.658116619,23,rising
17845.658117675,24,rising
17845.658122304,23,falling
17845.658123379,24,falling
17845.658255453,23,falling
17845.658256508,24,falling
17845.658381008,24,rising
17845.658388360,24,rising
17845.658400360,24,rising
17845.658404527,24,falling
17845.658540804,24,falling
17845.658550323,23,falling
17845.658551378,24,falling
17845.658640434,24,falling
17845.658649304,24,falling
17845.658662452,24,falling
17845.658667230,24,rising
17845.658674471,24,falling
17845.658680749,24,rising
17845.658685434,24,falling
17845.658691101,24,falling
17845.658939915,23,falling
17845.658940971,24,falling
17845.659117286,23,falling
17845.659118360,24,falling
17845.659126841,23,falling
17845.659127952,24,falling
17845.659132915,23,falling
17845.659137582,23,falling
17845.659138674,24,falling
17845.659143582,23,falling
17845.659144693,24,falling
17845.659159971,24,rising
17845.659166230,24,rising
17845.659170934,24,rising
17845.659177711,23,falling
17845.659178823,24,falling
17845.659183952,24,rising
17845.659188711,23,falling
17845.659189841,24,falling
17845.659194711,24,falling
17845.659199582,23,falling
17845.659200711,24,falling
17845.659205563,23,falling
17845.659206674,24,falling
17845.659211582,23,falling
17845.659212674,24,falling
17845.659220749,24,falling
17845.659233730,24,falling
17845.659271378,24,rising
17845.659339248,23,falling
17845.659427952,23,falling
17845.659438026,23,falling
17845.659451397,23,rising
17845.659456026,23,falling
17845.659514248,23,falling
17845.659518971,23,falling
17845.659523841,23,rising
17845.659527934,23,falling
17845.659532711,23,falling
17845.659539860,23,falling
17845.659544545,23,falling
17845.659550748,23,falling
17845.659568045,23,falling
17845.659574841,23,falling
17845.659579637,23,falling
17845.659584267,23,falling
17845.659588878,23,falling
17845.659593082,23,falling
17845.659600230,23,falling
17845.659607619,23,rising
17845.659612785,23,falling
17845.659618989,23,falling
17845.659765563,23,rising
17845.659770248,23,falling
17845.659779693,23,falling
17845.659784341,23,falling
17845.659788933,23,falling
17845.659793785,23,falling
17845.659798545,23,falling
17845.659803248,23,falling
17845.659808471,23,falling
17845.659816637,23,rising
17845.662224173,24,rising
17845.662228396,24,falling
17845.662232210,24,falling
17845.662238433,24,falling
17845.662960506,23,falling
17845.662965543,23,falling
17845.662969543,23,falling
17845.662979080,23,rising
17845.663024154,23,rising
17845.663029099,23,rising
17845.663036080,23,rising
17845.663040729,23,rising
17845.663045377,23,rising
17845.663071691,23,rising
17845.663076340,23,falling
17845.663092914,23,falling
17845.663097525,23,falling
17845.663102136,23,falling
17845.663111821,23,falling
17845.663124710,24,falling
17845.663129525,23,falling
17845.663550691,23,falling
17845.663557506,23,falling
17845.663874117,24,falling
17845.663879062,24,falling
17845.664017728,24,rising
17845.664022580,24,falling
17845.664027321,24,rising
17845.664032080,24,falling
17845.664097654,24,falling
17845.664104395,24,rising
17845.664109802,24,falling
17845.664116636,24,falling
17845.664407413,23,falling
17845.664412672,23,rising
17845.664416784,23,falling
17845.664421580,23,falling
17845.664426209,23,falling
17845.664430839,23,falling
17845.664442691,23,falling
17845.664447913,23,falling
17845.664624098,24,falling
17845.664988339,24,falling
17845.664993172,24,rising
17845.665029469,23,falling
17845.665033728,23,falling
17845.665038061,23,falling
17845.665046506,23,rising
17845.665051450,23,falling
17845.665067728,23,falling
17845.665095043,23,falling
17845.665410968,23,rising
17845.667472838,24,falling
17845.668051616,23,rising
17845.668081634,23,rising
17845.668086412,23,falling
17845.668092745,23,falling
17845.668714004,24,falling
17845.668719097,24,rising
17845.668725004,24,rising
17845.668729745,24,rising
17845.668734430,24,falling
17845.668739356,24,falling
17845.668746578,24,falling
17845.668752208,24,rising
17845.668758726,24,falling
17845.668764560,24,falling
17845.668769226,24,rising
17845.668774282,24,falling
17845.668779171,24,falling
17845.668783800,24,falling
17845.668869726,24,falling
17845.668874449,24,falling
17845.669063523,24,rising
17845.669072689,24,falling
17845.669079967,24,falling
17845.669084615,24,falling
17845.669089300,24,falling
17845.669096874,24,falling
17845.669101578,24,falling
17845.669106245,24,falling
17845.669110874,24,falling
17845.669119541,24,falling
17845.669124226,24,rising
17845.669128911,24,falling
17845.669133634,24,falling
17845.669147245,24,falling
17845.669157819,24,falling
17845.669165152,24,falling
17845.669216467,24,rising
17845.669222004,24,falling
17845.669234004,24,falling
17845.669239615,24,falling
17845.669244856,24,falling
17845.669251041,24,falling
17845.669598763,24,rising
17845.669603745,24,rising
17845.669610430,24,falling
17845.669615152,24,rising
17845.669633430,24,falling
17845.669665633,24,rising
17845.669670559,24,rising
17845.669675596,24,falling
17845.669686745,24,falling
17845.669698652,24,falling
17845.669734541,23,falling
17845.669750559,23,falling
17845.669759041,23,falling
17845.669769041,23,falling
17845.669774578,23,rising
17845.669779244,23,rising
17845.669787985,23,falling
17845.669792670,23,falling
17845.669815670,24,falling
17845.670079374,23,falling
17845.670300892,24,falling
17845.670312670,24,rising
17845.670664929,23,rising
17845.672812873,24,falling
17845.672817706,24,falling
17845.673537595,23,rising
17845.673542632,23,rising
17845.673546539,23,falling
17845.673553762,23,falling
17845.673558502,23,falling
17845.673564910,23,falling
17845.673571632,23,rising
17845.673576280,23,falling
17845.673582391,23,falling
17845.673587502,23,falling
17845.673592910,23,falling
17845.673597558,23,falling
17845.673603021,23,falling
17845.673607687,23,falling
17845.673616447,23,falling
17845.673635410,23,falling
17845.674128835,24,falling
17845.674611595,24,falling
17845.674616446,24,falling
17845.674621280,24,falling
17845.674636669,24,falling
17845.674642891,24,falling
17845.674654020,24,falling
17845.674662150,24,falling
17845.674666854,24,falling
17845.674678446,24,falling
17845.674683150,24,falling
17845.674694983,24,rising
17845.674699632,24,falling
17845.674717928,24,falling
17845.674762780,23,falling
17845.675209631,24,falling
17845.675238557,24,falling
17845.675249372,24,falling
17845.675254242,24,falling
17845.675553872,24,rising
17845.675558668,23,rising
17845.675559798,24,rising
17845.675564483,23,rising
17845.675565094,24,falling
17845.675570039,23,rising
17845.675571779,24,falling
17845.675576113,23,falling
17845.675628224,23,falling
17845.675801872,24,falling
17845.675810909,24,falling
17845.675815613,24,falling
17845.675824057,24,falling
17845.675828761,24,falling
17845.676107909,24,rising
17845.676116335,24,rising
17845.676123742,24,rising
17845.676184464,23,falling
17845.676188779,23,falling
17845.676196557,23,falling
17845.676201353,23,falling
17845.676205927,23,falling
17845.676212483,23,rising
17845.676217131,23,falling
17845.676226853,23,falling
17845.676233779,23,falling
17845.676616742,23,falling
17845.676646334,23,rising
17845.679351796,24,falling
17845.679941907,23,falling
17845.679946759,23,falling
17845.681162518,24,rising
17845.681170444,24,falling
17845.681179240,24,rising
17845.681195314,24,falling
17845.681230296,24,falling
17845.681889870,24,falling
17845.681900277,24,falling
17845.681907277,24,falling
17845.681915981,24,falling
17845.681931370,24,falling
17845.681936110,24,rising
17845.681940851,24,rising
17845.681945499,24,falling
17845.681950129,24,falling
17845.681957184,24,falling
17845.681968555,24,falling
17845.681973258,24,falling
17845.681979721,24,falling
17845.681994203,24,falling
17845.681998925,24,falling
17845.682086610,24,rising
17845.682092444,24,falling
17845.682097814,24,falling
17845.682102684,24,falling
17845.682107388,24,rising
17845.682113092,24,rising
17845.682117832,24,falling
17845.682128295,24,falling
17845.682477684,24,rising
17845.682483703,24,falling
17845.682525351,24,falling
17845.682529758,24,falling
17845.682543925,24,falling
17845.682773888,24,rising
17845.682778758,23,falling
17845.682791443,23,falling
17845.682800554,23,falling
17845.682805240,23,falling
17845.683278517,23,rising
17845.686311349,24,falling
17845.686614849,23,falling
17845.686619997,23,falling
17845.686623997,23,falling
17845.687895682,23,falling
17845.689336422,24,falling
17845.689355663,23,falling
17845.689360663,23,falling
17845.689365200,23,falling
17845.689382163,24,rising
17845.690027644,23,rising
17845.693092810,23,rising
17845.693097069,24,falling
17845.693102254,24,falling
17845.693109643,23,rising
17845.693118847,24,rising
17845.693123476,23,falling
17845.693124587,24,falling
17845.693129495,23,rising
17845.693134143,23,falling
17845.693138791,23,falling
17845.693143884,23,falling
17845.694060032,24,falling
17845.694065217,24,falling
17845.694074717,24,falling
17845.694079587,24,falling
17845.694084309,24,falling
17845.694099143,24,falling
17845.694650087,24,falling
17845.694654865,24,falling
17845.694659772,24,falling
17845.695299550,24,falling
17845.695305735,24,falling
17845.695310476,24,falling
17845.695315179,24,falling
17845.695321753,24,falling
17845.695349624,24,falling
17845.695368105,24,falling
17845.695372827,24,falling
17845.695402809,24,falling
17845.695407513,24,falling
17845.695412772,24,rising
17845.695417513,24,rising
17845.695422087,24,falling
17845.695426846,24,falling
17845.695435179,24,falling
17845.695439883,24,falling
17845.695460661,24,falling
17845.695466420,24,falling
17845.695471105,24,falling
17845.695480198,24,falling
17845.695952401,24,falling
17845.695957105,24,falling
17845.695965142,24,rising
17845.695969827,24,falling
17845.695988938,24,rising
17845.695993623,24,falling
17845.696001605,24,falling
17845.696010957,24,falling
17845.696032253,24,falling
17845.696269568,24,rising
17845.696795660,23,rising
17845.700619103,24,falling
17845.701113862,23,falling
17845.703385232,24,rising
17845.703390769,24,falling
17845.704540194,24,falling
17845.705492509,24,rising
17845.706488582,23,rising
17845.706493360,23,falling
17845.706497842,23,rising
17845.716017894,24,falling
17845.731843147,24,rising
17845.876675740,24,falling
17845.879093313,23,falling
17845.884936200,24,falling
17845.884946144,24,rising
17845.884960848,24,falling
17845.885311607,24,rising
17845.886432940,23,rising
17845.890967846,24,falling
17845.892295697,23,falling
17845.892310197,23,falling
17845.894402733,23,falling
17845.894408178,23,falling
17845.894414715,23,falling
17845.894421511,23,rising
17845.894426455,23,falling
17845.894436122,23,falling
17845.894440807,23,falling
17845.894447807,23,falling
17845.894458881,23,falling
17845.894463492,23,rising
17845.894468196,23,falling
17845.894495085,23,falling
17845.894505233,23,rising
17845.894521233,23,rising
17845.894538344,23,rising
17845.894547881,23,falling
17845.894552566,23,falling
17845.894557900,23,falling
17845.894564696,23,rising
17845.894581344,23,rising
17845.894595603,23,falling
17845.894605529,23,rising
17845.894613252,23,falling
17845.894619140,23,rising
17845.894635474,23,rising
17845.894648214,23,falling
17845.894656603,23,falling
17845.894661233,23,falling
17845.894672066,23,rising
17845.894678992,23,falling
17845.894683622,23,falling
17845.895025900,23,falling
17845.895058048,24,rising
17845.895785159,23,rising
17845.898260639,24,falling
17845.899260583,23,falling
17845.900136009,23,rising
17845.900140416,23,falling
17845.900145416,23,rising
17845.900150898,23,falling
17845.900155638,23,rising
17845.900164268,23,falling
17845.900169527,23,falling
17845.900176564,23,rising
17845.900181212,23,falling
17845.900284083,23,falling
17845.900355731,23,rising
17845.900366416,23,rising
17845.900371120,23,rising
17845.900384657,23,falling
17845.900390953,23,rising
17845.900403879,23,rising
17845.900414527,23,falling
17845.900419657,23,falling
17845.900426194,23,rising
17845.900430842,23,rising
17845.900441694,23,falling
17845.900447157,23,falling
17845.900454490,23,rising
17845.900461749,23,rising
17845.900467416,23,falling
17845.900472009,23,falling
17845.900487897,23,falling
17845.900819823,23,falling
17845.900945471,23,rising
17845.900954286,23,rising
17845.900964712,23,falling
17845.900970045,23,rising
17845.900987082,23,rising
17845.901008786,23,rising
17845.901025675,23,falling
17845.901030379,23,falling
17845.901385527,24,rising
17845.901392323,24,falling
17845.901397230,24,falling
17845.901402027,24,falling
17845.901408064,24,rising
17845.901412805,24,rising
17845.901670378,23,rising
17845.901675434,23,falling
17845.901686897,23,falling
17845.901691582,23,rising
17845.901696212,23,falling
17845.901700786,23,falling
17845.901705416,23,falling
17845.901803786,23,falling
17845.901808490,23,falling
17845.901881304,23,falling
17845.902067101,23,rising
17845.904094044,24,falling
17845.904970081,23,falling
17845.905631784,23,falling
17845.905641451,23,falling
17845.905655692,23,falling
17845.905664470,23,falling
17845.905709377,23,falling
17845.905726858,23,falling
17845.905731470,23,falling
17845.905738562,23,falling
17845.906194210,23,falling
17845.906199340,23,falling
17845.906493025,23,falling
17845.906498136,23,falling
17845.906503136,23,falling
17845.906512543,23,falling
17845.907059025,24,rising
17845.907678450,23,falling
17845.907684450,23,rising
17845.909951375,24,falling
17845.909956264,24,falling
17845.910747782,23,falling
17845.910754542,23,falling
17845.910759338,23,falling
17845.911456597,23,falling
17845.911480949,23,falling
17845.911485615,23,falling
17845.911541227,23,falling
17845.911903763,23,rising
17845.911910152,23,falling
17845.911914745,23,falling
17845.911919319,23,falling
17845.911923930,23,falling
17845.911928504,23,falling
17845.911933060,23,falling
17845.911937986,23,falling
17845.911946671,23,rising
17845.911951245,23,rising
17845.911955912,23,falling
17845.911960949,23,falling
17845.911969912,23,falling
17845.911974615,23,falling
17845.911979338,23,rising
17845.911984115,23,falling
17845.911989097,23,falling
17845.911998634,23,falling
17845.912004078,23,falling
17845.912009430,23,falling
17845.912014078,23,falling
17845.912024467,23,falling
17845.912132263,23,falling
17845.912188800,23,falling
17845.912193449,23,falling
17845.913075448,24,rising
17845.913135837,23,falling
17845.913230300,23,falling
17845.913245485,23,falling
17845.913251615,23,falling
17845.913256207,23,falling
17845.913261226,23,falling
17845.913269893,23,falling
17845.913276356,23,falling
17845.913281004,23,falling
17845.913286467,23,falling
17845.913291133,23,falling
17845.913295800,23,falling
17845.913301541,23,falling
17845.913308337,23,falling
17845.913317207,23,falling
17845.913380189,23,falling
17845.913401281,23,falling
17845.913405948,23,rising
17845.913436078,23,falling
17845.913439967,23,rising
17845.913466152,23,falling
17845.913471578,23,rising
17845.913482355,23,falling
17845.913486522,23,rising
17845.913502800,23,falling
17845.913511485,23,falling
17845.913518448,23,falling
17845.913522578,23,falling
17845.913770300,23,falling
17845.913774578,23,rising
17845.913779226,23,rising
17845.916058540,24,falling
17845.916597651,23,falling
17845.917001002,23,falling
17845.917569854,23,falling
17845.917617650,23,falling
17845.917618335,24,falling
17845.917687206,23,falling
17845.917687965,24,falling
17845.917884113,23,falling
17845.917892706,23,rising
17845.917901557,23,rising
17845.917913039,23,falling
17845.917921465,23,falling
17845.917926354,23,rising
17845.917932298,23,rising
17845.917940206,23,rising
17845.917945613,23,rising
17845.917953539,23,falling
17845.917960039,23,falling
17845.917964187,23,rising
17845.917969002,23,falling
17845.917977150,23,falling
17845.917981465,23,falling
17845.917987224,23,falling
17845.917993965,23,falling
17845.917999761,23,falling
17845.918015465,23,falling
17845.918027298,23,falling
17845.918032576,23,falling
17845.918043483,23,falling
17845.918050669,23,falling
17845.918057317,23,falling
17845.918065706,23,falling
17845.918079502,23,falling
17845.918251891,23,falling
17845.918259891,23,falling
17845.918264354,23,rising
17845.918272687,23,rising
17845.918277187,23,falling
17845.918285150,23,rising
17845.918323298,23,falling
17845.918327502,23,falling
17845.918335835,23,falling
17845.918342150,23,falling
17845.918349965,23,rising
17845.918354520,23,rising
17845.918363039,23,rising
17845.918366780,23,falling
17845.918391002,23,falling
17845.918488668,23,falling
17845.918494798,23,falling
17845.918499465,23,falling
17845.918505446,23,falling
17845.918510020,23,falling
17845.918518094,23,falling
17845.918522724,23,falling
17845.918547020,23,falling
17845.918592724,23,falling
17845.918690057,24,falling
17845.918701279,23,rising
17845.918725205,24,rising
17845.918738279,23,falling
17845.918742928,23,falling
17845.918747520,23,rising
17845.918752872,23,rising
17845.918757872,23,rising
17845.918782816,23,falling
17845.918787909,23,falling
17845.918802242,23,rising
17845.918806909,23,rising
17845.918811483,23,falling
17845.918975390,23,rising
17845.918981779,23,rising
17845.918986872,23,falling
17845.919082946,23,falling
17845.919144705,23,falling
17845.919149353,23,falling
17845.919158890,23,falling
17845.919260038,23,falling
17845.919264687,23,rising
17845.919270001,23,rising
17845.919274724,23,falling
17845.919280557,23,falling
17845.919291335,23,falling
17845.919295964,23,falling
17845.919313761,23,falling
17845.919324020,23,falling
17845.919342538,23,rising
17845.919347983,23,falling
17845.919352650,23,rising
17845.919376446,23,rising
17845.919400705,23,falling
17845.919405353,23,rising
17845.921478093,24,rising
17845.921482871,24,falling
17845.921487704,24,falling
17845.921492389,24,falling
17845.921634130,23,falling
17845.921686760,23,falling
17845.921691445,23,falling
17845.921696223,23,falling
17845.922203241,23,rising
17845.922220315,23,falling
17845.922224945,23,falling
17845.922229630,23,falling
17845.922234260,23,falling
17845.922770574,23,falling
17845.922771704,24,falling
17845.922822278,23,falling
17845.922823352,24,falling
17845.922828296,23,falling
17845.922829352,24,falling
17845.922996093,24,falling
17845.923001000,24,rising
17845.923006296,24,falling
17845.923025537,24,falling
17845.923030259,24,falling
17845.923135593,23,falling
17845.923140241,23,falling
17845.923146741,23,falling
17845.923151370,23,falling
17845.923156018,23,rising
17845.923180222,23,rising
17845.923184907,23,rising
17845.923200963,23,falling
17845.923207833,23,falling
17845.923242833,23,falling
17845.923257518,23,falling
17845.923268167,23,falling
17845.923275463,23,falling
17845.923280092,23,rising
17845.923285092,23,falling
17845.923290315,23,falling
17845.923304759,23,falling
17845.923320296,23,falling
17845.923344444,23,falling
17845.923349074,23,falling
17845.923469815,23,falling
17845.923480666,23,falling
17845.923500666,23,falling
17845.923506907,23,rising
17845.923511426,23,rising
17845.923518222,23,rising
17845.923522926,23,falling
17845.923533518,23,falling
17845.923540685,23,rising
17845.923550111,23,falling
17845.923560629,23,rising
17845.923627926,23,rising
17845.923632592,23,rising
17845.923643778,23,falling
17845.923648389,23,rising
17845.923655537,23,rising
17845.923663074,23,falling
17845.923676463,23,falling
17845.923724518,24,rising
17845.923799389,23,rising
17845.923843000,23,falling
17845.923855907,23,rising
17845.923881407,23,falling
17845.923885740,23,falling
17845.923994277,23,rising
17845.924004037,23,falling
17845.924012870,23,falling
17845.924022351,23,falling
17845.924033333,23,falling
17845.924267185,23,rising
17845.926100295,24,falling
17845.926132443,24,rising
17845.926137221,24,falling
17845.926141925,24,falling
17845.926146684,24,falling
17845.926209851,24,falling
17845.926469925,24,rising
17845.926475110,24,falling
17845.926482869,24,falling
17845.926488832,24,falling
17845.926494813,24,falling
17845.926518832,23,falling
17845.926569869,23,falling
17845.927424146,23,falling
17845.927434054,23,falling
17845.927438832,23,rising
17845.927447609,23,falling
17845.927454739,23,falling
17845.927460813,23,falling
17845.927465517,23,falling
17845.927470146,23,falling
17845.927471221,24,falling
17845.927478535,23,falling
17845.927479646,24,falling
17845.927488998,23,falling
17845.927493961,23,rising
17845.927526850,23,rising
17845.927534943,23,rising
17845.927540924,23,rising
17845.927594739,23,rising
17845.927599461,23,rising
17845.927607906,23,falling
17845.927612572,23,rising
17845.927626498,23,falling
17845.927633998,23,falling
17845.927638720,23,falling
17845.927649183,23,falling
17845.927662832,23,falling
17845.927667480,23,falling
17845.927672165,23,falling
17845.927691869,23,falling
17845.927692906,24,falling
17845.927697832,23,rising
17845.927698961,24,falling
17845.927703832,23,falling
17845.927704961,24,falling
17845.927713220,23,falling
17845.927714350,24,falling
17845.927719220,23,falling
17845.927726480,23,falling
17845.927727572,24,falling
17845.927732406,23,rising
17845.927737850,24,falling
17845.927743313,24,falling
17845.927742961,23,falling
17845.927748276,24,rising
17845.927747924,23,rising
17845.927753369,24,falling
17845.927761628,23,falling
17845.927761961,24,falling
17845.927768609,23,falling
17845.927774776,23,falling
17845.927778943,23,falling
17845.927785461,23,rising
17845.927789628,23,falling
17845.927797387,23,rising
17845.927801628,23,rising
17845.927808461,23,falling
17845.927812850,24,falling
17845.927817461,23,falling
17845.927818517,24,falling
17845.927824813,23,falling
17845.927829480,23,falling
17845.927847628,23,falling
17845.927884720,23,falling
17845.927889646,23,falling
17845.927899202,23,falling
17845.927904017,23,falling
17845.927918683,23,falling
17845.927924239,23,falling
17845.927929239,23,falling
17845.927942331,23,rising
17845.927949091,23,falling
17845.927956498,23,falling
17845.927964257,23,falling
17845.927969017,23,falling
17845.927974109,23,falling
17845.927978665,23,falling
17845.927983331,23,falling
17845.927998276,23,rising
17845.928003961,23,falling
17845.928015294,23,falling
17845.928020017,23,rising
17845.928025739,23,falling
17845.928030405,23,rising
17845.928035054,23,falling
17845.928036387,24,falling
17845.928041276,23,falling
17845.928048202,23,rising
17845.928052794,23,rising
17845.928053480,24,falling
17845.928058202,23,falling
17845.928059331,24,falling
17845.928064257,23,falling
17845.928068887,23,falling
17845.928074257,23,falling
17845.928078794,23,falling
17845.928082498,23,falling
17845.928087461,23,falling
17845.928092165,23,falling
17845.928097109,23,rising
17845.928101776,23,falling
17845.928102850,24,falling
17845.928107720,23,rising
17845.928112350,23,rising
17845.928117165,23,rising
17845.928118591,24,falling
17845.928129387,23,rising
17845.928180442,23,falling
17845.928185091,23,rising
17845.928189757,23,falling
17845.928194628,23,rising
17845.928198368,23,falling
17845.928216776,23,falling
17845.928221424,23,falling
17845.928226017,23,falling
17845.928347813,23,falling
17845.928348942,24,falling
17845.928353813,23,falling
17845.928354924,24,falling
17845.928418498,23,falling
17845.928419553,24,falling
17845.928424479,23,falling
17845.928488776,24,rising
17845.928552035,23,falling
17845.928567350,23,rising
17845.928572183,23,falling
17845.928576831,23,falling
17845.928629442,23,falling
17845.928639442,23,falling
17845.928645461,23,falling
17845.928662109,23,falling
17845.928666776,23,falling
17845.928671387,23,rising
17845.928677165,23,falling
17845.928698146,23,rising
17845.928705220,23,rising
17845.928713276,23,falling
17845.928717924,23,falling
17845.928722498,23,falling
17845.928726442,23,rising
17845.928731109,23,falling
17845.928737850,23,rising
17845.928742609,23,rising
17845.928760961,23,falling
17845.928770350,23,rising
17845.928774998,23,rising
17845.928779553,23,rising
17845.928794905,23,falling
17845.928799553,23,rising
17845.928804146,23,falling
17845.928811257,23,falling
17845.928816294,23,falling
17845.928831627,23,falling
17845.928840998,23,falling
17845.928845664,23,falling
17845.928857350,23,falling
17845.928862239,23,falling
17845.928866813,23,falling
17845.928871850,23,falling
17845.928879368,23,rising
17845.928883979,23,rising
17845.928888924,23,falling
17845.928904461,23,rising
17845.928909090,23,rising
17845.928928942,23,rising
17845.930713312,24,falling
17845.930730516,24,falling
17845.930735775,24,falling
17845.930740460,24,falling
17845.930752016,24,falling
17845.930777479,24,falling
17845.930783312,24,falling
17845.930788516,24,falling
17845.930794904,24,falling
17845.930800830,24,falling
17845.930806034,24,falling
17845.930831923,24,falling
17845.930878182,24,falling
17845.931262849,24,falling
17845.931341719,23,falling
17845.931510626,23,falling
17845.931511682,24,falling
17845.931517886,23,rising
17845.931518960,24,rising
17845.931524904,23,rising
17845.931525960,24,rising
17845.931534219,23,falling
17845.931535330,24,rising
17845.931540330,23,falling
17845.931541441,24,falling
17845.931547386,23,falling
17845.931548497,24,falling
17845.931556941,23,falling
17845.931557978,24,falling
17845.931563978,23,rising
17845.931565071,24,falling
17845.931570071,23,falling
17845.931571126,24,falling
17845.932107848,23,falling
17845.932108978,24,falling
17845.932293311,23,rising
17845.932297996,23,rising
17845.932304719,23,rising
17845.932406348,23,falling
17845.932421033,23,falling
17845.932437052,23,rising
17845.932441737,23,falling
17845.932453311,23,falling
17845.932458385,23,rising
17845.932467441,23,falling
17845.932472052,23,rising
17845.932482052,23,falling
17845.932490663,23,falling
17845.932495311,23,rising
17845.932499885,23,rising
17845.932510737,23,falling
17845.932515367,23,falling
17845.932519922,23,falling
17845.932523848,23,falling
17845.932530052,23,rising
17845.932534033,23,rising
17845.932544348,23,falling
17845.932548163,23,falling
17845.932673256,23,rising
17845.932673978,24,rising
17845.932688256,24,falling
17845.932687478,23,falling
17845.932692885,23,falling
17845.932699089,23,falling
17845.932699774,24,falling
17845.932722978,24,rising
17845.932722200,23,rising
17845.932727959,24,falling
17845.932727607,23,falling
17845.932732941,24,falling
17845.932732570,23,falling
17845.932741478,24,falling
17845.932741107,23,falling
17845.932762904,24,rising
17845.932762200,23,rising
17845.932767570,23,falling
17845.932767922,24,falling
17845.932812700,23,falling
17845.932821737,23,rising
17845.932829756,23,falling
17845.932835663,23,rising
17845.932862904,23,falling
17845.932867459,23,rising
17845.932884700,23,falling
17845.932889922,23,rising
17845.932937422,23,falling
17845.932942070,23,rising
17845.932961293,23,rising
17845.932965922,23,falling
17845.932970478,23,rising
17845.932971181,24,falling
17845.932987607,23,falling
17845.933010700,23,falling
17845.933020755,23,falling
17845.933025441,23,falling
17845.933035959,23,rising
17845.933040644,23,falling
17845.933045181,23,falling
17845.933049144,23,falling
17845.933053978,23,falling
17845.933055033,24,falling
17845.933134163,23,falling
17845.933141848,24,falling
17845.933147218,24,rising
17845.933157181,24,rising
17845.933161866,24,falling
17845.933188515,23,falling
17845.933189589,24,falling
17845.933201644,23,falling
17845.933213126,24,falling
17845.933218515,24,falling
17845.933229237,24,falling
17845.933234033,24,falling
17845.933273626,23,rising
17845.933288737,23,rising
17845.933289792,24,rising
17845.933299181,23,rising
17845.933303941,23,rising
17845.933311644,23,falling
17845.933317385,23,rising
17845.933322107,23,falling
17845.933327163,23,falling
17845.933333644,23,falling
17845.933353385,23,falling
17845.933358089,23,falling
17845.933372107,23,falling
17845.933376737,23,falling
17845.933408422,23,falling
17845.933418774,23,falling
17845.933432311,23,falling
17845.933441255,23,falling
17845.933445959,23,falling
17845.933454533,23,rising
17845.935156810,24,rising
17845.935161940,24,falling
17845.935167773,24,rising
17845.935176273,24,falling
17845.935181514,24,falling
17845.935187940,24,falling
17845.935199162,24,falling
17845.935203829,24,falling
17845.935208458,24,falling
17845.935227718,24,falling
17845.935498958,24,falling
17845.935506217,24,falling
17845.935577866,24,falling
17845.935607588,24,falling
17845.935619884,24,falling
17845.935640458,24,falling
17845.935648477,24,falling
17845.935653143,24,falling
17845.935657754,24,falling
17845.935663606,24,falling
17845.935667366,24,falling
17845.935688106,24,falling
17845.935996162,24,falling
17845.936027217,24,falling
17845.936031995,24,falling
17845.936050180,24,falling
17845.936057551,24,falling
17845.936082847,24,falling
17845.936087551,24,falling
17845.936148384,24,falling
17845.936153088,24,rising
17845.936157717,24,falling
17845.936161958,24,falling
17845.936165976,24,falling
17845.936172069,24,falling
17845.936176754,24,falling
17845.936181532,24,falling
17845.936258069,24,falling
17845.936262791,24,falling
17845.936267625,24,falling
17845.936272291,24,falling
17845.936333680,24,falling
17845.936368717,24,falling
17845.936376495,24,falling
17845.936381254,24,falling
17845.936388791,24,falling
17845.936395050,24,falling
17845.936399995,24,falling
17845.936404699,24,falling
17845.936417162,24,rising
17845.936421865,24,falling
17845.936426439,24,falling
17845.936430402,24,rising
17845.936436532,24,falling
17845.936460921,24,falling
17845.936466736,24,falling
17845.936476458,24,falling
17845.936572902,24,falling
17845.936577569,24,rising
17845.936586939,24,falling
17845.936599439,24,falling
17845.936604143,24,falling
17845.936608976,23,rising
17845.936609958,24,rising
17845.936616310,24,rising
17845.936620347,24,falling
17845.936625513,23,falling
17845.936626643,24,rising
17845.936631680,23,rising
17845.936632810,24,falling
17845.936637699,23,rising
17845.936638810,24,falling
17845.936646217,23,rising
17845.936650884,23,rising
17845.936655439,23,falling
17845.936659236,23,rising
17845.936666273,24,falling
17845.936670958,23,rising
17845.936672069,24,rising
17845.936676902,23,rising
17845.936677995,24,rising
17845.936682902,23,rising
17845.936684032,24,rising
17845.936688921,23,rising
17845.936690050,24,falling
17845.936694921,23,falling
17845.936696013,24,falling
17845.936718643,23,falling
17845.936719773,24,falling
17845.936784032,23,rising
17845.936785143,24,rising
17845.936789995,23,falling
17845.936791106,24,falling
17845.936801217,23,falling
17845.936802365,24,rising
17845.936807235,23,falling
17845.936808347,24,falling
17845.936816513,23,falling
17845.936817643,24,falling
17845.936833013,23,rising
17845.936834143,24,rising
17845.936840347,23,falling
17845.936841458,24,falling
17845.936848106,23,falling
17845.936849198,24,falling
17845.936855143,23,falling
17845.936856198,24,falling
17845.936862217,23,falling
17845.936868180,23,rising
17845.936869217,24,rising
17845.936875180,23,falling
17845.936876235,24,falling
17845.936881254,23,falling
17845.936914995,23,falling
17845.936916069,24,falling
17845.936920772,23,falling
17845.936921365,24,falling
17845.936926884,23,rising
17845.936927995,24,falling
17845.936932995,23,falling
17845.936934032,24,falling
17845.936938995,23,falling
17845.936940106,24,falling
17845.936962309,23,falling
17845.936963421,24,falling
17845.936970532,23,falling
17845.936971661,24,falling
17845.936985032,23,rising
17845.936986143,24,rising
17845.936991087,23,rising
17845.936992198,24,rising
17845.936997958,23,falling
17845.936999087,24,falling
17845.937003884,23,rising
17845.937004384,24,falling
17845.937009569,23,falling
17845.937010958,24,rising
17845.937016235,23,rising
17845.937017347,24,rising
17845.937035421,23,falling
17845.937036569,24,falling
17845.937044865,23,falling
17845.937045328,24,falling
17845.937058384,23,rising
17845.937059550,24,rising
17845.937064254,23,rising
17845.937072976,24,rising
17845.937076606,23,rising
17845.937077032,24,rising
17845.937088902,23,falling
17845.937090032,24,falling
17845.937094809,23,rising
17845.937095884,24,rising
17845.937111421,23,rising
17845.937112532,24,rising
17845.937121809,23,falling
17845.937122958,24,falling
17845.937128032,23,rising
17845.937129180,24,rising
17845.937136309,23,rising
17845.937137365,24,rising
17845.937143680,23,falling
17845.937144717,24,falling
17845.937164717,23,falling
17845.937165865,24,falling
17845.937171791,23,falling
17845.937172902,24,falling
17845.937178161,23,falling
17845.937182791,24,falling
17845.937207365,24,falling
17845.937206254,23,falling
17845.937239772,24,falling
17845.937239254,23,falling
17845.937273920,24,rising
17845.937273050,23,falling
17845.937281587,23,falling
17845.937282680,24,falling
17845.937288772,23,rising
17845.937289846,24,rising
17845.937294717,23,falling
17845.937295902,24,rising
17845.937300828,23,rising
17845.937301958,24,falling
17845.937306846,23,falling
17845.937307958,24,falling
17845.937312809,23,falling
17845.937313865,24,falling
17845.937320198,23,falling
17845.937321254,24,rising
17845.937326198,23,falling
17845.937327254,24,falling
17845.937341346,23,falling
17845.937342383,24,falling
17845.937349717,23,falling
17845.937350828,24,falling
17845.937356272,23,falling
17845.937357717,24,falling
17845.937392995,23,falling
17845.937394069,24,falling
17845.937412976,23,rising
17845.937414087,24,falling
17845.937418920,23,falling
17845.937420050,24,falling
17845.937424939,23,falling
17845.937426050,24,falling
17845.937430920,23,falling
17845.937461402,23,falling
17845.937462494,24,falling
17845.937467383,23,falling
17845.937468494,24,falling
17845.937474272,23,falling
17845.937475439,24,falling
17845.937480309,23,rising
17845.937481457,24,falling
17845.937486328,23,falling
17845.937487476,24,rising
17845.937492383,23,rising
17845.937493420,24,rising
17845.937498439,23,falling
17845.937499569,24,falling
17845.937504439,23,rising
17845.937505494,24,rising
17845.937511735,23,rising
17845.937512828,24,rising
17845.937517698,23,falling
17845.937522402,23,falling
17845.937523513,24,falling
17845.937601365,23,falling
17845.937602531,24,falling
17845.937607383,23,rising
17845.937608550,24,falling
17845.937613439,23,rising
17845.937614550,24,falling
17845.937619439,23,falling
17845.937620569,24,falling
17845.937625439,23,falling
17845.937644106,23,falling
17845.937645235,24,falling
17845.937650106,23,falling
17845.937651235,24,falling
17845.937674365,23,falling
17845.937675494,24,falling
17845.937689902,23,rising
17845.937691013,24,falling
17845.937695902,23,falling
17845.937697031,24,falling
17845.937701865,23,falling
17845.937717680,23,falling
17845.937718791,24,falling
17845.937727828,23,falling
17845.937728957,24,falling
17845.937749105,23,falling
17845.937750217,24,falling
17845.937755124,23,falling
17845.937756254,24,falling
17845.937784328,23,rising
17845.937785439,24,falling
17845.937790309,23,falling
17845.937791420,24,falling
17845.937802698,23,rising
17845.937803828,24,rising
17845.937808698,23,falling
17845.937809809,24,falling
17845.937814698,23,falling
17845.937815809,24,falling
17845.937820994,23,rising
17845.937822031,24,rising
17845.937845846,23,rising
17845.937846976,24,falling
17845.937851846,23,rising
17845.937852957,24,rising
17845.937857809,23,rising
17845.937869402,23,rising
17845.937870513,24,falling
17845.937875383,23,falling
17845.937876513,24,rising
17845.937881383,23,falling
17845.937882494,24,falling
17845.937887865,23,falling
17845.937888994,24,falling
17845.937893865,23,rising
17845.937898531,23,falling
17845.937899568,24,falling
17845.937904513,23,falling
17845.937908513,23,rising
17845.937909642,24,falling
17845.937914494,23,falling
17845.937915605,24,falling
17845.937920476,23,falling
17845.937921587,24,falling
17845.937926513,23,rising
17845.937927624,24,rising
17845.937932476,23,rising
17845.937937179,23,falling
17845.937938309,24,falling
17845.937943161,23,falling
17845.938015476,24,rising
17845.938037142,23,falling
17845.938046957,23,falling
17845.938051605,23,falling
17845.938056179,23,falling
17845.938067272,23,falling
17845.938074087,23,falling
17845.938078791,23,falling
17845.938083346,23,falling
17845.938102328,23,falling
17845.938111809,23,falling
17845.938152161,23,falling
17845.938156828,23,falling
17845.938163753,23,falling
17845.938168402,23,rising
17845.938173402,23,falling
17845.938181994,23,rising
17845.938186753,23,rising
17845.938192161,23,rising
17845.938198050,23,falling
17845.938202605,23,falling
17845.938207216,23,rising
17845.938217365,23,rising
17845.938223902,23,falling
17845.938228494,23,falling
17845.938234531,23,falling
17845.938238642,23,falling
17845.938244976,23,rising
17845.938252290,23,falling
17845.938256920,23,falling
17845.938261753,23,rising
17845.938267920,23,falling
17845.938272568,23,falling
17845.938277179,23,rising
17845.938280957,23,falling
17845.938292753,23,rising
17845.938297439,23,falling
17845.938302290,23,falling
17845.938309902,23,falling
17845.938314587,23,rising
17845.938319161,23,falling
17845.938325642,23,falling
17845.938336013,23,falling
17845.938350920,23,rising
17845.938357198,23,falling
17845.938361827,23,rising
17845.938367327,23,rising
17845.938371994,23,falling
17845.938376661,23,falling
17845.938381235,23,rising
17845.938394124,23,falling
17845.938398827,23,rising
17845.938410883,23,rising
17845.938415920,23,rising
17845.938442902,23,rising
17845.938447605,23,rising
17845.938454605,23,rising
17845.938461531,23,rising
17845.938466142,23,falling
17845.938484772,23,falling
17845.938490013,23,falling
17845.938593087,23,rising
17845.938598013,23,rising
17845.938606531,23,rising
17845.938611105,23,rising
17845.938617846,23,falling
17845.938625253,23,rising
17845.938629827,23,rising
17845.938641401,23,rising
17845.938652272,23,rising
17845.938659531,23,falling
17845.938664864,23,rising
17845.938678235,23,falling
17845.938686253,23,falling
17845.938689383,23,falling
17845.938705827,23,falling
17845.938729920,23,falling
17845.938745364,23,falling
17845.938754327,23,rising
17845.938761883,23,rising
17845.938767142,23,falling
17845.938772679,23,rising
17845.938777105,23,rising
17845.938784772,23,falling
17845.938788938,23,rising
17845.938793735,23,rising
17845.940107697,24,rising
17845.940117679,24,falling
17845.940179530,24,falling
17845.940184197,24,falling
17845.940188938,24,falling
17845.940199401,24,falling
17845.940204123,24,falling
17845.940208753,24,falling
17845.940218364,24,falling
17845.940223160,24,falling
17845.940241530,24,falling
17845.940246679,24,falling
17845.940255475,24,falling
17845.940261067,24,falling
17845.940268493,24,falling
17845.940279642,24,falling
17845.940285919,24,rising
17845.940290623,24,falling
17845.940314734,24,falling
17845.940319975,24,falling
17845.940326290,24,falling
17845.940688753,24,rising
17845.940693401,24,falling
17845.940699697,24,rising
17845.940704419,24,falling
17845.940711808,24,rising
17845.940717253,24,falling
17845.940723290,24,falling
17845.940727975,24,falling
17845.940753327,24,rising
17845.940758086,24,falling
17845.940762752,24,falling
17845.940777401,24,falling
17845.940792419,24,falling
17845.940803919,24,falling
17845.940810086,24,falling
17845.940817697,24,falling
17845.940826049,24,falling
17845.940852475,24,rising
17845.940857289,24,rising
17845.940864012,24,falling
17845.940870438,24,falling
17845.940882975,24,falling
17845.941233808,24,falling
17845.941238900,24,falling
17845.941252382,24,falling
17845.941266308,24,rising
17845.941271678,24,falling
17845.941282641,24,falling
17845.941331586,24,falling
17845.941336271,24,falling
17845.941503326,23,rising
17845.941513937,23,falling
17845.941519271,23,falling
17845.941531178,23,falling
17845.941536030,23,falling
17845.941540382,23,falling
17845.941573234,24,falling
17845.941572530,23,falling
17845.941578530,24,falling
17845.941578178,23,rising
17845.941582919,23,falling
17845.941583271,24,falling
17845.941594493,23,falling
17845.941595252,24,falling
17845.941602586,23,rising
17845.941603289,24,rising
17845.941609548,24,falling
17845.941614419,24,rising
17845.941614067,23,rising
17845.941619882,24,falling
17845.941619530,23,falling
17845.941624863,24,falling
17845.941630808,24,falling
17845.941630437,23,falling
17845.941635326,23,rising
17845.941635660,24,rising
17845.941645215,24,rising
17845.941644511,23,rising
17845.941649826,23,rising
17845.941650178,24,rising
17845.941656919,23,rising
17845.941657604,24,falling
17845.941663085,23,falling
17845.941663493,24,falling
17845.941735511,23,falling
17845.941736271,24,falling
17845.941765197,24,falling
17845.941764437,23,rising
17845.941770197,24,falling
17845.941769845,23,falling
17845.941775178,24,rising
17845.941780363,23,falling
17845.941780715,24,falling
17845.941957011,23,falling
17845.941957715,24,falling
17845.941963474,23,falling
17845.941963845,24,falling
17845.942157419,24,falling
17845.942162011,24,rising
17845.942161604,23,rising
17845.942166511,24,falling
17845.942166178,23,falling
17845.942185215,23,falling
17845.942186363,24,falling
17845.942195752,23,falling
17845.942196863,24,falling
17845.942201696,23,falling
17845.942202733,24,falling
17845.942208715,23,falling
17845.942209770,24,falling
17845.942467493,23,rising
17845.942468641,24,falling
17845.942474085,23,falling
17845.942475215,24,rising
17845.942481548,23,rising
17845.942482622,24,falling
17845.942487974,23,falling
17845.942489011,24,falling
17845.942495030,23,falling
17845.942501085,24,rising
17845.942505233,23,falling
17845.942505752,24,rising
17845.942512493,23,rising
17845.942513530,24,rising
17845.942523530,23,falling
17845.942524548,24,falling
17845.942536863,23,rising
17845.942537900,24,rising
17845.942543030,23,rising
17845.942543918,24,rising
17845.942549289,23,rising
17845.942550196,24,rising
17845.942566937,23,rising
17845.942567289,24,rising
17845.942583733,24,rising
17845.942588122,23,rising
17845.942588493,24,rising
17845.942593659,23,rising
17845.942594437,24,rising
17845.942606807,24,rising
17845.942611715,24,falling
17845.942605548,23,rising
17845.942611363,23,rising
17845.942618418,23,falling
17845.942619530,24,falling
17845.942624437,23,rising
17845.942625493,24,falling
17845.942630585,23,falling
17845.942631641,24,falling
17845.942636493,23,rising
17845.942641067,23,falling
17845.942642104,24,falling
17845.942659104,23,falling
17845.942661030,24,falling
17845.942675863,23,falling
17845.942677048,24,falling
17845.942684030,23,falling
17845.942685048,24,falling
17845.942700252,23,falling
17845.942701474,24,falling
17845.942707918,23,falling
17845.942709011,24,falling
17845.942715011,23,falling
17845.942716067,24,falling
17845.942720955,23,falling
17845.943042029,23,falling
17845.943043196,24,rising
17845.943048307,23,rising
17845.943049641,24,rising
17845.943067029,23,rising
17845.943068085,24,rising
17845.943073215,23,rising
17845.943074363,24,rising
17845.943083937,23,rising
17845.943085048,24,rising
17845.943090103,23,falling
17845.943091215,24,falling
17845.943096196,23,falling
17845.943097326,24,falling
17845.943107122,23,rising
17845.943108233,24,rising
17845.943125770,23,falling
17845.943126881,24,falling
17845.943131974,23,falling
17845.943133103,24,falling
17845.943275085,23,falling
17845.943276122,24,falling
17845.943290455,24,rising
17845.943299992,23,falling
17845.943307196,23,rising
17845.943311789,23,falling
17845.943316844,23,rising
17845.943321455,23,rising
17845.943326066,23,falling
17845.943331085,23,falling
17845.943335733,23,falling
17845.943340733,23,falling
17845.943345863,23,rising
17845.943356585,23,rising
17845.943361270,23,rising
17845.943366307,23,falling
17845.943371011,23,falling
17845.943556066,23,falling
17845.943561251,23,falling
17845.943619603,23,falling
17845.943624270,23,rising
17845.943628918,23,falling
17845.943638677,23,falling
17845.943661270,23,falling
17845.943665974,23,falling
17845.943670714,23,falling
17845.943675603,23,rising
17845.943680437,23,rising
17845.943685344,23,rising
17845.943767455,23,falling
17845.943777140,23,falling
17845.943781788,23,falling
17845.943786362,23,falling
17845.943791751,23,falling
17845.943797770,23,rising
17845.943802418,23,falling
17845.943808659,23,falling
17845.943813881,23,falling
17845.943826066,23,falling
17845.943841548,23,falling
17845.943846103,23,falling
17845.943850659,23,rising
17845.943867807,23,falling
17845.943884474,23,falling
17845.943901029,23,falling
17845.943911085,23,falling
17845.943915714,23,falling
17845.943920992,23,falling
17845.943926140,23,falling
17845.943930677,23,falling
17845.943946974,23,rising
17845.943954140,23,falling
17845.943958733,23,falling
17845.943963362,23,rising
17845.943967936,23,falling
17845.943979066,23,falling
17845.943983714,23,falling
17845.943988270,23,falling
17845.944006862,23,falling
17845.944012362,23,falling
17845.944022436,23,falling
17845.944027140,23,falling
17845.944031751,23,falling
17845.944035696,23,falling
17845.944040362,23,rising
17845.944044918,23,falling
17845.944050381,23,falling
17845.944055751,23,rising
17845.944065510,23,rising
17845.945563991,24,rising
17845.945571010,24,falling
17845.945577473,24,falling
17845.945582177,24,falling
17845.946230936,24,falling
17845.946275991,24,falling
17845.946294973,24,falling
17845.946465547,24,falling
17845.946473547,24,falling
17845.946478473,24,falling
17845.946483861,24,falling
17845.946489824,24,falling
17845.946501584,24,falling
17845.946939917,24,rising
17845.946944658,24,rising
17845.946950954,24,falling
17845.946957843,24,falling
17845.946963861,24,falling
17845.947028435,23,falling
17845.947443972,24,falling
17845.947462120,24,falling
17845.947537620,23,falling
17845.947538768,24,falling
17845.947909805,23,falling
17845.947910898,24,falling
17845.948042898,24,falling
17845.948050416,24,falling
17845.948350342,23,rising
17845.948351453,24,falling
17845.948356176,23,falling
17845.948358472,24,falling
17845.949233471,24,rising
17845.949478286,23,falling
17845.949484453,23,falling
17845.949504971,23,falling
17845.949510638,23,falling
17845.949522620,23,falling
17845.949527249,23,falling
17845.949539194,23,falling
17845.949546971,23,falling
17845.949552120,23,falling
17845.949577120,23,falling
17845.949582323,23,falling
17845.949619619,23,rising
17845.949650027,23,falling
17845.949656138,23,falling
17845.949665082,23,falling
17845.949689490,23,falling
17845.949969434,23,falling
17845.949978638,23,rising
17845.951912859,24,falling
17845.951922063,24,falling
17845.951937137,24,falling
17845.953516822,23,falling
17845.953530433,23,falling
17845.955550765,23,falling
17845.955563173,23,falling
17845.956379932,24,rising
17845.957263913,23,rising
17845.960857523,24,falling
17845.962444707,23,falling
17845.967959538,24,rising
17845.970622926,23,rising
17846.141519806,24,falling
17846.143671397,23,falling
17846.143682583,23,falling
17846.143687490,23,falling
17846.143713916,23,falling
17846.149443229,24,rising
17846.150586673,23,falling
17846.150686710,23,falling
17846.150735321,23,falling
17846.150925302,23,falling
17846.150948747,23,rising
17846.150953376,23,rising
17846.154555134,24,falling
17846.155946615,23,falling
17846.155962374,23,falling
17846.155963467,24,falling
17846.156031745,23,falling
17846.156032800,24,falling
17846.156038652,23,falling
17846.156039782,24,falling
17846.156048485,23,falling
17846.156049245,24,falling
17846.158160207,23,falling
17846.158161318,24,falling
17846.159094855,23,falling
17846.159095947,24,falling
17846.159149206,23,falling
17846.159150355,24,falling
17846.159155262,23,falling
17846.159156373,24,falling
17846.159176669,23,falling
17846.159177780,24,falling
17846.159184151,23,falling
17846.159185262,24,falling
17846.159203540,23,falling
17846.159204595,24,falling
17846.159209947,23,rising
17846.159211077,24,falling
17846.159215966,23,falling
17846.159217095,24,falling
17846.159227595,23,rising
17846.159228706,24,falling
17846.159233595,23,falling
17846.159234706,24,falling
17846.159291743,23,falling
17846.159292929,24,falling
17846.159407021,23,falling
17846.159408225,24,falling
17846.159413132,23,rising
17846.159414225,24,falling
17846.159419132,23,falling
17846.159420188,24,falling
17846.159425132,23,falling
17846.159426243,24,falling
17846.159472077,23,falling
17846.159473188,24,falling
17846.159524503,23,falling
17846.159525577,24,falling
17846.159531188,24,rising
17846.159545151,23,falling
17846.159550558,23,falling
17846.159555669,23,falling
17846.159569873,23,falling
17846.160047762,23,falling
17846.160053169,23,falling
17846.160082576,23,falling
17846.160087336,23,falling
17846.160125021,23,falling
17846.160137947,23,falling
17846.160236336,23,falling
17846.160373780,23,falling
17846.160381002,23,falling
17846.160402836,23,falling
17846.160409687,23,falling
17846.160449224,23,falling
17846.160453854,23,falling
17846.160458854,23,falling
17846.160478891,23,falling
17846.160489113,23,rising
17846.160493817,23,rising
17846.160498447,23,falling
17846.160503076,23,falling
17846.160510373,23,falling
17846.160515002,23,rising
17846.160519632,23,falling
17846.160525873,23,falling
17846.160530613,23,falling
17846.160537206,23,falling
17846.160541836,23,falling
17846.160546465,23,rising
17846.160552706,23,falling
17846.160557317,23,rising
17846.160562539,23,falling
17846.160568965,23,rising
17846.160581261,23,falling
17846.160585910,23,falling
17846.160590539,23,falling
17846.160595317,23,falling
17846.160610724,23,falling
17846.160627243,23,rising
17846.163038298,24,falling
17846.163217686,24,falling
17846.163575057,24,falling
17846.163683297,24,falling
17846.163688038,24,falling
17846.163694297,24,falling
17846.163699001,24,falling
17846.163736871,24,falling
17846.163741612,24,falling
17846.163746242,24,falling
17846.163751575,24,rising
17846.163764834,24,falling
17846.163771927,24,falling
17846.163777797,24,falling
17846.163782501,24,falling
17846.163787168,24,falling
17846.163791871,24,falling
17846.163801945,24,falling
17846.163808649,24,falling
17846.163814094,24,falling
17846.163820131,24,falling
17846.163826094,24,falling
17846.163830816,24,falling
17846.163930297,24,falling
17846.163938019,24,falling
17846.163943797,24,falling
17846.163948445,24,falling
17846.163973112,24,falling
17846.163981612,24,falling
17846.163993260,24,falling
17846.164004945,24,falling
17846.164011612,24,rising
17846.164016316,24,falling
17846.164028205,24,falling
17846.164038668,23,falling
17846.164043649,23,falling
17846.164044945,24,falling
17846.164049927,23,rising
17846.164051093,24,falling
17846.164056242,23,falling
17846.164058927,24,falling
17846.164091242,23,falling
17846.164092390,24,falling
17846.164102223,23,falling
17846.164103279,24,falling
17846.164132408,23,falling
17846.164133519,24,falling
17846.164389945,23,falling
17846.164391056,24,falling
17846.164395927,23,falling
17846.164397038,24,rising
17846.164401927,23,falling
17846.164403038,24,falling
17846.164407853,23,falling
17846.164408982,24,falling
17846.164413871,23,falling
17846.164414982,24,falling
17846.164501538,23,falling
17846.164502667,24,falling
17846.164750315,23,falling
17846.164754982,23,falling
17846.164759630,23,falling
17846.164760686,24,falling
17846.164765815,23,falling
17846.164766889,24,falling
17846.164904612,23,falling
17846.164905723,24,rising
17846.164910389,23,falling
17846.164912130,24,falling
17846.165407574,23,falling
17846.165408686,24,falling
17846.165414574,23,falling
17846.165415686,24,rising
17846.165420611,23,falling
17846.165421741,24,falling
17846.165426611,23,falling
17846.165634315,23,falling
17846.165635426,24,falling
17846.166081315,23,rising
17846.166082445,24,falling
17846.166087519,23,falling
17846.166088556,24,rising
17846.166093648,23,falling
17846.166094741,24,falling
17846.166102093,23,falling
17846.166103204,24,rising
17846.166108111,23,falling
17846.166109222,24,falling
17846.166115315,23,falling
17846.166116426,24,falling
17846.166121519,23,falling
17846.166122630,24,falling
17846.166311630,23,rising
17846.166312741,24,falling
17846.166317426,23,falling
17846.166318130,24,falling
17846.166324259,23,falling
17846.166325389,24,falling
17846.166332759,23,falling
17846.166333889,24,falling
17846.166338796,23,rising
17846.166339870,24,rising
17846.166344833,23,falling
17846.166345963,24,rising
17846.166350870,23,falling
17846.166351981,24,falling
17846.166359018,23,falling
17846.166360130,24,rising
17846.166365037,23,falling
17846.166366148,24,rising
17846.166371018,23,rising
17846.166372074,24,falling
17846.166377037,23,falling
17846.166378148,24,falling
17846.166385426,23,falling
17846.166386537,24,rising
17846.166391426,23,falling
17846.166392537,24,falling
17846.166397444,23,falling
17846.166536426,24,rising
17846.166564481,24,falling
17846.166569722,24,falling
17846.166579444,24,falling
17846.166584092,24,falling
17846.166588722,24,rising
17846.166593333,24,falling
17846.166599222,23,falling
17846.166600278,24,falling
17846.166605407,23,falling
17846.166606518,24,rising
17846.166611537,23,rising
17846.166612592,24,falling
17846.166618018,23,falling
17846.166619037,24,falling
17846.166624148,24,falling
17846.166686741,24,rising
17846.166985037,23,rising
17846.166990185,23,falling
17846.167185592,23,falling
17846.167191351,23,rising
17846.169742091,24,falling
17846.169751832,24,falling
17846.170717869,23,rising
17846.170725646,23,falling
17846.170732721,23,rising
17846.170747906,23,falling
17846.170752609,23,rising
17846.170761850,23,falling
17846.170766572,23,falling
17846.170771239,23,rising
17846.170797943,23,falling
17846.170802998,23,rising
17846.170807980,23,falling
17846.170812554,23,falling
17846.170817128,23,falling
17846.170826183,23,falling
17846.170859295,23,rising
17846.170883183,23,rising
17846.170887869,23,falling
17846.170892498,23,falling
17846.170897146,23,falling
17846.170902350,23,falling
17846.170916535,23,falling
17846.171086128,24,falling
17846.171091350,24,falling
17846.171102146,24,rising
17846.171106794,24,rising
17846.171113609,24,rising
17846.171121831,24,falling
17846.171126535,24,falling
17846.171133794,24,rising
17846.171138443,24,rising
17846.171148628,24,falling
17846.171198220,24,falling
17846.171365924,24,falling
17846.172625553,24,falling
17846.172648849,24,rising
17846.172702701,23,falling
17846.172927183,23,falling
17846.172936053,23,falling
17846.172940701,23,falling
17846.173302442,23,rising
17846.175051145,24,falling
17846.175078200,24,rising
17846.175086386,24,falling
17846.175767663,23,falling
17846.176347867,24,falling
17846.176358626,24,falling
17846.176363700,24,falling
17846.176371626,24,rising
17846.176376329,24,rising
17846.176382589,24,falling
17846.176387218,24,falling
17846.176391867,24,falling
17846.176396552,24,falling
17846.176401181,24,falling
17846.176731348,24,falling
17846.176737181,24,rising
17846.176742126,24,falling
17846.176894052,23,rising
17846.176895033,24,rising
17846.176899903,23,falling
17846.176900681,24,falling
17846.176908644,23,falling
17846.176909718,24,falling
17846.176924996,23,falling
17846.176926144,24,falling
17846.176931200,23,falling
17846.176932311,24,falling
17846.177155292,24,falling
17846.177258829,24,falling
17846.177287700,24,rising
17846.177295274,24,rising
17846.177299959,24,rising
17846.177307403,24,rising
17846.177312070,24,rising
17846.177316866,24,falling
17846.177322237,24,falling
17846.177338162,24,falling
17846.177342866,24,falling
17846.177349311,24,rising
17846.177353996,24,falling
17846.177358718,24,falling
17846.177367755,24,falling
17846.177389885,24,falling
17846.177681496,24,falling
17846.177689736,24,rising
17846.178128681,23,rising
17846.179753143,24,falling
17846.180306717,23,falling
17846.180318717,23,rising
17846.180324087,23,falling
17846.180337346,23,rising
17846.180342346,23,falling
17846.180350643,23,falling
17846.180355254,23,falling
17846.180360458,23,falling
17846.180680735,24,falling
17846.180688346,24,falling
17846.180693420,24,rising
17846.180748606,24,rising
17846.180753532,24,falling
17846.180776069,24,falling
17846.180983124,24,falling
17846.181052513,24,falling
17846.181070939,24,rising
17846.181078291,24,falling
17846.181092605,24,falling
17846.181142124,24,rising
17846.181148346,24,falling
17846.181153013,24,falling
17846.181160217,24,falling
17846.181166217,24,falling
17846.181175550,24,falling
17846.181207383,24,rising
17846.181226624,24,falling
17846.181238883,24,falling
17846.181243883,24,falling
17846.181476068,24,falling
17846.181480902,24,rising
17846.181493253,24,falling
17846.181507290,24,falling
17846.181513050,24,falling
17846.181517753,24,falling
17846.181522828,24,falling
17846.181532087,24,falling
17846.181536865,23,falling
17846.181538031,24,falling
17846.181739013,23,falling
17846.181740105,24,falling
17846.181745772,24,rising
17846.181757142,24,falling
17846.181762846,24,falling
17846.181906290,24,rising
17846.181914642,24,rising
17846.181919346,24,falling
17846.182104420,24,rising
17846.182168068,23,rising
17846.182173587,23,falling
17846.182179438,23,falling
17846.182189790,23,falling
17846.182454364,23,rising
17846.184041308,24,falling
17846.184368363,23,falling
17846.184432049,24,falling
17846.184444308,24,falling
17846.184461049,24,falling
17846.184717808,23,falling
17846.184723623,23,falling
17846.185035993,24,falling
17846.185057697,24,rising
17846.185072141,24,falling
17846.185076845,24,falling
17846.185249474,24,falling
17846.185255659,24,falling
17846.185260400,24,falling
17846.185288382,24,rising
17846.185293178,24,rising
17846.185305956,24,rising
17846.185311122,24,falling
17846.185315845,24,falling
17846.185320752,24,falling
17846.185609474,24,falling
17846.185711233,24,falling
17846.185715956,24,rising
17846.185720548,24,rising
17846.185724326,24,falling
17846.185729048,24,falling
17846.185733641,24,falling
17846.185737937,24,falling
17846.185744826,24,falling
17846.185754826,24,falling
17846.185759715,24,falling
17846.185820344,24,falling
17846.185929733,24,falling
17846.185950696,24,falling
17846.185955400,24,falling
17846.185960030,24,falling
17846.185998178,24,falling
17846.186136733,24,rising
17846.186439844,23,rising
17846.188155825,24,falling
17846.188321158,23,falling
17846.188777677,24,falling
17846.188782528,23,falling
17846.188783621,24,rising
17846.188788658,24,falling
17846.190047991,24,falling
17846.190057195,24,falling
17846.190061917,24,rising
17846.190066602,24,rising
17846.190080102,24,rising
17846.190084880,24,falling
17846.190089546,24,falling
17846.190100250,24,rising
17846.190523398,23,rising
17846.190528639,23,rising
17846.192336583,24,falling
17846.192350175,24,falling
17846.192371972,23,rising
17846.192380879,23,falling
17846.192389120,23,falling
17846.192535471,24,rising
17846.192540323,24,falling
17846.192545009,24,falling
17846.192553601,24,rising
17846.192558286,24,rising
17846.192563046,24,rising
17846.192601157,24,rising
17846.192612138,24,falling
17846.192616934,24,falling
17846.192622601,24,falling
17846.192627305,24,falling
17846.192632046,24,falling
17846.192638546,24,falling
17846.192646397,24,falling
17846.192652046,24,falling
17846.192657342,24,rising
17846.192662064,24,falling
17846.192670064,24,falling
17846.192681120,24,falling
17846.192710416,24,falling
17846.192726712,24,falling
17846.192731416,24,falling
17846.192736138,24,falling
17846.192740897,24,falling
17846.192748120,24,falling
17846.192757620,24,falling
17846.192890582,24,rising
17846.192896657,24,falling
17846.192903305,24,falling
17846.192909545,24,falling
17846.192928971,24,falling
17846.192940082,24,rising
17846.192945786,24,falling
17846.192950545,24,falling
17846.193274267,24,rising
17846.193279601,24,rising
17846.193300119,24,rising
17846.193305193,24,falling
17846.193316453,24,falling
17846.193547508,24,falling
17846.193559804,24,falling
17846.193576897,24,rising
17846.193581601,24,falling
17846.193587064,24,falling
17846.193592693,24,falling
17846.193686675,24,falling
17846.193703582,24,falling
17846.193708286,24,rising
17846.193720008,24,rising
17846.193729397,24,rising
17846.193728601,23,falling
17846.193734119,23,falling
17846.193734471,24,rising
17846.193741471,24,falling
17846.193740767,23,falling
17846.193745897,24,falling
17846.193745545,23,falling
17846.193750786,24,falling
17846.193755545,24,falling
17846.193764767,23,falling
17846.193765545,24,falling
17846.193772693,24,falling
17846.193780675,24,rising
17846.193785823,24,rising
17846.193790527,24,rising
17846.193795212,24,rising
17846.193807415,24,falling
17846.193814860,24,falling
17846.193820230,24,falling
17846.193829990,24,rising
17846.193841175,24,falling
17846.193873101,24,rising
17846.193877823,24,falling
17846.193953767,24,falling
17846.193958452,24,falling
17846.193963119,24,falling
17846.193967749,24,falling
17846.193985045,24,rising
17846.193995712,24,rising
17846.194086378,24,falling
17846.194091675,24,falling
17846.194096360,24,falling
17846.194101063,24,falling
17846.194106434,24,rising
17846.194127156,24,rising
17846.194131897,24,falling
17846.194224100,24,rising
17846.194354563,23,falling
17846.194457341,23,falling
17846.194465693,23,falling
17846.194475267,23,falling
17846.194570841,23,rising
17846.194575786,23,rising
17846.194580989,23,falling
17846.194585600,23,falling
17846.194599730,23,falling
17846.194624415,23,rising
17846.196408785,24,falling
17846.196412970,24,falling
17846.196793692,23,falling
17846.197450229,24,falling
17846.197455377,24,falling
17846.197460118,24,falling
17846.197464747,24,falling
17846.197468507,24,falling
17846.197473303,24,falling
17846.197478933,24,rising
17846.197494007,24,falling
17846.197500044,24,falling
17846.197513877,24,falling
17846.197521044,24,falling
17846.197539803,24,falling
17846.197544544,24,falling
17846.197627007,24,falling
17846.197730729,24,rising
17846.197735747,24,rising
17846.197740470,24,falling
17846.197745099,24,rising
17846.197749173,24,falling
17846.197753895,24,falling
17846.197860932,23,falling
17846.197946729,24,rising
17846.197969266,24,rising
17846.197975673,24,falling
17846.197980321,24,falling
17846.198004081,24,rising
17846.198009229,24,falling
17846.198013914,24,rising
17846.198018599,24,rising
17846.198025062,24,falling
17846.198074599,24,falling
17846.198084599,24,falling
17846.198089321,24,falling
17846.198234654,24,falling
17846.198509969,23,falling
17846.198511247,24,falling
17846.198547654,23,falling
17846.198557284,24,falling
17846.198567062,24,rising
17846.198607340,23,rising
17846.198613265,23,falling
17846.198617525,23,falling
17846.198630080,23,rising
17846.198633840,23,rising
17846.198638877,23,falling
17846.198643506,23,falling
17846.198661358,23,rising
17846.198670821,23,rising
17846.198677821,23,falling
17846.198682006,23,falling
17846.198825932,23,rising
17846.198833876,23,rising
17846.198842302,23,falling
17846.198873432,23,falling
17846.198877599,23,falling
17846.198907747,23,falling
17846.199258376,23,rising
17846.200809839,24,falling
17846.201518838,23,falling
17846.201612505,24,falling
17846.201617283,24,falling
17846.201622042,24,falling
17846.201628116,24,falling
17846.201632838,24,falling
17846.201637598,24,falling
17846.201642357,24,falling
17846.201653394,24,falling
17846.201658283,24,falling
17846.201947246,24,rising
17846.201955246,24,falling
17846.201959746,24,falling
17846.202020097,24,falling
17846.202026542,24,rising
17846.202034431,24,rising
17846.202049968,24,rising
17846.202054246,24,falling
17846.202060968,24,falling
17846.202126912,24,falling
17846.202132153,24,falling
17846.202141153,24,falling
17846.202145283,24,falling
17846.202432560,23,falling
17846.202437931,23,rising
17846.202442542,23,falling
17846.202448153,23,falling
17846.202452320,23,falling
17846.202485431,23,falling
17846.202500727,23,falling
17846.202501968,24,falling
17846.202507338,23,falling
17846.202508153,24,falling
17846.202513412,23,falling
17846.202520412,24,falling
17846.202518208,23,falling
17846.202555894,24,falling
17846.202560560,24,rising
17846.202594227,24,falling
17846.202599301,24,falling
17846.202605931,24,falling
17846.202644153,23,falling
17846.202645264,24,falling
17846.202654505,23,rising
17846.202655634,24,falling
17846.202660616,23,falling
17846.202661745,24,rising
17846.202666634,23,falling
17846.202667745,24,falling
17846.202672616,23,rising
17846.202673727,24,falling
17846.202678597,23,falling
17846.202679708,24,falling
17846.202688931,23,falling
17846.202690060,24,rising
17846.202694931,23,falling
17846.202696060,24,falling
17846.202700949,23,falling
17846.202709190,23,falling
17846.202710301,24,falling
17846.202722097,23,falling
17846.202723208,24,falling
17846.202817727,24,falling
17846.202824079,24,falling
17846.202835579,24,falling
17846.202840875,24,rising
17846.202845523,24,falling
17846.202850134,24,falling
17846.202854079,24,falling
17846.202858727,24,falling
17846.202864190,24,falling
17846.202870468,24,falling
17846.202879616,24,falling
17846.202901153,23,falling
17846.202998597,24,falling
17846.203003634,24,falling
17846.203040412,24,falling
17846.203052542,23,falling
17846.203064486,23,falling
17846.203069171,23,falling
17846.203070227,24,falling
17846.203084319,24,falling
17846.203091690,24,falling
17846.203100967,24,falling
17846.203106264,24,falling
17846.203110893,24,falling
17846.203121245,23,falling
17846.203122393,24,rising
17846.203127449,23,falling
17846.203128560,24,rising
17846.203133430,23,falling
17846.203145190,24,rising
17846.203149912,23,rising
17846.203158579,23,falling
17846.203159671,24,falling
17846.203164616,23,falling
17846.203169319,23,rising
17846.203170449,24,falling
17846.203175190,24,falling
17846.203179875,23,falling
17846.203181060,24,falling
17846.203185912,23,falling
17846.203186986,24,falling
17846.203191838,23,rising
17846.203192893,24,falling
17846.203197745,23,falling
17846.203208319,24,falling
17846.203221430,24,falling
17846.203287171,24,rising
17846.203765708,23,rising
17846.206017114,24,falling
17846.206111244,24,falling
17846.206121800,24,rising
17846.206126577,24,falling
17846.206131837,24,falling
17846.206136559,24,rising
17846.206141651,24,falling
17846.206147374,24,rising
17846.206152670,24,falling
17846.206157300,24,falling
17846.206161948,24,falling
17846.206420800,24,falling
17846.206425485,24,falling
17846.206431040,24,falling
17846.206435781,24,falling
17846.206645151,24,rising
17846.206650003,24,falling
17846.206695281,23,falling
17846.206714429,23,rising
17846.206715577,24,rising
17846.206726818,23,falling
17846.206727966,24,rising
17846.206732873,23,rising
17846.206734003,24,falling
17846.206738985,23,falling
17846.206740466,24,falling
17846.206747151,23,falling
17846.206748244,24,falling
17846.206811596,23,falling
17846.206812670,24,falling
17846.206880077,23,falling
17846.206881151,24,falling
17846.206901707,23,falling
17846.206902818,24,falling
17846.206907873,23,falling
17846.206912540,23,falling
17846.206913596,24,rising
17846.206918577,23,rising
17846.206919633,24,falling
17846.206924559,23,falling
17846.206925614,24,falling
17846.206930466,23,rising
17846.206931596,24,falling
17846.206936429,23,rising
17846.206937503,24,rising
17846.206942373,23,falling
17846.206943466,24,falling
17846.206948336,23,falling
17846.206949392,24,falling
17846.206959022,23,falling
17846.206960133,24,falling
17846.207573151,23,falling
17846.207574225,24,falling
17846.207588892,23,falling
17846.207590003,24,falling
17846.207666855,23,falling
17846.207667984,24,rising
17846.207673021,23,falling
17846.207674169,24,falling
17846.207678984,23,falling
17846.207680058,24,falling
17846.207684873,23,falling
17846.207686003,24,falling
17846.207694318,23,rising
17846.207695392,24,rising
17846.207700318,23,falling
17846.207701447,24,falling
17846.207706818,23,falling
17846.207707373,24,falling
17846.207789299,23,rising
17846.207794003,23,rising
17846.207795114,24,falling
17846.207800058,23,rising
17846.207801132,24,rising
17846.207805947,23,falling
17846.207833484,24,falling
17846.207832114,23,falling
17846.207860373,23,falling
17846.207861540,24,falling
17846.207971058,23,falling
17846.207971929,24,falling
17846.207983817,24,falling
17846.207983447,23,rising
17846.207987706,24,rising
17846.208009910,24,rising
17846.208005595,23,rising
17846.208013725,24,falling
17846.208019373,24,falling
17846.208018651,23,falling
17846.208024392,24,rising
17846.208024040,23,rising
17846.208054558,24,rising
17846.208067836,24,falling
17846.208072540,23,falling
17846.208098595,23,rising
17846.208103132,24,rising
17846.208108114,24,falling
17846.208112762,24,falling
17846.208112410,23,falling
17846.208117854,23,falling
17846.208122114,24,rising
17846.208127854,24,falling
17846.208546539,24,rising
17846.208853243,23,falling
17846.208864762,23,falling
17846.208978224,23,rising
17846.211204613,24,rising
17846.211218020,24,falling
17846.211223131,24,falling
17846.211975983,23,falling
17846.212665501,24,falling
17846.212664686,23,falling
17846.212671297,24,rising
17846.212670964,23,rising
17846.212676464,23,falling
17846.212677168,24,falling
17846.212689593,23,falling
17846.212690353,24,falling
17846.213133501,23,falling
17846.213229908,23,falling
17846.213242815,23,falling
17846.213257538,23,falling
17846.213263223,23,falling
17846.213569260,23,falling
17846.213574260,23,falling
17846.213586260,23,falling
17846.213590982,23,falling
17846.213597167,23,falling
17846.213598186,24,falling
17846.213607667,23,falling
17846.213608778,24,rising
17846.213613649,23,falling
17846.213615075,24,falling
17846.213623371,23,falling
17846.213624482,24,falling
17846.213629389,23,falling
17846.213630500,24,falling
17846.214442815,23,falling
17846.214443945,24,falling
17846.214449685,23,falling
17846.214457667,23,falling
17846.214465815,23,falling
17846.214492963,23,falling
17846.214502371,23,falling
17846.214516982,23,falling
17846.214517408,24,rising
17846.214528259,23,rising
17846.214533556,23,rising
17846.214542241,23,falling
17846.214546778,23,rising
17846.214567889,23,rising
17846.214573445,23,falling
17846.214597111,23,rising
17846.214601833,23,rising
17846.214609667,23,rising
17846.214614315,23,rising
17846.214623667,23,rising
17846.214629519,23,falling
17846.214634074,23,falling
17846.214638630,23,falling
17846.214723370,23,falling
17846.214792611,23,rising
17846.214797259,23,falling
17846.215057018,23,rising
17846.218034721,24,rising
17846.218039221,24,falling
17846.218043814,24,falling
17846.218976073,23,falling
17846.220775794,23,falling
17846.222296479,24,rising
17846.223027108,23,rising
17846.227632421,24,rising
17846.227647106,24,rising
17846.227656291,24,rising
17846.227664495,24,rising
17846.227690421,24,falling
17846.228768328,23,falling
17846.234231715,24,rising
17846.235732011,23,falling
17846.235743659,23,rising
17846.244092007,24,falling
17846.246715729,23,falling
17848.306153019,23,rising
17848.307481722,24,rising
17848.315643682,23,falling
17848.315653330,23,falling
17848.318051477,24,falling
17848.318076940,24,falling
17848.318090199,24,falling
17848.318102181,24,falling
17848.324206734,23,rising
17848.325630733,24,rising
17848.331267120,23,falling
17848.331271824,23,falling
17848.331276176,23,falling
17848.332979379,24,falling
17848.335736655,23,falling
17848.335751081,23,falling
17848.335784581,23,falling
17848.335792285,23,falling
17848.335796896,23,falling
17848.335803600,23,rising
17848.335808155,23,rising
17848.335826359,23,falling
17848.335833489,23,rising
17848.335840026,23,falling
17848.335845674,23,falling
17848.335851267,23,falling
17848.335930063,23,falling
17848.337125544,23,rising
17848.338589228,24,rising
17848.342335801,23,falling
17848.342349690,23,falling
17848.343868412,24,rising
17848.343873134,24,rising
17848.343881578,24,rising
17848.343886208,24,rising
17848.343907152,24,falling
17848.343911189,24,falling
17848.344481967,23,falling
17848.344486819,23,falling
17848.344492263,23,falling
17848.344498837,23,falling
17848.344503430,23,falling
17848.345335781,23,falling
17848.345349707,23,falling
17848.345356763,23,falling
17848.345394189,23,falling
17848.345412022,23,falling
17848.345419207,23,falling
17848.345423818,23,falling
17848.345429652,23,falling
17848.345438355,23,falling
17848.345448022,23,falling
17848.345493930,23,falling
17848.345498689,23,falling
17848.345503818,23,falling
17848.345508411,23,falling
17848.345517448,23,falling
17848.345533781,23,falling
17848.346941225,23,rising
17848.348262132,24,rising
17848.350903965,23,rising
17848.350908927,23,rising
17848.350913853,23,falling
17848.350923576,23,falling
17848.352291594,24,falling
17848.352299538,24,falling
17848.352598353,23,falling
17848.353293964,23,falling
17848.353330038,23,falling
17848.353340278,23,rising
17848.353349945,23,falling
17848.353356278,23,falling
17848.353361464,23,falling
17848.353367297,23,falling
17848.353371927,23,falling
17848.353376612,23,rising
17848.353381723,23,falling
17848.353461519,23,falling
17848.354462685,23,rising
17848.355629148,24,rising
17848.355638852,24,rising
17848.355643240,24,falling
17848.355650240,24,rising
17848.358813369,23,falling
17848.358828813,23,falling
17848.358836517,23,falling
17848.358894313,24,falling
17848.359114239,24,rising
17848.359127665,24,falling
17848.360158054,24,falling
17848.360191405,24,falling
17848.360205091,24,falling
17848.360228591,24,falling
17848.360235942,24,falling
17848.361236461,24,falling
17848.361248479,24,falling
17848.361255683,24,falling
17848.361261220,24,falling
17848.361271368,24,falling
17848.361294035,24,falling
17848.361298405,24,falling
17848.361303072,24,falling
17848.361310757,24,falling
17848.361406294,24,falling
17848.361490646,23,rising
17848.361728405,24,falling
17848.361732701,24,rising
17848.364058274,23,rising
17848.364066756,23,falling
17848.364072626,23,falling
17848.364736941,24,rising
17848.364741737,24,rising
17848.364747478,24,falling
17848.364758904,24,rising
17848.364766367,24,falling
17848.364770811,24,falling
17848.364797756,24,falling
17848.364803033,24,falling
17848.364828996,24,falling
17848.364833107,24,falling
17848.364841848,24,falling
17848.365592144,24,falling
17848.365597570,24,rising
17848.365602940,24,falling
17848.365615514,24,falling
17848.365623089,24,falling
17848.365633033,24,falling
17848.365644218,24,falling
17848.366642218,24,rising
17848.366663736,24,rising
17848.366667884,24,rising
17848.366731607,24,rising
17848.366735810,24,rising
17848.366743310,24,falling
17848.366747514,23,falling
17848.366752366,23,falling
17848.366757403,23,falling
17848.366758088,24,falling
17848.366789440,24,falling
17848.366858181,24,falling
17848.366863884,24,falling
17848.366870477,24,falling
17848.366879736,24,falling
17848.366950588,24,falling
17848.366959440,24,falling
17848.367023903,23,falling
17848.367029088,23,falling
17848.367034569,23,rising
17848.367268551,24,rising
17848.369479976,23,falling
17848.369484791,23,falling
17848.369563939,23,falling
17848.369568643,23,falling
17848.370120420,24,falling
17848.370468513,24,falling
17848.370472827,24,rising
17848.370488550,24,falling
17848.370504753,24,rising
17848.370520790,24,rising
17848.370548383,24,falling
17848.370969383,24,rising
17848.370974827,24,falling
17848.371060457,23,rising
17848.371066661,23,falling
17848.371067123,24,falling
17848.371083179,24,falling
17848.371094012,24,rising
17848.371102086,23,rising
17848.371098216,24,falling
17848.371106809,23,falling
17848.371219420,23,falling
17848.371395660,23,falling
17848.371400327,23,falling
17848.371406327,23,falling
17848.371421531,23,falling
17848.371427420,23,rising
17848.371433068,23,falling
17848.371440734,23,rising
17848.371446012,23,rising
17848.371450586,23,falling
17848.371455438,23,falling
17848.371462623,23,rising
17848.371470957,23,falling
17848.371475105,23,falling
17848.371479827,23,rising
17848.371485864,23,falling
17848.371493734,23,falling
17848.371498197,24,rising
17848.371497864,23,falling
17848.371510716,24,rising
17848.371509438,23,falling
17848.371518253,23,falling
17848.371539179,23,falling
17848.371540475,24,rising
17848.371548086,24,rising
17848.371553623,24,rising
17848.371559031,24,falling
17848.371567401,24,falling
17848.371915753,24,rising
17848.371920179,24,rising
17848.371926734,24,falling
17848.371930919,24,falling
17848.372187716,24,rising
17848.372212105,24,falling
17848.372217882,24,falling
17848.372222030,24,falling
17848.372230827,24,falling
17848.372235308,24,rising
17848.372245382,24,rising
17848.372249530,24,rising
17848.372254253,24,falling
17848.372263919,24,falling
17848.372289234,24,falling
17848.372312549,24,falling
17848.372377864,24,falling
17848.372376827,23,rising
17848.372405660,24,rising
17848.372418827,24,rising
17848.374624622,23,falling
17848.374629659,23,falling
17848.374638344,23,falling
17848.375443363,23,falling
17848.375479011,24,rising
17848.375483807,24,falling
17848.376303529,24,rising
17848.376308196,24,rising
17848.376315825,24,rising
17848.376319992,24,falling
17848.376326121,24,falling
17848.376334010,24,falling
17848.376338381,24,rising
17848.376343566,24,falling
17848.376350659,24,falling
17848.376696899,24,falling
17848.376720362,24,falling
17848.376727344,24,falling
17848.376801418,24,falling
17848.377378528,24,falling
17848.377492251,24,falling
17848.377501436,24,falling
17848.377505140,24,falling
17848.377514528,24,falling
17848.377544269,24,rising
17848.377550936,24,falling
17848.377562103,24,falling
17848.377583695,24,rising
17848.377602936,24,rising
17848.377607084,24,rising
17848.377636251,24,falling
17848.377641473,24,falling
17848.377659584,24,rising
17848.377664880,24,falling
17848.377669380,24,falling
17848.377743047,23,rising
17848.377934213,24,rising
17848.380414287,23,falling
17848.380420416,23,falling
17848.380429638,23,falling
17848.381144175,24,falling
17848.381151268,24,falling
17848.381306231,24,falling
17848.381312360,24,falling
17848.382239230,24,falling
17848.382290286,24,falling
17848.382766952,24,rising
17848.382813249,24,rising
17848.382817452,24,falling
17848.382823286,24,rising
17848.382833212,24,falling
17848.382841971,24,falling
17848.382849452,24,falling
17848.382854008,24,rising
17848.382858841,24,falling
17848.382866008,24,rising
17848.382870156,24,rising
17848.382874915,24,rising
17848.382890434,24,rising
17848.382898767,24,falling
17848.382903952,24,rising
17848.382908786,24,rising
17848.382912267,24,rising
17848.382923119,24,falling
17848.382934637,24,falling
17848.382948156,24,falling
17848.382969508,24,falling
17848.382978749,24,rising
17848.382983860,24,falling
17848.383005360,24,rising
17848.383010100,24,falling
17848.383014693,24,falling
17848.383021415,24,falling
17848.383154341,24,falling
17848.383175637,24,rising
17848.383180786,24,rising
17848.383185230,24,rising
17848.383196693,24,rising
17848.383204767,24,falling
17848.383209915,24,falling
17848.383215341,24,rising
17848.383220489,24,falling
17848.383226526,24,rising
17848.383230656,24,rising
17848.383262767,24,rising
17848.383270471,24,falling
17848.383275674,24,rising
17848.383302100,24,falling
17848.383318285,24,falling
17848.383322434,24,falling
17848.383725230,24,rising
17848.383729471,24,falling
17848.383734582,24,falling
17848.383740767,24,rising
17848.383744989,24,rising
17848.383761489,24,falling
17848.383765656,24,falling
17848.383770359,24,rising
17848.383775489,24,falling
17848.383784378,24,falling
17848.383805008,24,falling
17848.383816359,24,falling
17848.383833415,24,falling
17848.384034693,24,falling
17848.384043489,24,falling
17848.384055193,24,falling
17848.384106489,24,rising
17848.384119785,24,rising
17848.384144804,24,rising
17848.384160544,24,falling
17848.384164711,24,falling
17848.384179285,23,rising
17848.384195137,24,rising
17848.384200470,24,rising
17848.384205730,24,rising
17848.384210859,24,falling
17848.384644655,24,rising
17848.387622099,23,falling
17848.387627062,23,falling
17848.387635839,23,falling
17848.387641839,23,falling
17848.388316135,24,falling
17848.388320450,24,falling
17848.388325580,24,falling
17848.388332302,24,rising
17848.388398969,24,falling
17848.388931246,23,rising
17848.388936117,23,falling
17848.389344302,24,falling
17848.389354283,24,rising
17848.389362024,24,rising
17848.389366135,24,falling
17848.389371561,24,falling
17848.389388005,24,rising
17848.389394820,24,rising
17848.389409468,24,falling
17848.389414672,24,falling
17848.389418413,24,falling
17848.389432339,24,falling
17848.389437005,24,rising
17848.389441765,24,falling
17848.389926709,24,falling
17848.389971913,24,falling
17848.390038338,24,falling
17848.390042931,24,falling
17848.390048042,24,falling
17848.390057042,24,falling
17848.390061301,24,falling
17848.390072709,24,falling
17848.390077931,24,falling
17848.390250727,24,rising
17848.390256579,24,falling
17848.390261894,24,falling
17848.390291394,24,falling
17848.390466986,24,falling
17848.390478579,24,rising
17848.390488209,24,rising
17848.390501579,24,falling
17848.390509949,24,falling
17848.390775468,23,falling
17848.390780338,23,falling
17848.390787838,23,falling
17848.390792690,23,falling
17848.390797653,23,falling
17848.390802283,23,falling
17848.390812986,24,falling
17848.390817357,24,falling
17848.390836616,24,falling
17848.390843283,24,falling
17848.390849949,24,rising
17848.390854153,23,rising
17848.390858746,24,falling
17848.390870005,24,falling
17848.390881134,24,rising
17848.390889894,24,rising
17848.390893579,24,rising
17848.390915246,24,rising
17848.390924005,24,falling
17848.390930838,24,falling
17848.390936060,24,falling
17848.390940634,24,falling
17848.391433690,24,falling
17848.391438356,24,rising
17848.391449153,24,rising
17848.393651763,23,rising
17848.393657615,23,falling
17848.393662374,23,falling
17848.393668670,23,falling
17848.393678893,23,falling
17848.393703133,23,falling
17848.394372522,24,falling
17848.394377244,24,falling
17848.394784392,23,rising
17848.394789781,23,rising
17848.394813892,23,falling
17848.394819189,23,falling
17848.394823707,23,falling
17848.394856670,24,falling
17848.394861522,23,falling
17848.394862540,24,falling
17848.394874226,24,falling
17848.394878374,24,falling
17848.394885188,24,rising
17848.394889392,24,falling
17848.394895726,24,falling
17848.394903263,24,falling
17848.394909726,24,falling
17848.394930892,23,falling
17848.394937818,23,falling
17848.394952263,24,rising
17848.394956522,24,falling
17848.395567299,24,falling
17848.395579133,24,falling
17848.395584985,24,rising
17848.395591188,24,falling
17848.395595299,24,rising
17848.395600207,24,falling
17848.395612151,24,falling
17848.395615855,24,falling
17848.395621818,24,falling
17848.395625947,24,rising
17848.395630725,24,rising
17848.395637873,24,falling
17848.396508355,23,rising
17848.396748540,24,falling
17848.396754540,24,falling
17848.397154206,24,rising
17848.398972391,23,falling
17848.398977205,23,falling
17848.399834076,24,falling
17848.399841242,24,falling
17848.400149724,23,falling
17848.400197761,23,falling
17848.400648186,23,rising
17848.400655334,23,falling
17848.400877983,24,rising
17848.400882760,24,rising
17848.400887797,24,rising
17848.400893168,24,falling
17848.400901945,24,falling
17848.400909890,24,rising
17848.400913612,24,falling
17848.400919482,24,falling
17848.400924742,24,falling
17848.400988797,24,rising
17848.400993945,24,falling
17848.401004760,24,falling
17848.401011149,23,falling
17848.401017705,23,falling
17848.401032927,23,falling
17848.401037594,23,falling
17848.401042242,23,falling
17848.401049575,23,falling
17848.401229871,24,falling
17848.401237945,24,rising
17848.401243316,24,rising
17848.401247445,24,falling
17848.401252316,24,falling
17848.401259890,24,rising
17848.401268390,24,rising
17848.401272538,24,falling
17848.401277501,24,rising
17848.401281945,24,falling
17848.401288723,24,falling
17848.401292890,24,rising
17848.401305390,24,rising
17848.401314668,24,falling
17848.401318797,24,falling
17848.401324297,24,rising
17848.401328464,24,falling
17848.401347797,24,falling
17848.401356056,24,falling
17848.401364668,24,falling
17848.401464779,23,falling
17848.401471723,23,rising
17848.402292797,24,rising
17848.404539463,23,falling
17848.404543759,23,falling
17848.404547555,23,rising
17848.404566259,23,rising
17848.404570889,23,falling
17848.404577722,23,falling
17848.404584351,23,falling
17848.404591703,23,falling
17848.404596351,23,falling
17848.404622777,23,falling
17848.404627426,23,falling
17848.404718296,23,falling
17848.404729537,23,falling
17848.404736481,23,falling
17848.404741111,23,falling
17848.404746611,23,rising
17848.404753203,23,rising
17848.404758000,23,rising
17848.404763481,23,rising
17848.404772666,23,falling
17848.404777259,23,falling
17848.404783537,23,rising
17848.404788240,23,rising
17848.404796148,23,rising
17848.404800777,23,rising
17848.404808111,23,falling
17848.404812740,23,falling
17848.404817425,23,falling
17848.404826388,23,falling
17848.404838537,23,rising
17848.404882166,23,falling
17848.404898296,23,falling
17848.404906925,23,rising
17848.404911592,23,falling
17848.404916537,23,falling
17848.404922851,23,rising
17848.404927462,23,rising
17848.404936648,23,falling
17848.404941962,23,rising
17848.404947833,23,falling
17848.404964888,23,falling
17848.404980999,23,falling
17848.404990685,23,falling
17848.404991722,24,falling
17848.405005185,23,rising
17848.405006240,24,falling
17848.405010870,23,falling
17848.405021333,23,falling
17848.405017499,24,falling
17848.405041536,23,falling
17848.405042555,24,falling
17848.405059722,23,rising
17848.405060759,24,rising
17848.405066611,23,falling
17848.405071425,23,rising
17848.405072870,24,rising
17848.405076888,23,rising
17848.405077925,24,rising
17848.405081907,23,falling
17848.405082925,24,falling
17848.405103666,24,falling
17848.405107851,24,falling
17848.405113611,24,falling
17848.405121703,24,falling
17848.405130759,24,falling
17848.405134962,24,falling
17848.405145018,23,falling
17848.405146314,24,falling
17848.405236685,23,falling
17848.405237444,24,falling
17848.405245573,24,falling
17848.405244814,23,rising
17848.405250518,24,falling
17848.405250166,23,falling
17848.405256055,24,rising
17848.405255703,23,rising
17848.405261351,24,falling
17848.405260999,23,falling
17848.405267444,23,falling
17848.405267814,24,falling
17848.405279499,23,rising
17848.405280203,24,rising
17848.405293407,24,rising
17848.405292647,23,rising
17848.405298018,23,rising
17848.405298351,24,rising
17848.405304240,23,falling
17848.405304925,24,falling
17848.405316944,24,falling
17848.405316259,23,falling
17848.405321944,24,rising
17848.405321610,23,rising
17848.405326944,24,falling
17848.405332777,23,falling
17848.405333147,24,falling
17848.405344240,23,rising
17848.405344999,24,rising
17848.405362203,24,rising
17848.405361499,23,falling
17848.405367259,24,falling
17848.405366925,23,falling
17848.405372240,24,falling
17848.405377296,23,falling
17848.405377647,24,falling
17848.405385240,24,falling
17848.405384870,23,falling
17848.405395203,24,rising
17848.405394499,23,rising
17848.405399833,23,falling
17848.405400166,24,falling
17848.405406351,24,falling
17848.405405666,23,falling
17848.405411110,24,falling
17848.405410759,23,falling
17848.405428722,23,falling
17848.405429425,24,falling
17848.405479925,23,falling
17848.405480684,24,falling
17848.405516036,24,rising
17848.405515259,23,rising
17848.405520666,23,falling
17848.405521018,24,falling
17848.405536814,23,falling
17848.405537573,24,falling
17848.405626407,23,falling
17848.405627166,24,falling
17848.405646814,23,falling
17848.405647573,24,falling
17848.405655962,23,falling
17848.405656721,24,falling
17848.405721629,23,falling
17848.405722407,24,falling
17848.405738573,24,falling
17848.405737814,23,falling
17848.405743221,23,falling
17848.405756703,23,falling
17848.405757407,24,falling
17848.405775018,24,falling
17848.405774258,23,falling
17848.405779721,23,falling
17848.405780073,24,falling
17848.405795277,23,falling
17848.405796055,24,falling
17848.405821499,24,falling
17848.405820721,23,falling
17848.405826462,24,rising
17848.405826110,23,rising
17848.405831351,24,rising
17848.405830999,23,falling
17848.405839018,24,rising
17848.405838666,23,rising
17848.405852295,23,rising
17848.405852999,24,rising
17848.405865962,24,falling
17848.405865203,23,falling
17848.405870907,24,rising
17848.405870573,23,rising
17848.405875944,24,falling
17848.405880869,23,falling
17848.405881240,24,falling
17848.405979518,23,falling
17848.405980277,24,falling
17848.405986425,24,falling
17848.405991351,24,rising
17848.405990944,23,rising
17848.405995869,24,falling
17848.405995518,23,falling
17848.406001814,24,rising
17848.406007573,24,falling
17848.406007203,23,falling
17848.406012536,24,rising
17848.406012203,23,rising
17848.406017518,24,rising
17848.406031851,24,falling
17848.406031499,23,falling
17848.406038795,24,rising
17848.406038406,23,falling
17848.406048573,24,falling
17848.406048203,23,falling
17848.406057258,24,falling
17848.406068369,24,falling
17848.406067943,23,falling
17848.406075147,24,falling
17848.406082018,23,falling
17848.406082351,24,falling
17848.406096925,23,rising
17848.406097258,24,falling
17848.406108092,24,falling
17848.406107721,23,falling
17848.406121647,24,falling
17848.406126869,23,falling
17848.406132943,24,rising
17848.406132555,23,falling
17848.406140573,24,falling
17848.406140221,23,falling
17848.406145166,23,rising
17848.406145536,24,rising
17848.406152036,24,falling
17848.406151314,23,falling
17848.406160647,24,falling
17848.406156666,23,falling
17848.406165703,24,falling
17848.406170703,24,falling
17848.406165295,23,falling
17848.406210906,24,falling
17848.406220425,24,falling
17848.406219166,23,falling
17848.406235629,24,falling
17848.406234962,23,rising
17848.406240295,23,falling
17848.406240647,24,falling
17848.406251518,23,falling
17848.406252295,24,falling
17848.406258629,23,falling
17848.406258980,24,falling
17848.406270814,23,falling
17848.406271573,24,falling
17848.406281425,23,falling
17848.406282203,24,falling
17848.406574591,23,falling
17848.406575443,24,falling
17848.406582036,23,falling
17848.406582406,24,falling
17848.406594166,23,falling
17848.406594925,24,falling
17848.406606777,23,falling
17848.406607536,24,falling
17848.406636499,23,falling
17848.406637277,24,falling
17848.406643443,24,rising
17848.406648203,24,rising
17848.406647777,23,rising
17848.406655665,24,falling
17848.406660925,24,falling
17848.406660573,23,falling
17848.406665832,24,falling
17848.406665499,23,rising
17848.406670832,24,falling
17848.406670462,23,falling
17848.406703147,24,rising
17848.406702406,23,rising
17848.406708295,24,rising
17848.406707851,23,rising
17848.406713277,24,rising
17848.406712925,23,rising
17848.406725980,23,rising
17848.406726665,24,rising
17848.406735906,23,falling
17848.406736647,24,falling
17848.406742999,23,falling
17848.406743369,24,rising
17848.406748388,24,rising
17848.406748054,23,rising
17848.406753314,24,falling
17848.406758628,24,rising
17848.406763314,24,falling
17848.406762906,23,falling
17848.406770295,23,falling
17848.406770999,24,falling
17848.406820517,23,falling
17848.406821277,24,falling
17848.406898406,23,rising
17848.406899165,24,rising
17848.406905628,23,rising
17848.406905980,24,rising
17848.406912647,24,falling
17848.406912295,23,falling
17848.406917573,24,falling
17848.406917221,23,falling
17848.406922758,24,falling
17848.406928239,23,falling
17848.406928610,24,rising
17848.406938554,24,falling
17848.406938221,23,rising
17848.406947962,24,falling
17848.406943165,23,rising
17848.406960258,24,falling
17848.406965017,24,falling
17848.406970202,24,falling
17848.406974869,24,falling
17848.406979554,24,rising
17848.406984425,24,falling
17848.406993906,24,rising
17848.406998591,24,falling
17848.407003832,24,rising
17848.407010369,24,rising
17848.407014999,24,falling
17848.407019610,24,falling
17848.407024017,24,rising
17848.407028721,24,falling
17848.407033388,24,falling
17848.407038017,24,falling
17848.407042962,24,rising
17848.407059295,24,falling
17848.407063980,24,falling
17848.407073665,24,falling
17848.407078499,24,falling
17848.407088758,24,rising
17848.407094165,24,rising
17848.407105221,24,rising
17848.407109925,24,rising
17848.407142684,24,rising
17848.407147350,24,rising
17848.407153813,24,rising
17848.407164684,24,falling
17848.407171036,24,falling
17848.407176332,24,falling
17848.407366924,24,rising
17848.407371628,24,rising
17848.407398813,24,falling
17848.407403499,24,rising
17848.407421758,24,rising
17848.407427258,24,falling
17848.407437147,24,falling
17848.407445258,24,rising
17848.409283016,23,falling
17848.409319627,23,rising
17848.409323794,23,falling
17848.409338572,23,falling
17848.409349516,23,falling
17848.409376887,23,falling
17848.409657257,23,falling
17848.409664720,23,falling
17848.409675387,23,falling
17848.409679535,23,rising
17848.409684257,23,falling
17848.409689035,23,falling
17848.409702720,23,falling
17848.409712609,23,falling
17848.409718664,23,falling
17848.409725238,23,rising
17848.409729405,23,rising
17848.409741516,23,falling
17848.409753035,23,rising
17848.409758461,23,falling
17848.409762775,23,falling
17848.409767498,23,falling
17848.409781627,23,rising
17848.409789479,23,falling
17848.409799146,23,falling
17848.409816738,23,rising
17848.409820961,23,rising
17848.409825701,23,falling
17848.409832331,23,falling
17848.409836479,23,falling
17848.409843720,23,falling
17848.409851572,23,rising
17848.409856090,23,falling
17848.409863109,23,falling
17848.409874590,23,falling
17848.409895831,23,falling
17848.409900090,23,falling
17848.409908942,23,falling
17848.409919127,23,falling
17848.409935349,23,falling
17848.409941164,23,falling
17848.409946220,23,rising
17848.409961257,23,rising
17848.409983701,23,rising
17848.409992423,23,rising
17848.410008535,23,rising
17848.410014294,23,falling
17848.410021868,23,rising
17848.410031664,23,falling
17848.410036905,23,falling
17848.410042201,23,rising
17848.410073831,24,falling
17848.410073127,23,falling
17848.410078923,23,falling
17848.410079257,24,rising
17848.410084201,23,falling
17848.410084553,24,falling
17848.410109775,24,falling
17848.410123535,23,falling
17848.410124294,24,falling
17848.410129942,23,falling
17848.410130331,24,falling
17848.410152127,24,falling
17848.410151368,23,falling
17848.410157109,24,rising
17848.410156757,23,rising
17848.410162090,24,falling
17848.410166701,23,falling
17848.410167053,24,falling
17848.410177572,24,falling
17848.410176257,23,falling
17848.410190923,24,falling
17848.410204757,24,rising
17848.410189664,23,falling
17848.410214294,24,rising
17848.410219275,23,rising
17848.410223905,23,falling
17848.410224275,24,falling
17848.410234497,24,falling
17848.410233720,23,falling
17848.410239090,23,falling
17848.410239442,24,falling
17848.410266923,23,falling
17848.410267701,24,falling
17848.410277127,23,falling
17848.410277905,24,falling
17848.410290331,24,falling
17848.410289572,23,falling
17848.410295257,24,falling
17848.410294905,23,falling
17848.410305275,23,falling
17848.410306034,24,falling
17848.410312257,23,falling
17848.410312609,24,falling
17848.410334331,24,falling
17848.410333627,23,falling
17848.410339312,24,falling
17848.410338979,23,falling
17848.410344349,24,falling
17848.410343997,23,falling
17848.410353331,23,falling
17848.410353701,24,falling
17848.410367460,23,falling
17848.410368164,24,falling
17848.410375238,23,rising
17848.410376016,24,rising
17848.410383868,24,rising
17848.410383109,23,rising
17848.410388479,23,falling
17848.410388831,24,falling
17848.410399312,23,falling
17848.410400071,24,falling
17848.410406312,23,falling
17848.410406664,24,falling
17848.410532831,23,falling
17848.410533571,24,falling
17848.410561831,24,falling
17848.410566868,23,falling
17848.410576108,24,rising
17848.410581553,24,falling
17848.410586183,23,falling
17848.410586534,24,falling
17848.410704608,23,falling
17848.410705442,24,falling
17848.410714386,24,falling
17848.410713608,23,falling
17848.410719016,23,falling
17848.410719349,24,falling
17848.410729534,24,rising
17848.410728775,23,rising
17848.410734460,24,rising
17848.410739479,24,falling
17848.410739127,23,falling
17848.410744090,23,falling
17848.410744442,24,falling
17848.410754627,23,rising
17848.410755386,24,rising
17848.410766738,24,rising
17848.410765979,23,rising
17848.410771405,23,rising
17848.410771738,24,rising
17848.410786294,23,rising
17848.410797997,24,falling
17848.410797349,23,falling
17848.410802645,23,falling
17848.410802979,24,falling
17848.410811349,23,rising
17848.410812108,24,rising
17848.410819294,23,falling
17848.410820071,24,falling
17848.410835534,23,falling
17848.410836312,24,falling
17848.410915960,23,falling
17848.410916664,24,falling
17848.410922701,23,falling
17848.410923034,24,falling
17848.410958256,23,falling
17848.410959016,24,falling
17848.411037256,24,falling
17848.411041979,23,falling
17848.411047182,23,falling
17848.411047516,24,falling
17848.411097905,23,falling
17848.411098664,24,falling
17848.411194330,23,falling
17848.411195108,24,falling
17848.411201164,24,falling
17848.411200775,23,rising
17848.411205886,23,falling
17848.411206238,24,falling
17848.411225497,23,falling
17848.411226256,24,falling
17848.411271793,24,falling
17848.411271016,23,falling
17848.411276423,23,falling
17848.411276775,24,falling
17848.411284182,23,falling
17848.411284627,24,falling
17848.411327312,23,falling
17848.411328071,24,falling
17848.411363608,23,falling
17848.411364367,24,falling
17848.411386238,24,falling
17848.411385479,23,falling
17848.411390941,23,falling
17848.411395441,24,falling
17848.411400441,24,rising
17848.411400053,23,rising
17848.411405423,24,falling
17848.411405071,23,falling
17848.411410404,24,falling
17848.411410053,23,falling
17848.411423034,24,falling
17848.411422330,23,falling
17848.411427997,24,rising
17848.411427645,23,falling
17848.411432960,24,falling
17848.411432608,23,falling
17848.411451367,24,falling
17848.411473516,23,falling
17848.411474275,24,falling
17848.411480423,24,rising
17848.411485071,24,rising
17848.411484701,23,rising
17848.411501608,24,falling
17848.411506590,24,falling
17848.411500904,23,falling
17848.411551664,24,falling
17848.411561553,23,falling
17848.411561886,24,rising
17848.411570164,24,rising
17848.411569775,23,rising
17848.411575108,24,rising
17848.411574719,23,falling
17848.411580145,24,falling
17848.411586441,24,falling
17848.411590738,23,falling
17848.411591108,24,falling
17848.411612682,23,falling
17848.411613460,24,falling
17848.411619756,23,falling
17848.411620108,24,falling
17848.411636034,23,falling
17848.411636793,24,falling
17848.411651330,24,rising
17848.411650571,23,rising
17848.411656293,24,rising
17848.411655941,23,rising
17848.411661293,24,rising
17848.411660923,23,rising
17848.411668978,23,falling
17848.411669682,24,falling
17848.411676719,23,falling
17848.411677478,24,falling
17848.411984701,24,falling
17848.411990256,24,falling
17848.411995034,24,falling
17848.411999941,24,falling
17848.412005571,24,falling
17848.412004904,23,rising
17848.412017312,24,falling
17848.412022052,24,falling
17848.412034034,24,rising
17848.412043126,24,falling
17848.412050108,24,falling
17848.412054793,24,rising
17848.412060034,24,falling
17848.412064738,24,rising
17848.412069423,24,falling
17848.412074089,24,falling
17848.412101052,24,falling
17848.412155645,24,falling
17848.412161293,24,falling
17848.412176978,24,falling
17848.412183330,24,falling
17848.412197386,24,falling
17848.412213349,24,falling
17848.412218200,24,falling
17848.412222886,24,falling
17848.412227478,24,falling
17848.412417126,24,falling
17848.412421774,24,falling
17848.412426423,24,falling
17848.412455830,24,rising
17848.414423848,23,rising
17848.414433125,23,falling
17848.414440440,23,falling
17848.414444588,23,rising
17848.414449588,23,rising
17848.414457570,23,falling
17848.414461774,23,falling
17848.414491644,23,rising
17848.414497477,23,falling
17848.414540014,23,falling
17848.414551625,23,falling
17848.414793051,23,falling
17848.414810199,23,falling
17848.414817811,23,falling
17848.414828366,23,falling
17848.414834959,23,falling
17848.414859959,23,falling
17848.414864162,23,falling
17848.414876125,23,falling
17848.414884088,23,rising
17848.414888718,23,falling
17848.414896940,23,falling
17848.414901440,23,rising
17848.414912885,23,falling
17848.414925607,23,falling
17848.414945440,23,rising
17848.414949662,23,falling
17848.414954459,23,falling
17848.414983070,23,falling
17848.415030996,23,falling
17848.415063773,23,falling
17848.415075422,23,falling
17848.415080662,23,falling
17848.415097403,23,rising
17848.415102810,23,rising
17848.415113588,23,rising
17848.415121792,23,falling
17848.415127347,23,rising
17848.415131459,23,falling
17848.415140866,23,falling
17848.415146607,23,falling
17848.415150773,23,falling
17848.415159681,23,falling
17848.415163144,23,rising
17848.415173829,23,falling
17848.415178459,23,falling
17848.415207440,24,falling
17848.415211681,24,falling
17848.415215496,24,falling
17848.415782829,23,falling
17848.415783588,24,falling
17848.415789255,23,falling
17848.415789643,24,falling
17848.415796032,24,rising
17848.415795699,23,falling
17848.415801903,24,falling
17848.415807366,24,falling
17848.415801440,23,falling
17848.415807014,23,falling
17848.415924051,23,falling
17848.415924810,24,falling
17848.415977403,23,falling
17848.415978180,24,falling
17848.416331217,24,falling
17848.416330403,23,falling
17848.416336680,24,rising
17848.416336328,23,rising
17848.416341625,24,rising
17848.416347014,23,rising
17848.416352773,24,falling
17848.416352403,23,falling
17848.416387884,23,falling
17848.416388662,24,falling
17848.416404403,24,falling
17848.416486365,23,falling
17848.416487069,24,falling
17848.416500143,24,falling
17848.416499365,23,falling
17848.416504810,23,falling
17848.416518199,23,falling
17848.416518921,24,falling
17848.416545921,23,falling
17848.416546680,24,falling
17848.416552347,23,falling
17848.416552736,24,falling
17848.416563365,23,falling
17848.416564106,24,falling
17848.416569791,23,falling
17848.416570180,24,rising
17848.416578032,23,rising
17848.416578365,24,falling
17848.416587125,23,falling
17848.416587458,24,falling
17848.416747439,24,falling
17848.416746680,23,falling
17848.416758921,24,falling
17848.416764180,24,rising
17848.416763828,23,rising
17848.416769106,24,falling
17848.416768773,23,falling
17848.416774032,24,falling
17848.416779310,23,falling
17848.416779680,24,falling
17848.416792051,24,falling
17848.416791625,23,falling
17848.416800588,23,falling
17848.416801291,24,falling
17848.416824254,23,falling
17848.416825013,24,falling
17848.416831625,24,falling
17848.416836551,24,falling
17848.416831254,23,falling
17848.416881847,24,falling
17848.416881513,23,falling
17848.417061513,24,falling
17848.417060717,23,falling
17848.417066199,24,falling
17848.417065828,23,falling
17848.417072569,24,falling
17848.417072143,23,falling
17848.417084513,24,rising
17848.417083810,23,rising
17848.417089421,24,falling
17848.417089069,23,falling
17848.417094365,24,falling
17848.417100402,24,rising
17848.417105273,24,falling
17848.417104810,23,falling
17848.417109865,24,falling
17848.417114513,23,falling
17848.417114884,24,falling
17848.417145124,23,falling
17848.417146421,24,falling
17848.417157236,24,rising
17848.417165050,24,falling
17848.417155791,23,rising
17848.417171902,24,falling
17848.417170606,23,falling
17848.417180087,24,falling
17848.417178736,23,falling
17848.417190550,24,rising
17848.417184976,23,falling
17848.417190217,23,rising
17848.417199384,23,falling
17848.417200495,24,rising
17848.417205995,23,falling
17848.417207032,24,falling
17848.417215810,23,rising
17848.417222495,24,falling
17848.417221439,23,falling
17848.417308328,23,rising
17848.417309384,24,falling
17848.417322958,24,falling
17848.417340939,24,falling
17848.417482310,24,rising
17848.417486550,24,rising
17848.417492810,24,falling
17848.417512458,24,falling
17848.417616365,24,rising
17848.419680716,23,falling
17848.419687327,23,falling
17848.419712105,23,falling
17848.419716772,23,falling
17848.419747086,23,falling
17848.420756419,24,falling
17848.420763253,24,falling
17848.420788327,24,falling
17848.420796568,24,falling
17848.420817123,24,falling
17848.420821253,24,falling
17848.420827901,24,rising
17848.420844975,24,falling
17848.422338826,23,falling
17848.422339845,24,falling
17848.422344474,23,falling
17848.422350548,24,falling
17848.422349215,23,falling
17848.422603641,23,falling
17848.422611419,23,rising
17848.422616122,23,falling
17848.422620733,23,falling
17848.422625400,23,falling
17848.422630678,23,falling
17848.422635752,23,falling
17848.422776993,23,rising
17848.422778048,24,rising
17848.422782345,23,falling
17848.422783363,24,falling
17848.422787289,23,falling
17848.422788345,24,falling
17848.422794733,23,falling
17848.422795770,24,falling
17848.422799974,23,falling
17848.422809456,23,rising
17848.422810474,24,rising
17848.422818937,23,falling
17848.422819956,24,falling
17848.422824141,23,falling
17848.422831011,23,rising
17848.422832048,24,rising
17848.422839159,23,falling
17848.422840178,24,falling
17848.422888085,23,falling
17848.422889104,24,falling
17848.422894307,24,falling
17848.422893270,23,falling
17848.422908122,23,falling
17848.422909159,24,falling
17848.422942604,23,falling
17848.422943659,24,falling
17848.423077289,23,rising
17848.423617141,24,rising
17848.426288677,23,falling
17848.427475028,24,falling
17848.431270378,23,rising
17848.432385952,24,rising
17848.432394656,24,rising
17848.432400285,24,rising
17848.593827131,23,falling
17848.593831983,23,falling
17848.593836131,23,rising
17848.593839946,23,falling
17848.595705408,24,rising
17848.595709464,24,falling
17848.595715668,24,falling
17848.599361592,24,rising
17848.599366648,24,falling
17848.599380129,24,falling
17848.600139518,23,rising
17848.601506314,24,rising
17848.605530127,23,falling
17848.605537812,23,falling
17848.606772330,23,falling
17848.606889182,24,rising
17848.606897608,24,falling
17848.606923571,24,falling
17848.606928978,24,falling
17848.607496459,24,falling
17848.607495422,23,falling
17848.607522404,24,falling
17848.607527996,23,rising
17848.607535830,24,falling
17848.607542682,23,falling
17848.607551756,23,falling
17848.607552459,24,falling
17848.607559959,23,falling
17848.607560719,24,falling
17848.607570996,24,falling
17848.607570219,23,falling
17848.607576219,23,falling
17848.607576570,24,falling
17848.607595515,24,falling
17848.607594737,23,falling
17848.607604274,24,falling
17848.607603904,23,falling
17848.607631182,23,falling
17848.607631867,24,falling
17848.607640237,23,falling
17848.607641015,24,falling
17848.609163829,23,falling
17848.609164588,24,falling
17848.609911458,23,rising
17848.609919533,24,falling
17848.609927477,24,falling
17848.610026736,24,falling
17848.610577217,24,falling
17848.611178458,24,falling
17848.611187773,24,falling
17848.611198680,24,rising
17848.613951438,23,falling
17848.613968587,23,rising
17848.613973975,23,falling
17848.613981438,23,falling
17848.613987901,23,falling
17848.613997475,23,falling
17848.614007605,23,falling
17848.614021957,23,falling
17848.614070235,23,falling
17848.614858771,23,rising
17848.614863031,23,rising
17848.614868123,23,falling
17848.615236382,24,falling
17848.615242864,24,falling
17848.615247530,24,falling
17848.615670864,23,falling
17848.615671549,24,falling
17848.616070604,23,falling
17848.616071419,24,falling
17848.616087289,23,falling
17848.616088049,24,falling
17848.616195530,23,falling
17848.616196289,24,falling
17848.616225734,24,falling
17848.616224975,23,falling
17848.616230345,23,falling
17848.616230697,24,falling
17848.617173011,23,falling
17848.617180567,23,rising
17848.617185678,24,falling
17848.617185345,23,rising
17848.617199733,24,falling
17848.617210122,23,falling
17848.617223308,24,falling
17848.617222641,23,falling
17848.617228789,23,falling
17848.617229122,24,falling
17848.617236085,23,falling
17848.617236937,24,falling
17848.617258345,23,rising
17848.617270937,23,rising
17848.617278085,23,falling
17848.617283270,23,falling
17848.617293993,23,rising
17848.617298233,23,rising
17848.617303363,23,falling
17848.617312604,23,rising
17848.617954585,24,falling
17848.617985066,24,falling
17848.617996918,24,falling
17848.618004066,24,rising
17848.618010678,24,falling
17848.618067381,24,falling
17848.618146752,24,falling
17848.618238807,24,falling
17848.618301437,24,falling
17848.618305640,24,falling
17848.618322770,24,rising
17848.618326955,24,falling
17848.618505326,24,rising
17848.618534455,24,falling
17848.618542585,24,falling
17848.618561548,24,falling
17848.618609011,24,falling
17848.618615400,24,falling
17848.618620714,24,falling
17848.618629677,24,falling
17848.618635400,24,falling
17848.618646381,24,falling
17848.618650640,24,falling
17848.618655455,24,falling
17848.618685955,24,rising
17848.621415843,23,falling
17848.621420324,23,falling
17848.621442176,23,falling
17848.621446436,23,falling
17848.621456621,23,falling
17848.621705713,24,falling
17848.623251861,23,falling
17848.623260676,23,rising
17848.623264509,23,falling
17848.623268509,23,falling
17848.623273898,23,rising
17848.623279139,23,falling
17848.623283564,23,falling
17848.623294916,23,rising
17848.623302472,23,falling
17848.623663083,23,falling
17848.623667287,23,falling
17848.623673342,23,falling
17848.623684305,23,falling
17848.623688453,23,falling
17848.623972027,23,rising
17848.624539249,24,rising
17848.626853711,23,falling
17848.626865878,23,falling
17848.626873119,23,falling
17848.626879341,23,falling
17848.626884526,23,falling
17848.626889063,23,rising
17848.626898341,23,falling
17848.626907137,23,rising
17848.626910915,23,falling
17848.626915730,23,falling
17848.626922933,23,falling
17848.626928119,23,falling
17848.626949804,23,falling
17848.627493989,23,falling
17848.627530915,24,rising
17848.627541452,24,rising
17848.627547155,24,falling
17848.627552526,24,falling
17848.627558322,24,falling
17848.627929322,23,falling
17848.627933748,23,rising
17848.627938655,23,falling
17848.627975174,23,falling
17848.627979563,23,rising
17848.627986063,23,falling
17848.627993877,23,rising
17848.628003970,23,falling
17848.628113600,23,falling
17848.628114285,24,falling
17848.628302859,23,falling
17848.628303637,24,falling
17848.628309877,23,falling
17848.628310229,24,falling
17848.628404488,23,falling
17848.628434859,23,falling
17848.628445729,23,falling
17848.628451970,23,falling
17848.628581525,23,rising
17848.628630655,23,rising
17848.628635822,23,falling
17848.628641896,23,rising
17848.628653396,23,falling
17848.628660803,23,rising
17848.628669081,23,falling
17848.628674451,23,falling
17848.628682729,23,rising
17848.628687099,23,falling
17848.628694155,23,falling
17848.628698359,23,falling
17848.628703062,23,falling
17848.628731840,24,falling
17848.628731136,23,falling
17848.628736470,23,falling
17848.628919951,23,falling
17848.628980118,23,falling
17848.628980822,24,falling
17848.629085970,23,falling
17848.629086747,24,falling
17848.629114210,23,falling
17848.629114970,24,falling
17848.629140636,24,falling
17848.629139877,23,falling
17848.629150970,24,falling
17848.629156525,23,falling
17848.629193914,23,falling
17848.629394192,23,falling
17848.629394895,24,falling
17848.629430229,24,falling
17848.629429525,23,falling
17848.629435229,24,falling
17848.629434877,23,falling
17848.629451932,24,rising
17848.629451229,23,rising
17848.629456877,24,falling
17848.629456544,23,falling
17848.629490970,23,falling
17848.629491655,24,falling
17848.629503007,23,falling
17848.629503784,24,falling
17848.629510969,23,falling
17848.629511729,24,falling
17848.629520469,24,falling
17848.629519692,23,falling
17848.629529358,24,falling
17848.629529007,23,rising
17848.629534025,23,falling
17848.629534377,24,falling
17848.629539247,23,rising
17848.629856210,24,falling
17848.629923247,24,rising
17848.632032432,23,rising
17848.632048969,23,falling
17848.632553246,23,falling
17848.632557616,23,rising
17848.632567413,23,falling
17848.632579524,23,falling
17848.632843283,24,rising
17848.632850227,24,rising
17848.632857968,24,falling
17848.632866190,24,falling
17848.632882413,24,falling
17848.633050542,23,falling
17848.633230320,24,falling
17848.633427746,23,falling
17848.633980134,24,falling
17848.633979449,23,rising
17848.633985412,24,falling
17848.633985060,23,falling
17848.633993338,23,falling
17848.633994097,24,falling
17848.634002097,23,falling
17848.634002449,24,falling
17848.634122042,23,falling
17848.634122820,24,falling
17848.634200171,23,rising
17848.634208394,23,rising
17848.634213931,23,falling
17848.634217820,23,falling
17848.634231468,23,falling
17848.634240745,23,falling
17848.634244894,23,falling
17848.634322894,23,falling
17848.634334171,23,falling
17848.635361967,23,rising
17848.635627301,24,rising
17848.638907392,23,rising
17848.638913133,23,falling
17848.640302965,23,falling
17848.640316132,23,falling
17848.640391002,24,falling
17848.641636243,23,falling
17848.641931520,23,falling
17848.641937168,23,falling
17848.642436150,23,falling
17848.642441965,23,falling
17848.642447928,23,rising
17848.642456687,23,falling
17848.642461539,23,falling
17848.642466039,23,falling
17848.642470928,23,rising
17848.642484353,23,falling
17848.642492224,23,rising
17848.642503557,23,falling
17848.642532724,23,falling
17848.642542465,23,falling
17848.642547224,23,falling
17848.643856094,23,rising
17848.644575186,24,rising
17848.647569740,23,falling
17848.647574518,23,falling
17848.647581592,23,falling
17848.647586555,23,falling
17848.647591185,23,falling
17848.647609740,23,falling
17848.648647370,24,rising
17848.648652573,24,falling
17848.648715888,24,falling
17848.649465629,23,falling
17848.649967573,23,falling
17848.649989980,23,rising
17848.649994702,23,falling
17848.649999369,23,falling
17848.650005628,23,falling
17848.650010369,23,falling
17848.650014980,23,falling
17848.650019647,23,falling
17848.651272665,23,rising
17848.652069609,24,rising
17848.654438053,23,falling
17848.654442756,23,falling
17848.655241849,23,rising
17848.655247034,23,falling
17848.655255219,23,falling
17848.655332515,24,falling
17848.656244422,23,rising
17848.656248793,23,falling
17848.656263589,23,falling
17848.656305422,23,falling
17848.656645885,23,falling
17848.656672737,23,falling
17848.656677441,23,rising
17848.656707552,23,falling
17848.656742033,23,falling
17848.656748255,23,rising
17848.656754959,23,rising
17848.656759552,23,rising
17848.656769144,23,rising
17848.656783533,23,falling
17848.656788237,23,falling
17848.656792848,23,falling
17848.656797422,23,falling
17848.656803237,23,falling
17848.656807811,23,falling
17848.656812459,23,falling
17848.656817070,23,falling
17848.656825496,23,falling
17848.656830089,23,falling
17848.656839366,23,falling
17848.656846478,23,falling
17848.656887792,23,falling
17848.656904144,23,falling
17848.656908829,23,falling
17848.656962941,23,falling
17848.657259459,23,falling
17848.657265089,23,falling
17848.657269848,23,falling
17848.657480274,23,rising
17848.658049662,24,falling
17848.658380199,24,rising
17848.660205143,23,falling
17848.661155735,24,falling
17848.661163828,24,rising
17848.661171513,24,rising
17848.661182217,24,falling
17848.661396828,23,falling
17848.661405976,23,falling
17848.661415143,23,falling
17848.661437920,23,falling
17848.661449235,23,rising
17848.661455605,24,falling
17848.661457568,24,falling
17848.661471828,23,rising
17848.661477050,23,falling
17848.661481680,23,falling
17848.661486328,23,falling
17848.661500143,23,falling
17848.661775013,23,falling
17848.661781439,23,falling
17848.661870494,23,falling
17848.661875179,23,rising
17848.661879772,23,rising
17848.661892828,23,falling
17848.661898513,23,rising
17848.661903161,23,falling
17848.661907753,23,falling
17848.661927013,23,rising
17848.661933235,23,rising
17848.661939272,23,falling
17848.661954587,23,falling
17848.661959383,23,falling
17848.661966698,23,falling
17848.661974235,23,falling
17848.661979698,23,falling
17848.661985124,23,rising
17848.661990402,23,falling
17848.661995420,23,rising
17848.662000087,23,falling
17848.662006068,23,falling
17848.662011235,23,falling
17848.662016809,23,falling
17848.662022309,23,falling
17848.662027013,23,falling
17848.662031661,23,falling
17848.662041920,23,falling
17848.662046587,23,falling
17848.662051383,23,falling
17848.662056383,23,falling
17848.662063235,23,falling
17848.662067883,23,falling
17848.662086939,23,falling
17848.662091624,23,falling
17848.662096216,23,falling
17848.662100198,23,falling
17848.662123309,23,falling
17848.662196513,23,rising
17848.662210383,23,falling
17848.662925086,23,rising
17848.663035364,24,rising
17848.663039735,24,falling
17848.663051253,24,falling
17848.663055438,24,rising
17848.663060364,24,falling
17848.663227401,24,falling
17848.663232790,24,falling
17848.663766753,24,rising
17848.665303363,23,falling
17848.665855678,23,falling
17848.666241918,23,falling
17848.666249363,24,falling
17848.666255752,24,falling
17848.666254604,23,falling
17848.666302289,23,falling
17848.666312807,23,falling
17848.666326826,23,falling
17848.666457289,23,rising
17848.666463252,23,rising
17848.666467937,23,falling
17848.666944548,23,falling
17848.666949455,23,falling
17848.666953381,23,rising
17848.666961103,23,falling
17848.666965807,23,falling
17848.666970511,23,falling
17848.666975177,23,falling
17848.666979826,23,falling
17848.666983807,23,falling
17848.666990418,23,rising
17848.666995140,23,falling
17848.667000566,23,rising
17848.667005381,23,rising
17848.667010752,23,falling
17848.667015437,23,rising
17848.667020085,23,rising
17848.667026418,23,falling
17848.667041103,23,rising
17848.667045752,23,falling
17848.667050363,23,falling
17848.667057807,23,rising
17848.667062437,23,falling
17848.667073103,23,rising
17848.667077770,23,falling
17848.667082733,23,falling
17848.667090677,23,falling
17848.667094955,23,falling
17848.667098770,23,rising
17848.667103566,23,rising
17848.667110696,23,falling
17848.667142159,23,rising
17848.667148251,23,falling
17848.667152918,23,falling
17848.667157492,23,falling
17848.667162029,23,falling
17848.667166696,23,falling
17848.667178400,23,falling
17848.667184270,23,falling
17848.667188918,23,falling
17848.667246937,23,falling
17848.667307918,23,falling
17848.667414270,23,falling
17848.667418937,23,falling
17848.667423511,23,falling
17848.667429918,23,falling
17848.667475325,23,falling
17848.667532288,23,falling
17848.667538492,23,falling
17848.667544992,23,rising
17848.667549603,23,falling
17848.667554288,23,falling
17848.667561770,23,falling
17848.667566399,23,falling
17848.667732973,23,falling
17848.667778344,23,rising
17848.668646825,24,rising
17848.668655381,24,rising
17848.670990343,23,falling
17848.671014546,23,falling
17848.671041435,24,rising
17848.671060620,24,rising
17848.671065843,24,falling
17848.671070472,24,rising
17848.671079602,24,rising
17848.671088009,24,falling
17848.671092528,24,falling
17848.671097343,24,rising
17848.671105417,24,falling
17848.671245768,24,rising
17848.671249954,24,falling
17848.671254694,24,falling
17848.671262491,24,falling
17848.671840639,24,falling
17848.671845527,24,falling
17848.672153305,24,rising
17848.672162435,24,falling
17848.672167953,24,falling
17848.672175916,24,falling
17848.672180601,24,rising
17848.672186713,24,rising
17848.672192824,24,rising
17848.672199972,24,falling
17848.672204101,24,falling
17848.672222842,24,falling
17848.672227083,24,falling
17848.672246879,24,falling
17848.672254712,24,falling
17848.672263990,24,falling
17848.672272842,24,falling
17848.672276546,24,falling
17848.672286027,24,falling
17848.673087897,24,falling
17848.673092545,24,rising
17848.673097434,24,falling
17848.673103712,24,rising
17848.673115101,24,falling
17848.673117842,24,falling
17848.673122860,24,rising
17848.673130694,24,falling
17848.673135083,24,falling
17848.673288453,23,falling
17848.673295175,23,rising
17848.673491731,24,falling
17848.673496064,24,rising
17848.675604470,23,falling
17848.676215396,24,falling
17848.676823896,24,falling
17848.676829563,24,falling
17848.676834155,24,rising
17848.676852266,24,falling
17848.676859433,24,rising
17848.676896970,24,falling
17848.678352395,24,falling
17848.678359784,24,rising
17848.678363969,24,rising
17848.678371599,24,falling
17848.678375506,24,falling
17848.678411377,24,falling
17848.678417266,24,falling
17848.678425155,24,rising
17848.678429562,24,falling
17848.678506136,24,falling
17848.678516580,24,falling
17848.678565988,24,falling
17848.678571062,24,falling
17848.678785766,23,rising
17848.678998895,24,rising
17848.681834209,23,falling
17848.681840894,23,rising
17848.681845024,23,rising
17848.681853135,23,falling
17848.681862246,23,falling
17848.681866394,23,falling
17848.681879487,23,falling
17848.681886005,23,falling
17848.681890283,23,falling
17848.681896505,23,falling
17848.681905320,23,falling
17848.681913264,23,falling
17848.682582949,24,falling
17848.682588097,24,falling
17848.682602097,24,falling
17848.682606746,24,rising
17848.682611431,24,rising
17848.682647634,24,falling
17848.682652523,24,falling
17848.682657171,24,falling
17848.685452282,24,falling
17848.685866633,24,falling
17848.685900004,24,falling
17848.685904707,24,rising
17848.685909522,24,falling
17848.685914392,24,falling
17848.686146966,23,rising
17848.686182133,24,rising
17848.691242150,23,falling
17848.695122445,24,falling
17848.863071492,24,falling
17848.863077343,24,falling
17848.863109418,24,falling
17848.863115269,24,falling
17848.863130547,23,rising
17848.863781973,24,rising
17848.868637952,23,falling
17848.870587581,24,falling
17848.873184229,24,falling
17848.873191247,24,falling
17848.873202191,24,falling
17848.873386432,24,falling
17848.873915432,23,falling
17848.874430617,23,rising
17848.874715876,24,falling
17848.875462394,24,rising
17848.878731189,23,falling
17848.878735615,23,falling
17848.878741023,23,falling
17848.878745004,23,falling
17848.878756615,23,falling
17848.880079726,24,rising
17848.880084652,24,rising
17848.880098670,24,falling
17848.880103300,24,falling
17848.880109781,24,falling
17848.880114504,24,rising
17848.880119170,24,rising
17848.880124133,24,falling
17848.880134837,24,falling
17848.880139522,24,falling
17848.881182707,23,falling
17848.881189540,23,falling
17848.881190096,24,falling
17848.881196614,23,falling
17848.881202040,23,falling
17848.881236096,23,falling
17848.881249411,23,falling
17848.881257651,23,falling
17848.881699096,24,falling
17848.881995244,24,rising
17848.882006633,24,rising
17848.882011447,24,rising
17848.882041651,24,falling
17848.882046373,24,falling
17848.882066021,23,falling
17848.882074744,23,falling
17848.882081873,23,falling
17848.882075855,24,rising
17848.882086447,24,rising
17848.882090447,24,rising
17848.882097188,24,falling
17848.882107836,24,falling
17848.882117040,24,falling
17848.882352225,24,rising
17848.882356466,24,falling
17848.882363225,24,falling
17848.882371318,24,rising
17848.882377466,24,rising
17848.882381632,24,rising
17848.882386632,24,falling
17848.882392188,24,falling
17848.882401114,23,falling
17848.882406021,23,falling
17848.882406651,24,falling
17848.882411595,23,rising
17848.882426188,24,rising
17848.882434744,24,falling
17848.882439892,24,rising
17848.882447781,24,rising
17848.882469855,24,rising
17848.882478892,24,rising
17848.882496095,24,falling
17848.882514651,24,falling
17848.882521262,24,falling
17848.882576688,24,falling
17848.882840206,24,falling
17848.882845077,24,rising
17848.882870706,24,falling
17848.882877225,24,falling
17848.882882243,24,falling
17848.882893410,24,falling
17848.882899540,24,falling
17848.882904243,24,rising
17848.882908854,24,falling
17848.882913243,24,rising
17848.882918188,24,falling
17848.882922854,24,falling
17848.882929688,24,falling
17848.882934336,24,falling
17848.882939929,24,falling
17848.882952929,24,falling
17848.882962280,24,falling
17848.882966947,24,falling
17848.882971706,24,falling
17848.882976910,24,falling
17848.882983225,24,falling
17848.882988632,24,falling
17848.883349039,24,rising
17848.883369965,24,falling
17848.883377373,24,falling
17848.883383021,24,falling
17848.883388280,24,falling
17848.883392928,24,rising
17848.883397614,24,rising
17848.885303131,23,falling
17848.885307520,23,falling
17848.885323668,23,rising
17848.885331891,23,falling
17848.885347465,23,falling
17848.885361039,23,falling
17848.886215020,24,falling
17848.886273890,23,falling
17848.886278612,23,falling
17848.886283224,23,falling
17848.886287853,23,falling
17848.886292575,23,falling
17848.887073390,23,falling
17848.887074520,24,falling
17848.887101631,23,falling
17848.887102927,24,falling
17848.887165871,23,falling
17848.887437316,24,falling
17848.887442056,24,falling
17848.887454056,24,falling
17848.887458742,24,rising
17848.887468501,24,falling
17848.887473242,24,rising
17848.887478890,24,rising
17848.887483501,24,rising
17848.887489334,24,falling
17848.887493964,24,falling
17848.887498686,24,falling
17848.887560408,23,falling
17848.887561427,24,falling
17848.887684242,23,falling
17848.887690149,23,falling
17848.887715223,23,falling
17848.887723316,23,falling
17848.887776112,23,falling
17848.887777241,24,falling
17848.887782316,23,falling
17848.887786908,23,falling
17848.887791575,23,falling
17848.887801038,23,falling
17848.887805760,23,falling
17848.887811445,23,rising
17848.887816908,23,falling
17848.887831204,23,falling
17848.887946019,24,falling
17848.888133852,23,rising
17848.888378649,24,falling
17848.888431926,24,falling
17848.888442871,24,falling
17848.888457852,24,falling
17848.888462630,24,falling
17848.888467278,24,falling
17848.888474723,24,falling
17848.888480112,24,falling
17848.888486260,24,rising
17848.888506834,24,rising
17848.888511593,24,falling
17848.888517241,24,falling
17848.888526112,24,falling
17848.888530871,24,falling
17848.888535575,24,falling
17848.888540241,24,falling
17848.888545852,24,falling
17848.888556723,24,falling
17848.888561500,24,falling
17848.888566204,24,falling
17848.888574982,24,falling
17848.888579723,24,falling
17848.888584408,24,falling
17848.888833186,24,rising
17848.890406648,23,falling
17848.890411407,23,falling
17848.891137166,24,rising
17848.891141407,24,falling
17848.891145611,24,falling
17848.891163370,24,falling
17848.891173944,24,falling
17848.891179092,24,falling
17848.891183759,24,falling
17848.891217870,23,falling
17848.891492740,23,falling
17848.891852036,24,falling
17848.891906518,24,falling
17848.891917721,23,rising
17848.891922481,23,falling
17848.891927166,23,rising
17848.891933962,23,rising
17848.891938555,24,rising
17848.891945277,23,rising
17848.891949851,23,falling
17848.891960462,24,falling
17848.891985184,23,rising
17848.891990036,23,falling
17848.891994647,23,falling
17848.892000184,23,rising
17848.892006351,23,rising
17848.892011036,23,falling
17848.892018221,23,falling
17848.892019240,24,rising
17848.892023240,23,falling
17848.892024277,24,falling
17848.892032536,23,falling
17848.892037092,24,rising
17848.892041944,24,rising
17848.892045814,24,rising
17848.892050684,24,rising
17848.892049647,23,falling
17848.892069444,23,falling
17848.892070610,24,rising
17848.892077777,24,rising
17848.892087647,24,falling
17848.892099444,24,falling
17848.892104129,24,rising
17848.892110184,24,rising
17848.892115055,24,falling
17848.892120332,24,rising
17848.892127203,24,falling
17848.892131944,24,rising
17848.892146462,24,falling
17848.892151184,24,falling
17848.892155869,24,falling
17848.892164592,24,rising
17848.892169295,24,rising
17848.892197221,24,falling
17848.892215055,24,falling
17848.892219721,24,rising
17848.892227888,24,rising
17848.892232610,24,rising
17848.892237240,24,rising
17848.892241221,24,rising
17848.892260962,24,falling
17848.892272481,24,falling
17848.892285943,24,rising
17848.892290647,24,rising
17848.892295777,24,rising
17848.892300314,24,falling
17848.892310166,24,falling
17848.892315795,24,falling
17848.892327684,24,falling
17848.892333147,24,falling
17848.892337851,24,rising
17848.892342999,24,falling
17848.892347610,24,rising
17848.892441277,24,rising
17848.892462647,24,falling
17848.892467388,24,rising
17848.892481758,24,falling
17848.892486443,24,rising
17848.892495036,24,falling
17848.892500295,24,rising
17848.892528962,24,rising
17848.892533666,24,rising
17848.892538314,24,rising
17848.892542388,24,rising
17848.892547888,24,falling
17848.892552536,24,falling
17848.892559295,23,falling
17848.892560425,24,falling
17848.892566851,23,rising
17848.892579221,24,rising
17848.892597499,24,rising
17848.892602203,24,rising
17848.892615906,24,rising
17848.892620610,24,rising
17848.892632999,24,falling
17848.892637684,24,falling
17848.892642425,24,falling
17848.892647369,24,falling
17848.892651129,24,falling
17848.892667517,24,rising
17848.892672203,24,falling
17848.892704777,24,rising
17848.892711258,24,rising
17848.892722462,24,rising
17848.892727166,24,falling
17848.892732203,24,falling
17848.892781054,24,falling
17848.892790814,24,falling
17848.892814740,24,rising
17848.892819443,24,rising
17848.892824128,24,rising
17848.892828814,24,falling
17848.892833554,24,rising
17848.892838128,24,falling
17848.892848721,24,falling
17848.892854517,24,falling
17848.892861758,24,rising
17848.892867906,24,rising
17848.892873740,24,falling
17848.892879277,24,falling
17848.892886091,24,falling
17848.892890814,24,falling
17848.892895462,24,falling
17848.892967462,24,rising
17848.893009277,24,falling
17848.893230925,24,rising
17848.894622906,23,rising
17848.894627646,23,falling
17848.894646461,23,falling
17848.894767072,23,falling
17848.894813702,23,falling
17848.894818405,23,falling
17848.894836035,23,falling
17848.894972331,23,falling
17848.894978220,23,falling
17848.894982887,23,falling
17848.894991924,23,rising
17848.894998794,23,falling
17848.895003979,23,falling
17848.895013146,23,rising
17848.895023276,23,rising
17848.895028813,23,falling
17848.895160424,23,rising
17848.895166794,23,falling
17848.895171461,23,falling
17848.895176053,23,rising
17848.895179905,23,rising
17848.895184591,23,falling
17848.895189405,23,falling
17848.895193387,23,falling
17848.895198016,23,falling
17848.895202591,23,falling
17848.895210572,23,falling
17848.895221794,23,rising
17848.895227813,23,falling
17848.895232739,23,rising
17848.895283572,23,rising
17848.895340868,23,rising
17848.895367665,23,falling
17848.895382794,23,rising
17848.895391794,23,falling
17848.895403627,23,rising
17848.895430794,23,rising
17848.895440072,23,falling
17848.895448294,23,falling
17848.895456868,23,rising
17848.895461202,23,falling
17848.895466072,23,rising
17848.895477572,23,falling
17848.895483090,23,falling
17848.895505979,23,falling
17848.895547757,23,rising
17848.895557683,23,falling
17848.895563368,23,rising
17848.895570720,23,falling
17848.895575072,23,rising
17848.895623664,24,rising
17848.895622979,23,rising
17848.895628535,23,falling
17848.895628887,24,falling
17848.895635238,24,rising
17848.895634479,23,falling
17848.895639905,23,falling
17848.895640313,24,falling
17848.895673572,24,falling
17848.895672794,23,falling
17848.895678553,24,rising
17848.895678201,23,rising
17848.895683572,24,falling
17848.895683201,23,falling
17848.895691127,24,rising
17848.895690757,23,falling
17848.895695738,23,falling
17848.895696090,24,falling
17848.895702183,23,falling
17848.895702813,24,falling
17848.895753479,23,rising
17848.895754238,24,rising
17848.895845961,24,falling
17848.895845257,23,falling
17848.895851146,23,rising
17848.895866016,23,rising
17848.895851498,24,falling
17848.895867090,24,rising
17848.895872294,23,rising
17848.895908053,23,rising
17848.895909183,24,rising
17848.895916331,23,falling
17848.895924720,23,rising
17848.895926201,24,rising
17848.895940479,23,falling
17848.895941609,24,rising
17848.895946461,23,falling
17848.895947572,24,falling
17848.895980368,23,falling
17848.895981442,24,falling
17848.895992349,23,falling
17848.895993387,24,falling
17848.895998331,23,falling
17848.895999442,24,rising
17848.896005201,23,rising
17848.896006294,24,rising
17848.896032961,23,rising
17848.896034609,24,rising
17848.896047646,23,falling
17848.896048720,24,falling
17848.896054886,23,rising
17848.896056035,24,rising
17848.896060961,23,rising
17848.896061998,24,rising
17848.896068572,23,falling
17848.896069646,24,rising
17848.896074424,23,falling
17848.896075498,24,falling
17848.896080294,23,falling
17848.896087627,24,rising
17848.896091386,23,rising
17848.896092535,24,rising
17848.896112164,23,rising
17848.896113294,24,rising
17848.896137535,23,rising
17848.896138701,24,falling
17848.896143646,23,falling
17848.896144794,24,falling
17848.896159146,23,falling
17848.896160312,24,rising
17848.896165331,23,falling
17848.896166479,24,falling
17848.896171312,23,falling
17848.896172386,24,falling
17848.896177238,24,rising
17848.896181942,23,rising
17848.896197053,23,falling
17848.896198183,24,rising
17848.896203201,23,rising
17848.896204294,24,rising
17848.896217572,23,falling
17848.896218701,24,falling
17848.896234016,23,falling
17848.896235164,24,rising
17848.896240183,23,falling
17848.896241331,24,rising
17848.896246146,23,falling
17848.896247257,24,falling
17848.896252035,23,rising
17848.896253109,24,rising
17848.896258146,23,falling
17848.896258683,24,falling
17848.896263757,23,falling
17848.896265479,24,falling
17848.896283775,23,falling
17848.896284886,24,falling
17848.896289998,23,falling
17848.896291090,24,falling
17848.896295905,23,falling
17848.896296942,24,falling
17848.896306886,23,rising
17848.896308016,24,rising
17848.896327238,23,falling
17848.896328442,24,rising
17848.896333479,23,falling
17848.896334590,24,falling
17848.896339460,23,falling
17848.896344035,23,rising
17848.896345109,24,rising
17848.896350035,23,falling
17848.896351072,24,falling
17848.896355942,23,falling
17848.896357016,24,falling
17848.896362812,23,falling
17848.896363960,24,falling
17848.896369053,23,falling
17848.896370072,24,rising
17848.896374960,23,falling
17848.896375997,24,falling
17848.896380905,23,falling
17848.896393886,23,rising
17848.896394960,24,rising
17848.896436572,23,falling
17848.896437683,24,falling
17848.896442757,23,falling
17848.896443868,24,falling
17848.896448738,23,rising
17848.896449849,24,rising
17848.896455238,23,falling
17848.896456275,24,falling
17848.896461127,23,falling
17848.896462201,24,falling
17848.896467072,23,falling
17848.896468146,24,falling
17848.896472923,23,falling
17848.896473979,24,falling
17848.896478831,23,falling
17848.896479886,24,falling
17848.896484683,23,falling
17848.896485738,24,falling
17848.896490683,23,falling
17848.896495275,23,falling
17848.896496368,24,falling
17848.896501238,23,falling
17848.896505849,24,falling
17848.896512923,23,rising
17848.896513997,24,rising
17848.896570609,23,rising
17848.896571720,24,rising
17848.896576831,23,rising
17848.896581460,23,rising
17848.896586034,23,rising
17848.896670108,24,rising
17848.896681757,24,falling
17848.896686442,24,falling
17848.896691071,24,falling
17848.896695831,24,falling
17848.896702220,24,falling
17848.896738145,24,rising
17848.896858479,24,rising
17848.896891645,24,rising
17848.896900108,24,falling
17848.896909923,24,falling
17848.896915275,24,falling
17848.896920868,24,falling
17848.896932942,24,falling
17848.896940627,24,falling
17848.896950368,24,falling
17848.896954479,24,rising
17848.896960238,24,falling
17848.896966701,24,falling
17848.896971923,24,falling
17848.896988219,24,falling
17848.897004127,24,falling
17848.897014590,24,rising
17848.897018794,24,rising
17848.897035460,24,falling
17848.897039627,24,rising
17848.897045479,24,rising
17848.897053275,24,rising
17848.897071053,24,rising
17848.897138256,24,falling
17848.897151423,24,falling
17848.897329627,24,rising
17848.897343349,24,falling
17848.897348238,24,falling
17848.897356349,24,rising
17848.898271497,23,rising
17848.898276830,23,rising
17848.898288386,23,falling
17848.898296423,23,falling
17848.898301182,23,rising
17848.898308163,23,falling
17848.898312812,23,rising
17848.898318034,23,rising
17848.898322997,23,rising
17848.898327182,23,rising
17848.898331737,23,rising
17848.898341867,23,falling
17848.898356589,23,falling
17848.898385719,23,falling
17848.898395126,23,falling
17848.898444571,23,falling
17848.898457089,23,falling
17848.898461293,23,falling
17848.898472330,23,rising
17848.898476367,23,falling
17848.898504404,23,falling
17848.898512478,23,falling
17848.898517386,23,falling
17848.898594311,23,falling
17848.898616145,23,rising
17848.898622348,23,rising
17848.898626441,23,rising
17848.898636108,23,rising
17848.898656034,23,rising
17848.898660182,23,rising
17848.898665978,23,falling
17848.898714941,23,falling
17848.898720052,23,falling
17848.898741015,23,falling
17848.898787997,23,rising
17848.898818756,23,rising
17848.898822885,23,falling
17848.898916108,23,falling
17848.898922052,23,falling
17848.898926200,23,falling
17848.898930941,23,rising
17848.898948959,23,rising
17848.898997756,23,rising
17848.899020645,23,rising
17848.899041922,23,rising
17848.899047830,23,falling
17848.899055478,23,rising
17848.899086015,23,rising
17848.899143496,23,falling
17848.899147700,23,falling
17848.899156089,23,falling
17848.899165811,23,rising
17848.899173626,23,rising
17848.899218293,23,rising
17848.899224015,23,falling
17848.899234070,23,falling
17848.899238237,23,rising
17848.899246867,23,rising
17848.899251293,23,rising
17848.899260145,23,rising
17848.899270200,23,falling
17848.899275682,23,falling
17848.899283719,23,rising
17848.899328145,23,rising
17848.899332367,23,falling
17848.899338830,23,rising
17848.899391348,24,falling
17848.899395719,23,falling
17848.899401459,24,falling
17848.899406182,23,rising
17848.899406515,24,rising
17848.899494311,24,falling
17848.899493496,23,falling
17848.899499274,24,rising
17848.899504367,24,falling
17848.899498922,23,falling
17848.899511941,24,rising
17848.899510644,23,rising
17848.899535200,24,rising
17848.899533867,23,rising
17848.899550978,23,rising
17848.899551737,24,rising
17848.899565274,24,falling
17848.899564515,23,falling
17848.899570237,24,rising
17848.899569885,23,rising
17848.899581274,23,falling
17848.899582033,24,falling
17848.899588200,24,rising
17848.899587793,23,rising
17848.899593033,23,rising
17848.899593385,24,rising
17848.899625237,23,rising
17848.899625996,24,rising
17848.899720552,24,rising
17848.899719774,23,rising
17848.899725144,23,rising
17848.899725478,24,rising
17848.899736644,24,rising
17848.899735885,23,rising
17848.899741255,23,rising
17848.899741589,24,rising
17848.899815274,24,falling
17848.899813922,23,falling
17848.899824255,24,falling
17848.899840348,24,falling
17848.899848589,24,falling
17848.899847181,23,falling
17848.899860496,23,falling
17848.899861885,24,falling
17848.899868070,23,falling
17848.899874459,24,falling
17848.899873792,23,falling
17848.899880144,23,falling
17848.899880570,24,falling
17848.899897737,24,falling
17848.899896978,23,falling
17848.899902478,23,falling
17848.899902848,24,falling
17848.899909385,23,rising
17848.899910478,24,rising
17848.899915107,23,falling
17848.899916255,24,falling
17848.899923552,23,falling
17848.899924533,24,rising
17848.899930033,23,rising
17848.899931163,24,rising
17848.900036348,23,rising
17848.900037070,24,rising
17848.900049126,24,falling
17848.900048348,23,falling
17848.900054237,24,falling
17848.900053903,23,falling
17848.900058718,24,rising
17848.900063607,23,rising
17848.900063959,24,rising
17848.900141681,24,falling
17848.900140885,23,falling
17848.900146366,24,falling
17848.900163681,23,falling
17848.900164459,24,falling
17848.900175422,23,falling
17848.900176181,24,falling
17848.900191422,24,falling
17848.900190663,23,falling
17848.900196033,23,falling
17848.900196366,24,falling
17848.900228866,23,falling
17848.900229626,24,falling
17848.900283866,23,rising
17848.900284626,24,rising
17848.900292515,23,falling
17848.900293292,24,falling
17848.900305626,23,rising
17848.900306385,24,rising
17848.900419496,24,falling
17848.900425866,24,rising
17848.900430644,24,rising
17848.900435385,24,rising
17848.900553033,24,falling
17848.900558422,24,falling
17848.900565218,24,falling
17848.900576922,24,rising
17848.900581051,24,falling
17848.900590051,24,rising
17848.900594607,24,falling
17848.900600848,24,falling
17848.900604977,24,falling
17848.900615533,24,falling
17848.900619496,24,rising
17848.900626644,24,rising
17848.900635218,24,rising
17848.900650903,24,rising
17848.900656051,24,rising
17848.900661903,24,rising
17848.900675607,24,rising
17848.900679737,24,falling
17848.900686625,24,falling
17848.900730625,24,rising
17848.900793014,24,rising
17848.900798959,24,falling
17848.900803051,24,rising
17848.900816144,24,rising
17848.900820311,24,rising
17848.900842311,24,rising
17848.900855496,24,rising
17848.900864403,24,rising
17848.900980311,24,rising
17848.901012440,24,rising
17848.901021088,24,rising
17848.902136440,23,falling
17848.902146755,23,rising
17848.902154829,23,falling
17848.902166366,23,rising
17848.902170514,23,falling
17848.902181829,23,falling
17848.902216977,23,falling
17848.902227514,23,falling
17848.902233255,23,rising
17848.902238940,23,falling
17848.902313514,23,rising
17848.902343662,23,falling
17848.902352014,23,falling
17848.902356143,23,falling
17848.902363625,23,falling
17848.902367754,23,rising
17848.902381773,23,falling
17848.902405273,23,falling
17848.902410903,23,rising
17848.902555995,23,rising
17848.902724773,23,rising
17848.902775865,23,rising
17848.902780588,23,rising
17848.902785551,23,rising
17848.902790199,23,rising
17848.902798162,23,falling
17848.902803958,23,rising
17848.902808625,23,rising
17848.902813236,23,falling
17848.902826606,23,rising
17848.902831236,23,falling
17848.902835828,23,falling
17848.902905402,23,falling
17848.902959347,23,falling
17848.902993884,23,falling
17848.903061810,23,falling
17848.903066995,23,falling
17848.903072495,23,rising
17848.903067995,24,falling
17848.903073236,24,falling
17848.903078143,23,falling
17848.903079180,24,falling
17848.903087384,23,falling
17848.903088384,24,falling
17848.903094828,24,rising
17848.903093847,23,rising
17848.903146236,23,rising
17848.903147273,24,rising
17848.903165569,23,rising
17848.903166587,24,rising
17848.903170791,23,rising
17848.903189384,23,falling
17848.903190402,24,falling
17848.903194625,23,falling
17848.903200717,23,falling
17848.903201754,24,falling
17848.903212291,23,rising
17848.903213347,24,rising
17848.903217550,23,falling
17848.903222199,23,rising
17848.903223199,24,rising
17848.903271087,23,rising
17848.903272124,24,rising
17848.903292087,23,rising
17848.903302699,23,falling
17848.903303736,24,falling
17848.903307995,23,falling
17848.903309032,24,falling
17848.903320828,23,falling
17848.903321865,24,falling
17848.903332884,23,falling
17848.903333902,24,falling
17848.903340810,23,falling
17848.903341847,24,falling
17848.903351606,23,falling
17848.903352624,24,falling
17848.903375847,23,falling
17848.903376884,24,falling
17848.903384865,23,falling
17848.903385902,24,falling
17848.903400736,23,rising
17848.903401791,24,rising
17848.903406069,23,falling
17848.903407087,24,falling
17848.903411124,23,falling
17848.903416236,24,falling
17848.903415754,23,falling
17848.903424161,24,rising
17848.903423643,23,rising
17848.903462087,23,falling
17848.903463198,24,falling
17848.903467402,23,rising
17848.903468458,24,rising
17848.903472328,23,rising
17848.903473384,24,rising
17848.903666532,23,falling
17848.903667550,24,falling
17848.903672272,23,falling
17848.903677513,23,falling
17848.903678532,24,falling
17848.903682402,23,falling
17848.903683402,24,falling
17848.903688717,23,falling
17848.903693921,23,falling
17848.903694939,24,falling
17848.903706180,23,rising
17848.903707198,24,rising
17848.903712421,24,rising
17848.903711402,23,rising
17848.903722513,24,falling
17848.903721439,23,falling
17848.903743624,23,falling
17848.903744643,24,falling
17848.903756939,23,falling
17848.903757976,24,falling
17848.903766976,23,rising
17848.903768050,24,rising
17848.903824735,24,falling
17848.903830143,24,falling
17848.903829791,23,falling
17848.903840846,24,falling
17848.903848032,24,falling
17848.903853495,24,falling
17848.903839495,23,rising
17848.903853143,23,falling
17848.903903106,23,falling
17848.903904198,24,falling
17848.903909106,23,rising
17848.903914161,23,rising
17848.903918754,23,falling
17848.903933476,23,falling
17848.903934587,24,falling
17848.903952272,23,falling
17848.903953717,24,rising
17848.903958865,23,falling
17848.903959995,24,falling
17848.903965013,23,falling
17848.903966032,24,falling
17848.904020291,23,rising
17848.904021420,24,rising
17848.904035180,23,rising
17848.904036309,24,rising
17848.904041180,23,rising
17848.904042198,24,rising
17848.904066383,23,falling
17848.904067476,24,falling
17848.904075606,23,rising
17848.904076717,24,rising
17848.904081458,23,rising
17848.904082476,24,rising
17848.904142939,23,rising
17848.904144050,24,rising
17848.904149309,23,rising
17848.904150439,24,rising
17848.904155235,23,rising
17848.904156291,24,rising
17848.904199402,24,falling
17848.904204198,24,rising
17848.904210254,24,rising
17848.904228346,24,falling
17848.904233143,24,rising
17848.904240106,24,rising
17848.904245143,24,falling
17848.904249772,24,falling
17848.904260291,24,rising
17848.904265013,24,rising
17848.904287291,24,falling
17848.904292050,24,falling
17848.904298050,24,rising
17848.904381439,24,falling
17848.904388735,24,falling
17848.904397365,24,rising
17848.904402106,24,rising
17848.904541550,24,rising
17848.904632457,24,rising
17848.904653068,24,rising
17848.905820994,23,rising
17848.905825809,23,rising
17848.905850679,23,falling
17848.905859735,23,rising
17848.905864309,23,rising
17848.905922161,23,falling
17848.905928420,23,falling
17848.905933123,23,falling
17848.905938846,23,falling
17848.905950198,23,rising
17848.905958753,23,rising
17848.905963420,23,rising
17848.905968086,23,rising
17848.905977420,23,falling
17848.905982123,23,rising
17848.905999346,23,rising
17848.906005327,23,falling
17848.906012160,23,rising
17848.906027290,23,rising
17848.906032679,23,falling
17848.906204234,23,falling
17848.906254846,23,falling
17848.906259105,23,falling
17848.906265086,23,rising
17848.906271549,23,falling
17848.906279105,23,falling
17848.906284364,23,falling
17848.906300568,23,falling
17848.906353883,23,falling
17848.906368975,23,rising
17848.906375901,23,falling
17848.906381068,23,rising
17848.906384808,23,falling
17848.906393864,23,falling
17848.906398457,23,falling
17848.906415605,23,falling
17848.906436068,23,falling
17848.906479531,23,falling
17848.906499364,23,rising
17848.906505716,23,rising
17848.906517827,23,falling
17848.906524308,23,falling
17848.906528345,23,falling
17848.906533438,23,rising
17848.906541253,23,rising
17848.906555845,23,falling
17848.906562160,23,falling
17848.906567382,23,falling
17848.906574401,24,rising
17848.906606253,23,falling
17848.906607327,24,falling
17848.906623919,23,falling
17848.906633549,23,falling
17848.906634271,24,falling
17848.906652327,23,falling
17848.906657827,24,rising
17848.906657308,23,falling
17848.906666938,24,rising
17848.906665901,23,rising
17848.906675271,23,falling
17848.906676327,24,falling
17848.906698845,23,rising
17848.906699919,24,rising
17848.906704068,23,rising
17848.906705086,24,rising
17848.906708957,23,falling
17848.906709994,24,falling
17848.906717456,23,falling
17848.906718475,24,falling
17848.906806938,23,rising
17848.906807956,24,rising
17848.906816716,23,falling
17848.906817753,24,falling
17848.906822364,23,falling
17848.906827493,23,falling
17848.906828549,24,falling
17848.906832364,23,falling
17848.906833382,24,falling
17848.906860697,23,falling
17848.906861716,24,falling
17848.906873382,23,rising
17848.906874401,24,rising
17848.906878586,23,falling
17848.906879605,24,falling
17848.906883493,23,falling
17848.906890975,23,falling
17848.906891993,24,rising
17848.906896216,23,falling
17848.906897216,24,falling
17848.906901086,23,rising
17848.906902105,24,rising
17848.907030530,23,falling
17848.907031586,24,falling
17848.907083734,23,rising
17848.907084753,24,rising
17848.907094456,23,falling
17848.907095456,24,falling
17848.907103734,23,falling
17848.907104753,24,falling
17848.907114919,23,rising
17848.907115938,24,rising
17848.907172716,23,rising
17848.907173734,24,rising
17848.907178938,24,rising
17848.907177938,23,rising
17848.907183345,24,rising
17848.907182882,23,rising
17848.907193530,23,falling
17848.907194049,24,falling
17848.907199030,23,rising
17848.907200049,24,rising
17848.907204549,23,rising
17848.907204956,24,rising
17848.907218808,23,falling
17848.907225216,24,falling
17848.907224197,23,falling
17848.907232253,23,rising
17848.907233253,24,rising
17848.907303067,23,falling
17848.907304086,24,falling
17848.907308253,23,falling
17848.907309290,24,falling
17848.907313197,23,falling
17848.907319141,23,rising
17848.907320141,24,rising
17848.907331993,23,rising
17848.907340808,23,falling
17848.907341864,24,falling
17848.907346049,23,falling
17848.907351549,23,falling
17848.907352567,24,falling
17848.907356771,23,falling
17848.907357790,24,falling
17848.907362234,23,rising
17848.907368567,23,falling
17848.907372956,24,rising
17848.907377586,23,rising
17848.907390178,23,falling
17848.907391216,24,rising
17848.907395419,23,falling
17848.907403808,23,rising
17848.907404827,24,rising
17848.907409030,23,falling
17848.907410049,24,rising
17848.907413882,23,falling
17848.907418604,23,rising
17848.907423290,23,rising
17848.907419141,24,rising
17848.907431678,23,falling
17848.907432678,24,rising
17848.907438253,24,rising
17848.907437234,23,rising
17848.907443345,24,rising
17848.907449475,24,rising
17848.907453604,23,rising
17848.907458864,24,rising
17848.907458401,23,falling
17848.907470919,23,rising
17848.907471253,24,falling
17848.907475993,23,falling
17848.907477012,24,falling
17848.907484197,24,falling
17848.907483123,23,falling
17848.907489049,23,falling
17848.907493641,23,falling
17848.907489567,24,falling
17848.907502104,23,rising
17848.907507364,23,rising
17848.907514752,23,rising
17848.907503123,24,falling
17848.907521734,23,rising
17848.907530012,23,rising
17848.907538697,23,rising
17848.907531771,24,rising
17848.907540049,24,rising
17848.907549604,23,rising
17848.907550660,24,rising
17848.907554827,23,rising
17848.907601530,23,rising
17848.907602586,24,rising
17848.907611493,23,falling
17848.907612549,24,rising
17848.907616789,23,rising
17848.907617845,24,rising
17848.907628197,23,falling
17848.907629234,24,falling
17848.907633456,23,falling
17848.907634493,24,falling
17848.907654345,23,falling
17848.907655382,24,falling
17848.907663438,24,rising
17848.907667623,23,falling
17848.907672364,23,rising
17848.907672901,24,falling
17848.907677364,23,rising
17848.907678771,24,rising
17848.907682789,23,falling
17848.907687697,23,rising
17848.907688234,24,rising
17848.907693975,24,falling
17848.907692623,23,rising
17848.907700438,24,rising
17848.907705197,24,falling
17848.907711715,24,rising
17848.907735882,24,rising
17848.907751215,24,rising
17848.907759160,24,rising
17848.907770086,24,rising
17848.907778493,24,rising
17848.907788067,24,rising
17848.907795975,24,rising
17848.907802901,24,falling
17848.907819438,24,falling
17848.907826512,24,rising
17848.907838049,24,falling
17848.907844901,24,falling
17848.907860456,24,falling
17848.907862234,24,falling
17848.907864252,24,falling
17848.907870012,24,falling
17848.907874956,24,falling
17848.907880475,24,falling
17848.907902049,24,falling
17848.907906882,24,falling
17848.907910604,24,falling
17848.907915086,24,falling
17848.907919900,24,falling
17848.907969400,24,falling
17848.907987826,24,rising
17848.908016530,24,rising
17848.908023271,24,rising
17848.908028012,24,rising
17848.908041641,24,rising
17848.908059326,24,falling
17848.908091641,24,falling
17848.908096715,24,falling
17848.908104345,24,falling
17848.908109049,24,rising
17848.908124363,24,rising
17848.909136900,23,falling
17848.909521048,23,falling
17848.909525918,23,falling
17848.909671696,23,falling
17848.909676474,23,falling
17848.909685789,23,falling
17848.909690455,23,rising
17848.909695048,23,falling
17848.909695770,24,falling
17848.909713141,24,falling
17848.909892252,23,falling
17848.909902048,23,falling
17848.910053918,23,falling
17848.910054974,24,falling
17848.910074900,24,falling
17848.910119048,23,falling
17848.910120103,24,falling
17848.910124326,23,falling
17848.910140011,23,falling
17848.910141048,24,falling
17848.910153085,23,falling
17848.910154159,24,falling
17848.910166492,23,falling
17848.910173400,23,falling
17848.910205659,23,falling
17848.910231122,23,falling
17848.910236196,23,rising
17848.910237233,24,rising
17848.910241437,23,falling
17848.910246863,24,falling
17848.910246381,23,falling
17848.910427825,23,falling
17848.910428881,24,falling
17848.910504974,23,rising
17848.910510474,23,falling
17848.910516437,24,falling
17848.910523955,24,falling
17848.910530492,24,rising
17848.910546640,24,rising
17848.910559048,24,rising
17848.910567177,23,falling
17848.910572474,23,falling
17848.910568270,24,rising
17848.910573529,24,rising
17848.910578899,23,falling
17848.910580066,24,falling
17848.910584899,23,falling
17848.910585992,24,rising
17848.910591011,24,rising
17848.910605103,24,rising
17848.910610066,24,rising
17848.910616566,24,falling
17848.910688455,23,falling
17848.910696677,24,falling
17848.910702159,24,falling
17848.910707751,24,falling
17848.910712973,24,falling
17848.910736048,24,rising
17848.910741288,24,falling
17848.910745807,24,falling
17848.910757881,24,rising
17848.910762325,24,falling
17848.910771177,24,falling
17848.910779418,24,falling
17848.910788696,24,falling
17848.910805066,24,falling
17848.910810270,24,falling
17848.910871325,23,rising
17848.910918696,24,falling
17848.910922955,24,rising
17848.910951622,24,falling
17848.910956918,24,falling
17848.910961622,24,rising
17848.910967733,24,rising
17848.910972918,24,falling
17848.910981288,24,rising
17848.910985751,24,falling
17848.910994918,24,falling
17848.910999381,24,falling
17848.911014584,24,rising
17848.911022473,24,falling
17848.911041140,24,rising
17848.911047455,24,rising
17848.911051603,24,falling
17848.911057270,24,falling
17848.911061436,24,falling
17848.911068066,24,falling
17848.911081547,24,falling
17848.911085696,24,rising
17848.911094751,24,falling
17848.911241066,24,falling
17848.911248010,24,falling
17848.911252196,24,falling
17848.911267455,24,falling
17848.911272770,24,rising
17848.912297158,23,falling
17848.912728084,23,falling
17848.912729121,24,falling
17848.912739325,24,falling
17848.913176065,23,falling
17848.913189695,23,falling
17848.913193306,23,falling
17848.913194010,24,falling
17848.913229584,23,falling
17848.913229917,24,falling
17848.913235269,24,falling
17848.913245917,23,falling
17848.913246565,24,falling
17848.913267547,23,falling
17848.913268306,24,falling
17848.913301250,24,falling
17848.913328510,24,rising
17848.913333880,24,falling
17848.913333176,23,falling
17848.913338880,24,falling
17848.913352565,24,rising
17848.913358361,24,falling
17848.913364621,24,rising
17848.913372250,24,rising
17848.913379361,24,falling
17848.913425343,24,rising
17848.913424584,23,rising
17848.913430361,24,falling
17848.913430009,23,falling
17848.913435380,24,falling
17848.913440695,24,falling
17848.913440324,23,falling
17848.913445398,23,falling
17848.913445750,24,falling
17848.913451621,23,falling
17848.913452306,24,falling
17848.913469417,23,falling
17848.913470176,24,falling
17848.913476472,23,falling
17848.913476824,24,falling
17848.913493028,24,falling
17848.913492250,23,falling
17848.913656509,24,falling
17848.913666324,24,falling
17848.913765861,23,falling
17848.913775806,23,falling
17848.913787750,23,falling
17848.913788454,24,falling
17848.913795620,23,falling
17848.913796398,24,falling
17848.913848565,24,falling
17848.913867806,23,falling
17848.913868565,24,falling
17848.913910620,23,rising
17848.913914917,24,falling
17848.913919602,24,falling
17848.913924009,24,falling
17848.913940528,24,rising
17848.913946194,24,rising
17848.913950954,24,rising
17848.913956528,24,rising
17848.913966250,24,rising
17848.913971676,24,falling
17848.913976361,24,falling
17848.913981009,24,falling
17848.914004806,24,falling
17848.914010046,24,falling
17848.914015880,24,rising
17848.914020583,24,falling
17848.914025194,24,rising
17848.914030954,24,rising
17848.914035639,24,rising
17848.914040287,24,falling
17848.914044102,24,falling
17848.914049435,24,falling
17848.914060157,24,falling
17848.914074343,24,falling
17848.914122806,24,falling
17848.914163509,24,rising
17848.914168213,24,falling
17848.914222028,24,falling
17848.914232509,24,falling
17848.914292824,24,rising
17848.915312916,23,rising
17848.915320564,23,falling
17848.915325120,23,falling
17848.915341398,23,falling
17848.915359120,23,falling
17848.915367398,23,falling
17848.915371509,23,falling
17848.915570342,23,falling
17848.915574527,23,falling
17848.915655120,23,falling
17848.915659286,23,falling
17848.915664064,23,rising
17848.915667916,23,falling
17848.915678916,23,falling
17848.915683101,23,falling
17848.915687842,23,rising
17848.915694342,23,falling
17848.915698453,23,falling
17848.915704416,23,falling
17848.915708694,24,rising
17848.915708268,23,rising
17848.915717583,24,rising
17848.915716879,23,rising
17848.915727842,24,rising
17848.915732657,23,rising
17848.915733009,24,rising
17848.915740509,23,falling
17848.915741249,24,falling
17848.915748360,23,falling
17848.915749120,24,falling
17848.915755120,24,falling
17848.915754731,23,falling
17848.915759657,24,rising
17848.915764620,23,falling
17848.915765379,24,falling
17848.915773601,23,falling
17848.915774360,24,falling
17848.915871675,23,falling
17848.915872860,24,falling
17848.915957046,23,falling
17848.915958212,24,falling
17848.915963231,23,falling
17848.915964342,24,rising
17848.915969231,23,falling
17848.915970342,24,falling
17848.915975194,23,falling
17848.915976268,24,falling
17848.915981175,23,falling
17848.915982286,24,falling
17848.916002101,23,falling
17848.916003101,24,falling
17848.916007471,23,falling
17848.916007953,24,falling
17848.916012527,23,falling
17848.916013601,24,falling
17848.916080916,23,falling
17848.916082046,24,falling
17848.916088527,23,falling
17848.916089620,24,falling
17848.916185805,23,falling
17848.916186860,24,falling
17848.916204416,23,falling
17848.916205527,24,rising
17848.916210397,23,falling
17848.916211508,24,rising
17848.916220786,23,falling
17848.916221138,24,rising
17848.916231971,23,rising
17848.916232490,24,rising
17848.916246434,23,falling
17848.916247545,24,falling
17848.916252508,23,falling
17848.916253601,24,falling
17848.916288657,23,falling
17848.916289712,24,falling
17848.916315768,23,falling
17848.916316879,24,falling
17848.916405953,23,rising
17848.916406990,24,falling
17848.916411934,23,falling
17848.916413119,24,falling
17848.916440508,23,rising
17848.916441656,24,rising
17848.916464156,23,rising
17848.916465212,24,rising
17848.916474749,23,falling
17848.916475860,24,falling
17848.916488860,23,rising
17848.916490008,24,rising
17848.916494916,23,rising
17848.916496027,24,falling
17848.916500934,23,falling
17848.916502045,24,falling
17848.916506916,23,falling
17848.916507953,24,falling
17848.916512897,23,falling
17848.916702064,23,rising
17848.916703175,24,falling
17848.916708064,23,falling
17848.916709175,24,falling
17848.916934619,23,rising
17848.916935749,24,falling
17848.916996693,24,falling
17848.917022156,24,falling
17848.917028360,24,falling
17848.917033064,24,falling
17848.917038453,24,falling
17848.917228675,24,falling
17848.917249434,24,falling
17848.917361619,24,falling
17848.917368193,24,falling
17848.917372897,24,falling
17848.917379101,24,falling
17848.917384064,24,rising
17848.918532008,23,rising
17848.918536193,23,rising
17848.918543211,23,rising
17848.918547971,23,falling
17848.918552545,23,falling
17848.918559452,23,rising
17848.918564063,23,falling
17848.918574248,23,rising
17848.918579211,23,rising
17848.918585711,23,falling
17848.918601341,23,rising
17848.918606174,23,falling
17848.918610915,23,falling
17848.919092155,24,falling
17848.919111230,24,falling
17848.919313729,23,falling
17848.919314841,24,falling
17848.919407100,23,falling
17848.919518100,23,falling
17848.919519489,24,falling
17848.919529803,23,rising
17848.919531118,24,rising
17848.919551044,23,rising
17848.919551822,24,falling
17848.919561396,23,rising
17848.919561729,24,rising
17848.919576785,24,rising
17848.919576063,23,rising
17848.919581748,24,falling
17848.919586322,23,falling
17848.919592118,23,falling
17848.919592470,24,falling
17848.919625433,24,falling
17848.919624674,23,falling
17848.919630415,24,falling
17848.919630081,23,falling
17848.919635470,24,rising
17848.919640211,23,falling
17848.919640581,24,falling
17848.919655174,23,rising
17848.919655933,24,rising
17848.919678933,23,falling
17848.919679692,24,falling
17848.919690229,24,falling
17848.919689470,23,falling
17848.919694896,23,falling
17848.919713544,23,falling
17848.919714229,24,falling
17848.919729155,23,falling
17848.919729915,24,falling
17848.919753637,23,falling
17848.919754396,24,falling
17848.919770803,23,falling
17848.919771581,24,falling
17848.919809285,24,rising
17848.919808526,23,rising
17848.919832229,24,rising
17848.919830581,23,rising
17848.919848229,24,rising
17848.919846877,23,rising
17848.919858322,24,rising
17848.919862914,23,rising
17848.919867933,23,falling
17848.919863266,24,falling
17848.919874989,24,rising
17848.919873970,23,rising
17848.919886377,23,rising
17848.919887229,24,rising
17848.919898803,23,rising
17848.919899877,24,rising
17848.919972637,23,rising
17848.919973748,24,rising
17848.919978766,23,rising
17848.919979877,24,rising
17848.919984729,23,falling
17848.919989303,23,falling
17848.919989803,24,falling
17848.919996433,23,rising
17848.919997581,24,falling
17848.920004100,23,falling
17848.920005340,24,falling
17848.920060766,23,falling
17848.920061859,24,falling
17848.920213785,23,falling
17848.920215192,24,rising
17848.920220062,23,rising
17848.920221192,24,rising
17848.920227025,23,rising
17848.920228155,24,rising
17848.920238581,23,rising
17848.920239711,24,rising
17848.920245155,23,rising
17848.920246285,24,rising
17848.920259377,23,falling
17848.920260507,24,falling
17848.920284803,23,rising
17848.920311137,23,rising
17848.920312248,24,rising
17848.920317099,23,rising
17848.920318229,24,rising
17848.920323099,24,falling
17848.920340970,24,falling
17848.920395229,24,falling
17848.920399914,24,falling
17848.920407544,24,falling
17848.920427599,24,rising
17848.920432340,24,falling
17848.920436988,24,falling
17848.920441081,24,falling
17848.920449303,24,falling
17848.920459933,24,falling
17848.920465211,24,falling
17848.920478081,24,falling
17848.920483099,24,rising
17848.920489359,24,rising
17848.920494081,24,falling
17848.920498748,24,falling
17848.920503785,24,falling
17848.920516544,24,falling
17848.920521266,24,falling
17848.920525914,24,falling
17848.920536248,24,falling
17848.920541655,24,falling
17848.920546359,24,rising
17848.920551044,24,rising
17848.920556025,24,falling
17848.920560803,24,rising
17848.920571192,24,falling
17848.920578988,24,rising
17848.920583785,24,rising
17848.920590896,24,falling
17848.920605062,24,rising
17848.920613470,24,falling
17848.920618136,24,rising
17848.920624970,24,rising
17848.920649747,24,rising
17848.920657136,24,falling
17848.920664729,24,rising
17848.920669692,24,falling
17848.920690433,24,falling
17848.920695155,24,falling
17848.920720673,24,falling
17848.920726081,24,falling
17848.920780118,24,falling
17848.920827618,24,rising
17848.920843247,24,falling
17848.920852044,24,falling
17848.920925803,24,falling
17848.920931951,24,rising
17848.920937599,24,rising
17848.920941747,24,falling
17848.920951340,24,falling
17848.920963155,24,falling
17848.920967007,24,falling
17848.920976099,24,falling
17848.920980655,24,falling
17848.920988729,24,falling
17848.920993062,24,falling
17848.920998821,24,falling
17848.921008303,24,falling
17848.921015784,24,falling
17848.921020581,24,falling
17848.921028544,24,falling
17848.921033395,24,falling
17848.921038858,24,falling
17848.921043525,24,falling
17848.921048340,24,rising
17848.922694765,23,falling
17848.922737506,23,falling
17848.922782487,23,falling
17848.922940858,24,falling
17848.922949358,24,falling
17848.922954061,24,falling
17848.923060932,24,falling
17848.923069617,23,falling
17848.923070747,24,falling
17848.923096376,23,falling
17848.923097469,24,falling
17848.923103450,23,falling
17848.923111284,24,falling
17848.923117691,23,falling
17848.923125654,24,falling
17848.923125117,23,falling
17848.923135006,24,falling
17848.923134450,23,falling
17848.923141561,23,falling
17848.923142617,24,falling
17848.923147858,24,falling
17848.923146821,23,falling
17848.923306598,23,falling
17848.923321228,23,falling
17848.923325913,23,falling
17848.923353672,24,falling
17848.923364858,24,rising
17848.923369061,24,falling
17848.923545061,24,falling
17848.923551191,24,falling
17848.923640320,23,falling
17848.923688950,23,rising
17848.923693617,23,rising
17848.923698191,23,falling
17848.923702135,23,falling
17848.923707320,23,rising
17848.923715357,23,falling
17848.923723283,23,rising
17848.923727950,23,falling
17848.923866561,23,falling
17848.923870783,23,falling
17848.923875209,23,rising
17848.923895968,23,rising
17848.923903598,23,rising
17848.923908320,23,falling
17848.923935080,24,falling
17848.923993839,23,falling
17848.923998154,23,falling
17848.924004265,23,rising
17848.924008968,23,rising
17848.924013561,23,falling
17848.924018172,23,falling
17848.924090635,23,falling
17848.924350635,23,rising
17848.924358802,23,rising
17848.924365153,23,rising
17848.924372172,23,falling
17848.924377487,23,falling
17848.924385709,23,falling
17848.924552339,24,falling
17848.924557987,24,falling
17848.924579876,24,falling
17848.924586635,23,rising
17848.924591783,24,rising
17848.924598116,24,falling
17848.924605505,24,rising
17848.924610839,24,falling
17848.924615357,24,rising
17848.924620227,24,falling
17848.924624135,24,falling
17848.924997135,24,falling
17848.925006116,24,rising
17848.926591819,23,falling
17848.926597227,23,falling
17848.926602245,23,falling
17848.927007634,23,falling
17848.927229689,24,rising
17848.927240893,24,falling
17848.927590171,23,falling
17848.927774226,23,falling
17848.927840726,23,rising
17848.927845337,23,falling
17848.927872985,23,falling
17848.927888171,23,falling
17848.927889226,24,falling
17848.927927356,23,falling
17848.927932837,23,falling
17848.927938467,23,falling
17848.927943319,23,falling
17848.927948597,23,falling
17848.927953245,24,falling
17848.927957782,23,rising
17848.927968374,23,falling
17848.927998893,24,falling
17848.928004930,24,falling
17848.928011208,24,falling
17848.928016448,24,falling
17848.928090745,23,falling
17848.928119911,23,falling
17848.928124578,23,falling
17848.928129319,23,falling
17848.928146022,23,falling
17848.928150689,23,falling
17848.928235948,23,falling
17848.928240578,23,falling
17848.928245282,23,rising
17848.928249282,23,rising
17848.928257263,23,rising
17848.928267171,23,falling
17848.928272282,23,rising
17848.928276930,23,rising
17848.928281485,23,falling
17848.928289096,23,falling
17848.928302189,23,falling
17848.928321245,23,falling
17848.928322282,24,falling
17848.928380245,23,falling
17848.928381300,24,falling
17848.928461541,23,falling
17848.928481911,23,falling
17848.928486559,23,falling
17848.928498800,23,falling
17848.928504337,23,falling
17848.928508985,23,rising
17848.928513541,23,falling
17848.928518356,23,falling
17848.928528041,23,falling
17848.928543393,23,rising
17848.928548819,23,falling
17848.928553467,23,falling
17848.928857078,23,falling
17848.928909392,23,falling
17848.928916485,24,falling
17848.928915430,23,falling
17848.928922244,23,falling
17848.928923281,24,falling
17848.929001244,23,falling
17848.929006911,23,falling
17848.929012522,23,falling
17848.929016559,23,falling
17848.929008948,24,falling
17848.929025004,23,falling
17848.929026059,24,falling
17848.929197411,23,rising
17848.929211522,24,falling
17848.929220633,24,falling
17848.929233337,24,falling
17848.929239707,24,rising
17848.929244078,24,falling
17848.929248837,24,falling
17848.929408540,24,falling
17848.929414855,24,rising
17848.929419022,24,falling
17848.929502133,24,rising
17848.931493429,23,rising
17848.931508929,23,rising
17848.931514614,23,rising
17848.931522521,23,falling
17848.931538984,23,falling
17848.931544429,23,falling
17848.931957799,23,falling
17848.931962632,23,falling
17848.931984410,23,falling
17848.932327354,24,falling
17848.933067317,23,rising
17848.933072298,23,falling
17848.933980631,23,falling
17848.934006002,23,falling
17848.934053724,23,falling
17848.934054761,24,falling
17848.934242057,23,falling
17848.934243094,24,falling
17848.934364224,23,falling
17848.934398446,23,falling
17848.934411150,23,falling
17848.934415816,23,rising
17848.934422501,23,falling
17848.934982927,23,falling
17848.935014335,23,rising
17848.935138390,24,rising
17848.938139111,23,falling
17848.938143907,23,falling
17848.938147945,23,falling
17848.938152630,23,falling
17848.938166574,23,falling
17848.938173537,23,falling
17848.940384370,24,falling
17849.098753513,23,rising
17849.100118198,24,rising
17849.105617029,23,rising
17849.105625899,23,falling
17849.105630640,23,falling
17849.105635381,23,falling
17849.105640029,23,falling
17849.107049491,24,falling
17849.109281176,23,rising
17849.109286102,23,falling
17849.109294713,23,falling
17849.109316231,23,falling
17849.109334250,23,falling
17849.109339490,23,rising
17849.109344139,23,falling
17849.109350583,23,rising
17849.109355472,23,falling
17849.110919064,23,rising
17849.111820415,24,rising
17849.115428803,23,rising
17849.115444488,23,rising
17849.115449358,23,falling
17849.115454173,23,falling
17849.115458840,23,rising
17849.115463451,23,falling
17849.115467525,23,falling
17849.116571025,24,falling
17849.118581413,23,falling
17849.118588357,23,falling
17849.118593468,23,rising
17849.118598894,23,rising
17849.118603579,23,falling
17849.118710542,23,falling
17849.118715228,23,falling
17849.118723172,23,falling
17849.118727802,23,falling
17849.118732450,23,falling
17849.118753079,23,falling
17849.118786505,23,falling
17849.118791653,23,falling
17849.119602672,23,rising
17849.120647356,24,rising
17849.123460004,23,falling
17849.123464781,23,falling
17849.123470355,23,rising
17849.123475318,23,falling
17849.123479263,23,falling
17849.123494966,23,rising
17849.123502300,23,rising
17849.123506948,23,rising
17849.123529781,23,falling
17849.123535355,23,falling
17849.123541207,23,falling
17849.124053522,23,falling
17849.124129244,23,falling
17849.124538892,24,falling
17849.124543596,24,falling
17849.124552985,24,falling
17849.125001429,23,falling
17849.125007410,23,falling
17849.125014336,23,falling
17849.125022040,23,falling
17849.125028133,23,rising
17849.125032392,23,falling
17849.125037133,23,falling
17849.125048484,23,falling
17849.125056966,23,falling
17849.125061151,23,falling
17849.125066151,23,falling
17849.125070947,23,rising
17849.125076466,23,falling
17849.125136336,23,falling
17849.125154040,23,falling
17849.125325225,23,falling
17849.125340540,23,falling
17849.125367318,23,falling
17849.125371521,23,falling
17849.125468021,23,falling
17849.125472262,23,rising
17849.125476984,23,falling
17849.126695687,23,falling
17849.126987391,23,rising
17849.127416984,24,falling
17849.127421798,24,falling
17849.127432706,24,falling
17849.127441743,24,falling
17849.127951946,24,rising
17849.130188964,23,falling
17849.130200038,23,falling
17849.131187352,24,falling
17849.131194927,24,falling
17849.131204501,24,falling
17849.131482426,23,rising
17849.131495723,23,rising
17849.131525500,23,falling
17849.131538519,23,falling
17849.131544260,23,falling
17849.132154278,23,falling
17849.132160482,23,falling
17849.132165463,23,falling
17849.132175611,23,falling
17849.132190259,23,falling
17849.132194408,23,falling
17849.132200722,23,falling
17849.132204871,23,rising
17849.132209556,23,falling
17849.132217334,23,rising
17849.132225278,23,falling
17849.132336000,23,falling
17849.132890630,23,falling
17849.132897074,23,rising
17849.132901241,23,falling
17849.133036759,23,falling
17849.133047130,23,falling
17849.133051278,23,falling
17849.133116444,23,rising
17849.133971166,24,falling
17849.133982222,24,rising
17849.136380721,23,rising
17849.136387239,23,falling
17849.136392017,23,falling
17849.136398054,23,rising
17849.136408406,23,falling
17849.136887091,24,falling
17849.137120591,24,rising
17849.137133128,24,falling
17849.137144850,24,falling
17849.137360443,24,rising
17849.137366202,24,falling
17849.137625980,24,falling
17849.137633146,24,falling
17849.137668498,24,falling
17849.137676368,24,falling
17849.137681128,24,rising
17849.137690591,24,rising
17849.137698424,24,falling
17849.137900776,24,falling
17849.138454998,24,falling
17849.138895905,23,rising
17849.139433979,24,rising
17849.141583904,23,rising
17849.141588386,23,falling
17849.141599293,23,rising
17849.141622645,23,falling
17849.141630552,23,rising
17849.141645497,23,rising
17849.141654423,23,falling
17849.141659848,23,rising
17849.141663682,23,falling
17849.142770181,24,falling
17849.146154199,23,falling
17849.146178273,23,rising
17849.146639884,24,rising
17849.150419530,23,falling
17849.151338993,24,falling
17849.154303918,24,falling
17849.154404325,23,rising
17849.154472936,24,rising
17849.157090361,23,falling
17849.157954398,24,falling
17849.158580046,23,falling
17849.158588453,23,rising
17849.158596916,23,falling
17849.158601805,23,falling
17849.158608898,23,falling
17849.158613101,23,falling
17849.158619249,23,falling
17849.158623157,23,falling
17849.158631935,23,falling
17849.158636120,23,falling
17849.158655546,23,falling
17849.158813842,23,falling
17849.158819638,23,falling
17849.158904546,24,falling
17849.158922786,24,falling
17849.158932397,24,falling
17849.158982860,24,falling
17849.159014305,24,falling
17849.159031194,24,falling
17849.159042934,24,falling
17849.159047064,24,falling
17849.159053008,24,falling
17849.159079323,24,falling
17849.159090064,24,falling
17849.159765786,24,falling
17849.159795730,24,falling
17849.159833786,24,falling
17849.159847675,24,falling
17849.159853471,23,falling
17849.159858619,24,falling
17849.160044471,24,falling
17849.160129804,24,falling
17849.160144304,24,falling
17849.160150267,24,falling
17849.160189953,23,rising
17849.160407415,24,rising
17849.162410489,23,falling
17849.162908581,24,falling
17849.162913303,24,falling
17849.163347525,23,falling
17849.163357507,23,falling
17849.163365785,23,falling
17849.163370433,23,rising
17849.163375581,23,falling
17849.163742433,23,falling
17849.163757525,23,falling
17849.163766284,23,rising
17849.163770896,23,rising
17849.163781729,23,falling
17849.163800099,23,rising
17849.163804710,23,rising
17849.163812784,23,falling
17849.164039044,24,rising
17849.164053433,24,falling
17849.164062933,24,falling
17849.164069395,24,falling
17849.164083433,24,falling
17849.164088673,24,falling
17849.164100284,24,falling
17849.164106840,24,falling
17849.164144599,24,falling
17849.164152470,24,rising
17849.164160025,24,rising
17849.164165395,24,falling
17849.164169970,24,falling
17849.164177692,24,rising
17849.164189099,24,rising
17849.164193932,24,falling
17849.164208599,24,falling
17849.164215692,24,falling
17849.164282618,24,rising
17849.164294784,24,rising
17849.164306340,24,falling
17849.164311599,24,falling
17849.164317247,24,falling
17849.164326432,24,falling
17849.164334969,24,falling
17849.164647451,24,falling
17849.164669266,24,falling
17849.164681617,24,falling
17849.164700599,24,falling
17849.164704784,24,falling
17849.164716414,24,falling
17849.164722266,24,falling
17849.164730673,24,rising
17849.164736840,24,rising
17849.164741080,24,falling
17849.164766506,24,falling
17849.164867784,24,rising
17849.164880729,24,falling
17849.164903821,24,rising
17849.164908006,24,rising
17849.164927228,24,falling
17849.164937525,24,rising
17849.164943469,23,rising
17849.164949617,24,falling
17849.165234099,24,rising
17849.167079246,23,falling
17849.167505783,24,rising
17849.167511487,24,falling
17849.168194412,24,rising
17849.168215153,24,falling
17849.168506097,24,falling
17849.168510857,24,falling
17849.168515672,24,rising
17849.168525875,24,falling
17849.168537912,24,rising
17849.168541875,24,falling
17849.168545894,24,falling
17849.168556246,24,rising
17849.168575727,24,falling
17849.168579764,24,rising
17849.168583653,24,falling
17849.168630597,24,rising
17849.168639283,24,falling
17849.168670060,24,rising
17849.168675431,24,falling
17849.168682320,24,falling
17849.168688597,24,falling
17849.168697134,23,rising
17849.168701875,23,falling
17849.168706523,23,falling
17849.168777746,24,falling
17849.168924727,24,falling
17849.168928949,24,rising
17849.168933745,24,rising
17849.168940968,24,rising
17849.168945134,24,rising
17849.168953875,24,falling
17849.168958023,24,falling
17849.169067634,24,falling
17849.169169708,24,falling
17849.169187060,24,falling
17849.169258838,24,falling
17849.169267745,24,rising
17849.169273708,24,falling
17849.169287282,24,falling
17849.169286264,23,rising
17849.169340449,24,falling
17849.169347356,24,falling
17849.169354616,24,falling
17849.169548004,24,falling
17849.169621708,24,rising
17849.171176411,23,falling
17849.171181393,23,falling
17849.171185467,23,falling
17849.171190782,23,rising
17849.171195448,23,falling
17849.171203856,23,falling
17849.171209967,23,falling
17849.171513170,24,falling
17849.171888411,23,rising
17849.171894411,23,falling
17849.171889430,24,rising
17849.171894985,24,rising
17849.171900578,23,falling
17849.171901781,24,falling
17849.171907022,23,falling
17849.171908152,24,falling
17849.172113818,23,falling
17849.172118578,23,falling
17849.172302633,24,falling
17849.172363170,24,falling
17849.172367948,24,rising
17849.172376540,24,falling
17849.172391429,24,falling
17849.172396133,24,falling
17849.172400800,24,rising
17849.172405374,24,rising
17849.172418689,24,falling
17849.172423448,24,falling
17849.172428226,24,falling
17849.172432226,24,rising
17849.172458911,24,falling
17849.172463689,24,rising
17849.172468318,24,falling
17849.172475837,24,falling
17849.172484874,24,falling
17849.172545874,24,falling
17849.172567540,24,falling
17849.172577096,24,rising
17849.172581781,24,falling
17849.172697818,24,falling
17849.172702522,24,falling
17849.172707244,24,falling
17849.172713800,24,rising
17849.172718596,24,falling
17849.172724540,24,falling
17849.172742022,24,falling
17849.172747318,24,falling
17849.172752688,24,rising
17849.172757355,24,falling
17849.172772133,24,falling
17849.172776837,24,falling
17849.172782837,24,falling
17849.172791133,24,rising
17849.172795818,24,rising
17849.172800966,24,falling
17849.172823651,24,rising
17849.172858596,24,falling
17849.173006059,24,falling
17849.173010485,24,falling
17849.173014837,24,falling
17849.173024262,24,falling
17849.173032003,24,falling
17849.173036707,24,falling
17849.173043133,24,falling
17849.173050059,24,falling
17849.173056948,24,rising
17849.173063355,24,falling
17849.173072633,24,falling
17849.173203929,23,falling
17849.173262410,23,rising
17849.173282836,24,falling
17849.173287818,24,rising
17849.173295670,24,rising
17849.173300503,24,falling
17849.173305114,24,falling
17849.173353892,24,falling
17849.173358633,24,falling
17849.173365188,24,falling
17849.173597651,24,rising
17849.175052743,23,falling
17849.175482669,24,falling
17849.175618354,23,falling
17849.175953743,23,rising
17849.175959835,23,rising
17849.175968706,23,falling
17849.175989632,23,rising
17849.175994946,23,falling
17849.176005076,23,rising
17849.176010706,23,falling
17849.176016039,23,falling
17849.176020613,23,falling
17849.176097817,24,rising
17849.176103872,24,rising
17849.176108632,24,falling
17849.176113317,24,rising
17849.176117983,24,falling
17849.176122669,24,falling
17849.176127298,24,falling
17849.176135076,24,falling
17849.176139761,24,falling
17849.176147724,24,falling
17849.176165150,24,falling
17849.176169872,24,falling
17849.176193409,24,rising
17849.176198113,24,falling
17849.176202798,24,falling
17849.176220502,23,falling
17849.176228372,24,falling
17849.176233058,24,falling
17849.176249113,24,falling
17849.176254576,24,falling
17849.176259261,24,falling
17849.176263965,24,falling
17849.176268632,24,falling
17849.176273280,24,rising
17849.176308706,24,falling
17849.176314317,24,rising
17849.176332983,24,falling
17849.176357261,23,falling
17849.176367798,23,falling
17849.176371946,23,rising
17849.176376743,23,falling
17849.176494298,24,falling
17849.176498983,24,falling
17849.176543835,24,falling
17849.176559224,24,falling
17849.176564835,24,falling
17849.176591094,24,falling
17849.176597224,24,falling
17849.176632631,24,falling
17849.176637780,24,rising
17849.176642409,23,rising
17849.176649983,23,falling
17849.176670594,24,falling
17849.176697798,24,falling
17849.176702650,24,rising
17849.176707298,24,rising
17849.176711928,24,falling
17849.176716761,24,rising
17849.176721428,24,rising
17849.176726094,24,rising
17849.176734280,24,falling
17849.176738965,24,falling
17849.176745465,24,rising
17849.176750131,24,rising
17849.176781854,24,rising
17849.176793946,24,rising
17849.176800280,24,rising
17849.176804983,24,falling
17849.176835057,24,falling
17849.176847446,24,falling
17849.176853391,24,falling
17849.176860261,24,falling
17849.176898372,24,falling
17849.176902687,24,falling
17849.176906965,24,falling
17849.176912224,24,falling
17849.176927076,24,falling
17849.176932446,24,falling
17849.176939094,24,rising
17849.176943761,23,falling
17849.176944539,24,falling
17849.176950502,24,rising
17849.176956724,24,falling
17849.176963520,24,rising
17849.176962761,23,falling
17849.176968224,24,falling
17849.176972909,24,falling
17849.176978316,24,falling
17849.176977557,23,rising
17849.176982928,24,falling
17849.176988631,23,rising
17849.176989391,24,rising
17849.177004854,24,falling
17849.177009131,23,rising
17849.177023039,24,falling
17849.177049020,24,rising
17849.177053724,24,falling
17849.177063242,24,falling
17849.177070391,24,rising
17849.177075076,24,falling
17849.177083150,24,falling
17849.177136650,24,falling
17849.177480520,24,rising
17849.179274686,23,rising
17849.179304279,23,rising
17849.179309575,23,rising
17849.179316149,23,falling
17849.179321353,23,rising
17849.179332242,23,falling
17849.179361427,23,falling
17849.179368741,23,rising
17849.179372871,23,falling
17849.179387871,23,falling
17849.179395204,23,falling
17849.179399316,23,rising
17849.179407297,23,falling
17849.179415741,23,rising
17849.179419927,23,falling
17849.179431519,23,rising
17849.179435704,23,rising
17849.179443186,23,falling
17849.179613223,23,falling
17849.179618853,23,falling
17849.179630482,23,falling
17849.179639797,23,falling
17849.179682575,23,falling
17849.179802649,24,falling
17849.179893260,24,falling
17849.179892612,23,falling
17849.179921667,24,falling
17849.179920501,23,falling
17849.179927260,24,rising
17849.179926908,23,rising
17849.179933908,24,falling
17849.179939075,23,falling
17849.179939426,24,falling
17849.179945315,23,falling
17849.179950501,24,rising
17849.179950167,23,rising
17849.179954445,23,falling
17849.179954815,24,falling
17849.179963056,23,falling
17849.179963834,24,falling
17849.179985019,23,falling
17849.179985760,24,falling
17849.179995241,23,falling
17849.179996001,24,falling
17849.180050778,23,falling
17849.180051538,24,falling
17849.180058260,23,falling
17849.180058649,24,falling
17849.180064741,24,rising
17849.180068889,23,falling
17849.180069278,24,rising
17849.180075315,23,falling
17849.180075741,24,falling
17849.180081834,24,rising
17849.180081038,23,falling
17849.180086889,24,falling
17849.180086538,23,falling
17849.180091871,24,falling
17849.180096649,23,falling
17849.180097019,24,falling
17849.180103519,24,falling
17849.180103167,23,falling
17849.180132056,24,falling
17849.180131315,23,falling
17849.180137167,24,falling
17849.180136704,23,falling
17849.180142223,24,falling
17849.180146834,23,falling
17849.180147204,24,falling
17849.180155871,23,falling
17849.180156630,24,falling
17849.180187537,24,falling
17849.180186834,23,falling
17849.180192112,23,falling
17849.180192537,24,falling
17849.180201019,23,falling
17849.180201778,24,falling
17849.180207889,23,falling
17849.180208241,24,falling
17849.180212834,23,rising
17849.180213186,24,falling
17849.180218445,23,falling
17849.180219204,24,falling
17849.180282723,23,falling
17849.180283500,24,falling
17849.180306463,23,falling
17849.180307223,24,falling
17849.180492574,24,falling
17849.180491815,23,falling
17849.180497574,24,rising
17849.180497223,23,falling
17849.180502648,24,falling
17849.180507797,24,falling
17849.180512723,24,falling
17849.180512223,23,falling
17849.180519482,24,falling
17849.180518778,23,falling
17849.180524482,24,falling
17849.180524130,23,falling
17849.180529482,24,rising
17849.180534148,23,rising
17849.180534519,24,rising
17849.180541167,24,falling
17849.180540723,23,rising
17849.180546389,24,rising
17849.180551371,24,rising
17849.180556130,24,falling
17849.180555760,23,falling
17849.180560667,24,falling
17849.180565685,24,rising
17849.180565334,23,falling
17849.180570723,24,rising
17849.180570389,23,rising
17849.180575685,24,rising
17849.180575352,23,rising
17849.180600815,23,falling
17849.180601519,24,falling
17849.180608037,23,falling
17849.180608389,24,falling
17849.180614297,24,rising
17849.180619037,24,falling
17849.180618667,23,falling
17849.180623537,24,rising
17849.180628463,24,falling
17849.180633185,24,falling
17849.180632741,23,falling
17849.180638111,23,rising
17849.180638463,24,rising
17849.180651741,24,falling
17849.180650963,23,falling
17849.180656371,23,rising
17849.180660463,24,rising
17849.180688111,23,falling
17849.180688889,24,falling
17849.180734778,24,falling
17849.180734019,23,falling
17849.180739797,24,falling
17849.180739445,23,falling
17849.180751611,24,falling
17849.180755130,23,falling
17849.180764759,24,falling
17849.180770074,24,falling
17849.180774426,23,falling
17849.180774778,24,falling
17849.180780722,23,falling
17849.180781130,24,falling
17849.180793704,24,falling
17849.180793297,23,falling
17849.180798167,24,falling
17849.180797797,23,falling
17849.180803167,24,rising
17849.180802815,23,rising
17849.180822074,24,falling
17849.180821371,23,falling
17849.180827074,24,falling
17849.180826741,23,falling
17849.180832111,24,rising
17849.180837426,24,rising
17849.180846130,24,falling
17849.180844963,23,falling
17849.180853834,23,rising
17849.180854185,24,rising
17849.180862796,24,falling
17849.180869834,24,falling
17849.180868537,23,falling
17849.180923093,23,falling
17849.180923871,24,falling
17849.180930463,23,falling
17849.180930871,24,falling
17849.180956296,23,falling
17849.180957056,24,falling
17849.181052296,24,falling
17849.181051519,23,falling
17849.181083945,24,falling
17849.181083241,23,falling
17849.181088593,23,falling
17849.181088945,24,falling
17849.181095908,24,falling
17849.181095130,23,falling
17849.181100833,24,falling
17849.181100500,23,falling
17849.181105815,24,falling
17849.181112093,24,falling
17849.181111741,23,falling
17849.181116704,23,falling
17849.181117056,24,falling
17849.181310574,24,rising
17849.181309889,23,rising
17849.181315852,24,falling
17849.181320944,23,rising
17849.181321278,24,rising
17849.181329907,24,falling
17849.181329148,23,falling
17849.181334926,24,rising
17849.181334519,23,falling
17849.181339333,23,rising
17849.181339667,24,rising
17849.181360333,24,rising
17849.181359574,23,rising
17849.181365093,23,rising
17849.181390222,23,rising
17849.181390907,24,rising
17849.181397352,23,falling
17849.181397704,24,falling
17849.181404796,23,rising
17849.181405556,24,rising
17849.181438722,23,falling
17849.181439426,24,falling
17849.181452037,23,rising
17849.181472278,24,rising
17849.181477018,24,falling
17849.181751759,24,falling
17849.181756537,24,rising
17849.181764778,24,rising
17849.181769426,24,rising
17849.181778796,24,falling
17849.181827241,24,rising
17849.181831944,24,rising
17849.181836685,24,rising
17849.181882796,24,falling
17849.181887500,24,rising
17849.181892278,24,falling
17849.181897315,24,falling
17849.181907981,24,falling
17849.181934037,24,falling
17849.181938722,24,falling
17849.181946574,24,rising
17849.181951518,24,falling
17849.181956241,24,falling
17849.181973852,24,falling
17849.181978518,24,falling
17849.181987889,24,falling
17849.182013481,24,rising
17849.183520499,23,rising
17849.183537684,23,falling
17849.183547388,23,rising
17849.183551962,23,rising
17849.183565666,23,rising
17849.183572166,23,falling
17849.183576351,23,falling
17849.183586944,23,rising
17849.183593332,23,falling
17849.183609036,23,falling
17849.183617092,23,falling
17849.183621277,23,falling
17849.183627925,23,falling
17849.183639092,23,falling
17849.183657999,23,rising
17849.183663147,23,falling
17849.183667981,23,falling
17849.183675073,23,falling
17849.183702536,23,falling
17849.183747481,23,falling
17849.183752703,23,rising
17849.183761962,23,falling
17849.183767166,23,rising
17849.183772647,23,falling
17849.183777869,23,falling
17849.183785869,23,rising
17849.183795092,23,rising
17849.183799240,23,rising
17849.183807888,23,falling
17849.183816647,23,rising
17849.183824314,23,falling
17849.183850110,23,falling
17849.183858795,23,falling
17849.183862721,23,falling
17849.183867481,23,rising
17849.183872536,23,falling
17849.183877258,23,rising
17849.183882166,23,falling
17849.183890073,23,falling
17849.183894666,23,falling
17849.183928647,23,falling
17849.183964925,23,falling
17849.183971684,23,rising
17849.183978129,23,falling
17849.183990777,23,falling
17849.183996018,23,falling
17849.184005073,23,rising
17849.184013110,23,rising
17849.184017277,23,rising
17849.184041110,23,rising
17849.184050517,23,rising
17849.184056017,23,rising
17849.184072962,23,rising
17849.184084851,23,falling
17849.184097832,23,rising
17849.184101943,23,falling
17849.184124517,23,falling
17849.184136832,23,falling
17849.184148925,23,falling
17849.184160888,23,falling
17849.184197314,23,falling
17849.184216369,23,falling
17849.184221592,23,falling
17849.184227073,23,falling
17849.184232295,23,falling
17849.184244017,23,rising
17849.184254610,23,falling
17849.184258721,23,falling
17849.184293554,23,falling
17849.184297721,23,falling
17849.184303943,23,rising
17849.184312073,23,rising
17849.184328388,23,falling
17849.184336110,23,rising
17849.184341277,23,rising
17849.184349628,23,rising
17849.184354017,23,falling
17849.184363184,23,falling
17849.184368740,23,rising
17849.184395110,23,falling
17849.184401684,23,falling
17849.184414536,23,falling
17849.184419795,23,rising
17849.184427332,23,rising
17849.184443443,23,falling
17849.184449369,23,rising
17849.184455906,23,rising
17849.184464073,23,falling
17849.184469258,23,falling
17849.184474128,24,rising
17849.184473758,23,falling
17849.184479869,24,falling
17849.184484869,24,falling
17849.184484517,23,falling
17849.184489851,24,falling
17849.184489517,23,rising
17849.184495128,24,rising
17849.184494777,23,rising
17849.184542202,24,falling
17849.184541425,23,falling
17849.184547184,24,rising
17849.184546832,23,rising
17849.184552202,24,rising
17849.184551851,23,falling
17849.184558091,24,rising
17849.184562684,23,falling
17849.184568388,24,falling
17849.184574351,23,falling
17849.184574702,24,falling
17849.184581277,23,falling
17849.184581665,24,falling
17849.184588943,24,falling
17849.184593925,24,falling
17849.184593536,23,falling
17849.184598814,23,falling
17849.184599147,24,falling
17849.184607610,23,falling
17849.184608369,24,falling
17849.184616388,24,falling
17849.184615628,23,falling
17849.184621295,24,rising
17849.184620943,23,rising
17849.184626239,24,falling
17849.184631851,23,falling
17849.184632221,24,falling
17849.184638721,24,falling
17849.184638388,23,falling
17849.184644147,24,rising
17849.184649036,24,falling
17849.184653499,24,falling
17849.184653128,23,falling
17849.184658999,23,falling
17849.184659351,24,falling
17849.184665684,23,rising
17849.184666443,24,rising
17849.184675517,24,falling
17849.184674758,23,falling
17849.184680110,23,falling
17849.184680480,24,falling
17849.184687221,24,falling
17849.184686462,23,falling
17849.184691832,23,rising
17849.184692184,24,rising
17849.184698777,23,rising
17849.184699536,24,rising
17849.184720406,24,rising
17849.184719665,23,falling
17849.184725017,23,falling
17849.184725369,24,falling
17849.184731517,23,rising
17849.184732184,24,rising
17849.184737980,24,falling
17849.184737610,23,falling
17849.184742665,23,rising
17849.184743017,24,rising
17849.184765017,24,rising
17849.184764239,23,rising
17849.184769962,24,falling
17849.184769628,23,falling
17849.184774943,24,rising
17849.184774591,23,falling
17849.184782295,24,falling
17849.184787202,24,rising
17849.184791851,24,rising
17849.184791499,23,rising
17849.184797665,24,rising
17849.184797314,23,falling
17849.184802573,24,falling
17849.184807554,23,falling
17849.184807925,24,falling
17849.184836795,24,falling
17849.184843128,23,rising
17849.184878684,24,falling
17849.184892647,23,falling
17849.184892999,24,rising
17849.184901795,24,falling
17849.184901425,23,falling
17849.184906739,24,falling
17849.184906406,23,rising
17849.184911332,24,falling
17849.184915925,23,falling
17849.184916276,24,falling
17849.184946499,24,falling
17849.184945739,23,falling
17849.184951388,24,falling
17849.184951036,23,falling
17849.184956313,24,falling
17849.184961369,23,falling
17849.184967258,24,falling
17849.184976665,24,rising
17849.184976276,23,rising
17849.185060276,24,falling
17849.185059517,23,falling
17849.185065369,23,falling
17849.185065721,24,falling
17849.185085887,23,falling
17849.185086665,24,falling
17849.185097684,23,falling
17849.185098369,24,falling
17849.185105424,23,falling
17849.185106184,24,falling
17849.185112758,24,falling
17849.185112406,23,falling
17849.185117665,24,falling
17849.185117332,23,falling
17849.185122647,24,falling
17849.185127832,24,falling
17849.185132554,24,falling
17849.185132147,23,falling
17849.185137147,24,falling
17849.185136739,23,falling
17849.185146850,24,falling
17849.185145554,23,rising
17849.185157554,24,falling
17849.185165406,24,falling
17849.185156128,23,rising
17849.185172313,24,falling
17849.185171036,23,falling
17849.185191887,23,falling
17849.185199036,23,falling
17849.185192591,24,falling
17849.185200906,24,falling
17849.185204702,23,falling
17849.185211295,23,falling
17849.185212332,24,rising
17849.185217313,23,rising
17849.185218406,24,rising
17849.185229258,24,rising
17849.185228202,23,falling
17849.185233850,24,rising
17849.185233406,23,rising
17849.185241647,24,falling
17849.185259332,23,falling
17849.185259684,24,falling
17849.185267702,24,falling
17849.185266573,23,falling
17849.185282165,24,rising
17849.185281480,23,rising
17849.185293961,23,falling
17849.185295147,24,falling
17849.185300498,23,falling
17849.185325850,23,falling
17849.185326943,24,falling
17849.185335887,23,falling
17849.185336961,24,falling
17849.185350128,23,falling
17849.185351184,24,falling
17849.185356443,23,falling
17849.185361943,23,falling
17849.185366887,23,rising
17849.185362998,24,falling
17849.185367647,24,rising
17849.185372591,23,falling
17849.185373702,24,falling
17849.185381869,23,falling
17849.185382924,24,falling
17849.185388961,23,falling
17849.185390036,24,falling
17849.185397684,23,falling
17849.185406887,23,falling
17849.185407239,24,falling
17849.185411869,23,falling
17849.185423850,23,falling
17849.185424850,24,falling
17849.185430147,24,falling
17849.185429110,23,falling
17849.185460517,23,falling
17849.185461573,24,falling
17849.185465776,23,falling
17849.185466832,24,falling
17849.185470721,23,falling
17849.185475554,23,falling
17849.185476035,24,rising
17849.185480610,23,falling
17849.185481980,24,falling
17849.185485869,23,rising
17849.185491091,24,falling
17849.185490610,23,rising
17849.185499647,24,falling
17849.185498610,23,falling
17849.185504480,23,rising
17849.185505498,24,rising
17849.185509350,23,rising
17849.185509776,24,rising
17849.185548443,23,rising
17849.185549498,24,rising
17849.185562684,23,falling
17849.185563721,24,falling
17849.185573332,23,falling
17849.185574369,24,falling
17849.185596498,23,falling
17849.185597554,24,falling
17849.185603332,23,falling
17849.185604443,24,falling
17849.185618239,23,rising
17849.185619332,24,rising
17849.185641443,23,rising
17849.185642498,24,rising
17849.185650369,24,falling
17849.185649332,23,falling
17849.185657239,23,falling
17849.185658276,24,falling
17849.185662554,23,falling
17849.185663591,24,falling
17849.185668665,23,falling
17849.185669684,24,falling
17849.185686850,23,rising
17849.185687887,24,rising
17849.185692072,23,falling
17849.185693128,24,falling
17849.185698091,23,falling
17849.185699109,24,falling
17849.185752221,23,falling
17849.185753258,24,falling
17849.185767258,23,falling
17849.185768313,24,falling
17849.185772480,23,falling
17849.185784221,23,falling
17849.185785276,24,falling
17849.185798850,23,falling
17849.185799924,24,falling
17849.185804091,23,falling
17849.185805146,24,falling
17849.185811313,23,falling
17849.185812387,24,falling
17849.185816591,23,falling
17849.185818035,24,falling
17849.185829202,23,falling
17849.185830239,24,falling
17849.185834443,23,falling
17849.185835461,24,falling
17849.185839406,23,falling
17849.185840461,24,falling
17849.185850924,23,falling
17849.185851943,24,falling
17849.185884072,23,falling
17849.185885109,24,falling
17849.185893332,23,falling
17849.185894387,24,falling
17849.185947554,23,rising
17849.185948609,24,rising
17849.185952776,23,falling
17849.185953832,24,falling
17849.185957720,23,falling
17849.185963035,24,falling
17849.185962554,23,falling
17849.185970961,24,falling
17849.185977720,23,falling
17849.185978072,24,falling
17849.186076535,23,falling
17849.186077628,24,rising
17849.186081850,23,falling
17849.186082906,24,falling
17849.186088017,23,falling
17849.186089054,24,falling
17849.186104239,23,falling
17849.186105313,24,falling
17849.186110165,23,rising
17849.186115424,23,falling
17849.186116461,24,falling
17849.186120294,23,rising
17849.186121332,24,rising
17849.186125350,23,falling
17849.186136887,23,falling
17849.186137239,24,falling
17849.186143072,23,rising
17849.186152202,23,falling
17849.186148443,24,falling
17849.186164720,23,rising
17849.186169998,23,rising
17849.186165776,24,rising
17849.186178572,24,rising
17849.186191257,23,rising
17849.186198443,23,rising
17849.186192628,24,rising
17849.186221720,23,rising
17849.186230554,24,rising
17849.186229998,23,rising
17849.186239350,23,falling
17849.186240424,24,falling
17849.186244646,23,falling
17849.186251406,24,falling
17849.186250887,23,falling
17849.186260720,23,rising
17849.186261739,24,rising
17849.186266406,23,falling
17849.186267424,24,falling
17849.186274220,23,falling
17849.186275276,24,falling
17849.186279220,23,falling
17849.186280257,24,falling
17849.186284294,23,falling
17849.186290572,23,rising
17849.186291609,24,rising
17849.186295368,23,rising
17849.186296424,24,rising
17849.186300313,23,rising
17849.186317480,23,falling
17849.186318091,24,falling
17849.186322609,23,rising
17849.186323683,24,rising
17849.186331572,23,falling
17849.186332739,24,falling
17849.186336239,23,rising
17849.186457368,24,falling
17849.186461609,24,falling
17849.186469313,24,falling
17849.186473461,24,falling
17849.186501128,24,rising
17849.186510980,24,falling
17849.186515702,24,falling
17849.186520350,24,falling
17849.186692831,24,falling
17849.186697628,24,falling
17849.186708979,24,falling
17849.186713683,24,falling
17849.186718350,24,falling
17849.186726350,24,falling
17849.186731628,24,falling
17849.186736331,24,falling
17849.186787757,24,falling
17849.186792516,24,falling
17849.186803479,24,falling
17849.186809628,24,falling
17849.186814313,24,rising
17849.186828405,24,falling
17849.186833091,24,falling
17849.186842683,24,rising
17849.186852553,24,rising
17849.188732460,23,falling
17849.188739997,23,rising
17849.188746090,23,falling
17849.188824960,23,falling
17849.188836238,23,falling
17849.188845534,23,falling
17849.188851905,23,rising
17849.188857442,23,falling
17849.188863330,23,rising
17849.188872034,23,falling
17849.188877905,23,falling
17849.189136904,23,falling
17849.189359997,23,rising
17849.189367941,23,rising
17849.189375478,23,falling
17849.189380127,23,rising
17849.189386386,23,falling
17849.189391015,23,falling
17849.189399627,23,falling
17849.189404330,23,falling
17849.189419997,23,falling
17849.189441497,23,falling
17849.189688775,24,falling
17849.190025756,23,falling
17849.190026867,24,falling
17849.190063423,23,falling
17849.190064552,24,rising
17849.190069589,23,falling
17849.190070719,24,falling
17849.190076923,23,falling
17849.190078015,24,falling
17849.190091163,23,falling
17849.190092274,24,falling
17849.190099089,23,falling
17849.190100200,24,rising
17849.190105071,23,falling
17849.190106163,24,falling
17849.190111108,23,falling
17849.190112219,24,falling
17849.190145793,23,rising
17849.190146923,24,rising
17849.190151793,23,falling
17849.190152904,24,falling
17849.190202608,23,falling
17849.190205089,24,falling
17849.190291200,23,falling
17849.190292330,24,falling
17849.190297219,23,rising
17849.190298348,24,rising
17849.190303663,23,falling
17849.190304774,24,falling
17849.190309645,23,falling
17849.190310737,24,falling
17849.190319793,23,falling
17849.190320904,24,falling
17849.190862348,23,falling
17849.190863570,24,falling
17849.190869385,23,falling
17849.190870515,24,falling
17849.190876293,23,falling
17849.190877422,24,falling
17849.190882293,23,falling
17849.190883404,24,falling
17849.190895348,23,rising
17849.190896404,24,falling
17849.190901311,23,falling
17849.190902422,24,falling
17849.190907293,23,rising
17849.190908404,24,rising
17849.190918330,23,rising
17849.190919459,24,rising
17849.190926663,23,rising
17849.190927774,24,falling
17849.190932626,23,falling
17849.190933737,24,falling
17849.190944885,23,falling
17849.190945996,24,falling
17849.190965219,23,rising
17849.190966330,24,rising
17849.190979126,23,falling
17849.190980274,24,falling
17849.190990163,23,rising
17849.190991348,24,rising
17849.191010256,23,falling
17849.191011385,24,rising
17849.191017496,23,falling
17849.191018552,24,falling
17849.191027182,23,falling
17849.191028219,24,falling
17849.191111570,23,falling
17849.191112663,24,falling
17849.191118033,23,falling
17849.191119070,24,falling
17849.191127922,23,falling
17849.191129052,24,rising
17849.191133959,23,falling
17849.191135052,24,falling
17849.191173941,23,rising
17849.191175033,24,falling
17849.191179941,23,falling
17849.191181033,24,falling
17849.191185941,23,rising
17849.191187052,24,rising
17849.191191885,23,rising
17849.191192996,24,falling
17849.191197922,23,falling
17849.191199033,24,falling
17849.191203959,23,falling
17849.191208663,23,falling
17849.191209811,24,falling
17849.191279348,23,falling
17849.191280478,24,falling
17849.191340385,23,falling
17849.191341589,24,falling
17849.191426404,23,falling
17849.191427626,24,falling
17849.191437700,23,falling
17849.191438904,24,falling
17849.191459144,23,falling
17849.191460274,24,falling
17849.191474533,23,falling
17849.191475644,24,falling
17849.191494626,23,falling
17849.191495737,24,falling
17849.191501515,23,falling
17849.191502700,24,falling
17849.191509626,23,falling
17849.191516404,23,falling
17849.191518681,24,rising
17849.191526070,23,rising
17849.191527422,24,rising
17849.191532422,23,rising
17849.191533496,24,rising
17849.191540718,23,falling
17849.191542015,24,falling
17849.191548422,23,rising
17849.191549718,24,falling
17849.191555311,23,falling
17849.191556441,24,falling
17849.191567978,23,falling
17849.191569181,24,falling
17849.191574366,23,falling
17849.191575515,24,falling
17849.191580422,23,falling
17849.191581552,24,falling
17849.191586441,23,falling
17849.191587570,24,falling
17849.191595811,23,falling
17849.191596885,24,falling
17849.191601792,23,falling
17849.191602922,24,falling
17849.191607811,23,falling
17849.191608941,24,falling
17849.191619403,23,rising
17849.191620533,24,falling
17849.191625422,23,falling
17849.191626552,24,falling
17849.191631403,23,rising
17849.191632552,24,rising
17849.191637774,23,falling
17849.191638903,24,falling
17849.191649737,23,falling
17849.191650885,24,falling
17849.191657181,23,falling
17849.191658292,24,falling
17849.191663163,23,falling
17849.191664292,24,rising
17849.191669163,23,falling
17849.191670218,24,rising
17849.191675144,23,rising
17849.191676255,24,rising
17849.191703663,23,falling
17849.191704811,24,falling
17849.191709681,23,falling
17849.191715755,23,falling
17849.191716829,24,falling
17849.191721737,23,falling
17849.191726385,23,falling
17849.191727422,24,falling
17849.191737644,23,falling
17849.191738700,24,falling
17849.191742811,23,falling
17849.191743903,24,falling
17849.191751403,23,falling
17849.191752533,24,falling
17849.191757829,23,falling
17849.191758940,24,rising
17849.191763811,23,falling
17849.191764940,24,falling
17849.191771718,23,falling
17849.191772848,24,falling
17849.191777996,23,falling
17849.191779126,24,falling
17849.191787700,23,falling
17849.191788829,24,falling
17849.191793681,23,rising
17849.191794792,24,rising
17849.191799681,23,rising
17849.191806533,23,falling
17849.191807644,24,falling
17849.191818848,23,falling
17849.191820144,24,rising
17849.191826626,23,rising
17849.191827996,24,rising
17849.191856237,23,falling
17849.191857366,24,falling
17849.191862200,23,falling
17849.191868755,23,falling
17849.191870459,24,falling
17849.191875181,23,rising
17849.191879811,23,rising
17849.191880885,24,falling
17849.191885829,23,falling
17849.191886589,24,falling
17849.191947126,23,falling
17849.191948218,24,falling
17849.192097811,23,falling
17849.192099329,24,falling
17849.192114700,23,rising
17849.192373144,24,falling
17849.192404533,24,falling
17849.192421737,24,falling
17849.192427070,24,falling
17849.192433662,24,falling
17849.192451088,24,rising
17849.192457903,24,falling
17849.192463051,24,falling
17849.192475662,24,falling
17849.192485551,24,rising
17849.192492496,24,falling
17849.192500866,24,rising
17849.195836383,23,falling
17849.195842254,23,falling
17849.198374142,24,falling
17849.198384049,24,falling
17849.198398031,24,falling
17849.203959195,23,rising
17849.205278695,24,rising
17849.365241356,23,falling
17849.367235874,24,falling
17849.367239800,24,falling
17849.367246077,24,falling
17849.370989280,23,rising
17849.372262427,24,rising
17849.375760852,23,falling
17849.375765037,23,falling
17849.375789519,23,falling
17849.375818130,23,falling
17849.377246722,24,falling
17849.380052091,23,rising
17849.380443739,24,falling
17849.380448406,24,rising
17849.380453387,24,falling
17849.380464850,24,falling
17849.380469795,24,falling
17849.380475183,24,rising
17849.380479350,24,falling
17849.380484146,24,falling
17849.381028183,24,falling
17849.381323128,24,rising
17849.383675127,23,falling
17849.383679293,23,falling
17849.383689571,23,rising
17849.383694423,23,rising
17849.383698164,23,falling
17849.383715515,23,falling
17849.384555515,23,rising
17849.384572441,23,rising
17849.384580756,23,falling
17849.384601126,23,rising
17849.384608200,23,rising
17849.384619737,23,falling
17849.384625386,23,falling
17849.384633274,23,falling
17849.384638589,23,rising
17849.384642737,23,falling
17849.384695700,23,falling
17849.384730460,23,falling
17849.384972700,23,falling
17849.384968608,24,rising
17849.384977904,23,rising
17849.384984034,23,falling
17849.384993237,24,falling
17849.385094163,24,falling
17849.385093089,23,falling
17849.385272607,23,falling
17849.385273793,24,falling
17849.385509181,23,falling
17849.385510237,24,falling
17849.385527385,23,falling
17849.385528422,24,rising
17849.385532607,23,falling
17849.385533644,24,falling
17849.385537570,23,falling
17849.385557737,23,rising
17849.385558756,24,rising
17849.385575459,23,falling
17849.385576515,24,falling
17849.385581385,23,falling
17849.385582404,24,falling
17849.385611200,23,falling
17849.385612237,24,falling
17849.385616885,23,falling
17849.385617941,24,falling
17849.385660015,23,rising
17849.385661089,24,rising
17849.385670181,23,rising
17849.385671200,24,rising
17849.385682774,23,falling
17849.385683793,24,falling
17849.385688015,23,falling
17849.385689015,24,falling
17849.385697107,23,falling
17849.385702255,23,falling
17849.385703255,24,falling
17849.385707052,23,falling
17849.385708052,24,falling
17849.385713200,23,falling
17849.385718552,23,falling
17849.385722867,24,falling
17849.385990385,23,falling
17849.385991404,24,falling
17849.386116922,23,falling
17849.386118422,24,falling
17849.386123700,23,falling
17849.386124755,24,falling
17849.386136718,23,falling
17849.386137755,24,falling
17849.386151792,23,falling
17849.386152829,24,falling
17849.386158107,23,falling
17849.386164274,24,rising
17849.386163255,23,rising
17849.386182403,23,falling
17849.386184681,24,falling
17849.386193348,23,falling
17849.386195626,24,falling
17849.386274422,23,falling
17849.386275755,24,falling
17849.386280459,23,falling
17849.386280977,24,falling
17849.386286292,23,rising
17849.386287866,24,rising
17849.386292700,23,rising
17849.386311829,23,falling
17849.386312885,24,rising
17849.386317626,23,rising
17849.386318681,24,rising
17849.386361292,23,falling
17849.386362366,24,falling
17849.386366774,23,rising
17849.386367977,24,rising
17849.386371922,23,falling
17849.386372959,24,falling
17849.386801033,23,rising
17849.386870070,24,falling
17849.386898736,24,falling
17849.386984125,24,falling
17849.387068199,24,rising
17849.387072422,24,falling
17849.387077977,24,falling
17849.387083773,24,falling
17849.387135755,24,falling
17849.387215496,24,falling
17849.387229903,24,rising
17849.387235662,24,falling
17849.387239755,24,falling
17849.387244533,24,falling
17849.387249310,24,falling
17849.387254736,24,falling
17849.387258940,24,falling
17849.387264959,24,falling
17849.387270199,24,falling
17849.387280736,24,falling
17849.387284866,24,falling
17849.387291403,24,falling
17849.387295551,24,falling
17849.387302162,24,falling
17849.387307366,24,falling
17849.387311847,24,falling
17849.387422884,24,rising
17849.387427107,24,rising
17849.387450347,24,rising
17849.387456310,24,falling
17849.387479718,24,falling
17849.387499625,24,falling
17849.387511051,24,falling
17849.387524255,24,falling
17849.387540681,24,falling
17849.387547014,24,rising
17849.387551644,24,rising
17849.387570218,24,falling
17849.387581199,24,rising
17849.387585921,24,rising
17849.387590607,24,rising
17849.387603162,24,falling
17849.387607866,24,rising
17849.387613199,24,falling
17849.387618329,24,rising
17849.387626458,24,falling
17849.387631162,24,falling
17849.387640995,24,falling
17849.387645699,24,falling
17849.387655403,24,rising
17849.387660107,24,falling
17849.387704958,24,falling
17849.387848495,24,falling
17849.387853421,24,rising
17849.387857366,24,rising
17849.389481032,23,rising
17849.389485791,23,falling
17849.389491198,23,falling
17849.389495902,23,falling
17849.389500587,23,rising
17849.389505236,23,falling
17849.389509902,23,rising
17849.389529884,23,falling
17849.389538698,23,falling
17849.389543347,23,falling
17849.389548402,23,falling
17849.389553976,23,falling
17849.389558810,23,falling
17849.389563439,23,falling
17849.389574310,23,falling
17849.389587217,23,falling
17849.389591865,23,falling
17849.389599069,23,falling
17849.389603698,23,rising
17849.389610458,23,rising
17849.389617032,23,rising
17849.389621680,23,falling
17849.389631217,23,falling
17849.389637069,23,falling
17849.389684013,23,falling
17849.389761809,23,falling
17849.389767309,23,rising
17849.389771921,23,falling
17849.389780347,23,rising
17849.389790217,23,falling
17849.389797902,23,falling
17849.389803439,23,rising
17849.389808087,23,falling
17849.389812643,23,falling
17849.389826439,23,rising
17849.389833309,23,falling
17849.389838013,23,falling
17849.389853143,23,falling
17849.389857976,23,rising
17849.389862680,23,falling
17849.389867402,23,falling
17849.389879235,23,falling
17849.389890198,23,falling
17849.389894846,23,rising
17849.389899476,23,falling
17849.389904439,23,rising
17849.389913421,23,falling
17849.389918272,23,falling
17849.389923550,23,falling
17849.389974587,23,falling
17849.389979235,23,falling
17849.389983828,23,falling
17849.389989661,23,falling
17849.389995939,23,falling
17849.390010865,23,rising
17849.390015920,23,falling
17849.390024976,23,falling
17849.390029606,23,falling
17849.390034217,23,falling
17849.390038013,23,falling
17849.390054217,23,rising
17849.390059032,23,falling
17849.390063698,23,falling
17849.390073495,23,falling
17849.390089680,23,falling
17849.390094328,23,falling
17849.390211439,23,rising
17849.390218383,23,rising
17849.390223069,23,falling
17849.390227735,23,rising
17849.390232717,23,falling
17849.390237439,23,rising
17849.390242087,23,rising
17849.390246643,23,falling
17849.390257902,23,falling
17849.390269587,23,falling
17849.390274254,23,falling
17849.390296309,23,falling
17849.390301235,23,falling
17849.390305828,23,falling
17849.390309772,23,rising
17849.390315698,23,rising
17849.390320328,23,falling
17849.390387994,23,rising
17849.390392680,23,falling
17849.390397680,23,falling
17849.390431013,23,falling
17849.390436402,23,falling
17849.390441068,23,falling
17849.390446717,23,falling
17849.390451680,23,falling
17849.390456235,23,falling
17849.390460365,23,falling
17849.390464402,23,rising
17849.390469050,23,rising
17849.390489272,23,rising
17849.390533161,23,rising
17849.390558309,24,rising
17849.390553661,23,rising
17849.390557939,23,falling
17849.390567180,23,falling
17849.390572643,23,falling
17849.390568476,24,rising
17849.390597809,24,falling
17849.390611754,23,falling
17849.390612846,24,falling
17849.390767439,23,rising
17849.390768902,24,falling
17849.390774050,23,falling
17849.390775161,24,falling
17849.390781291,23,falling
17849.390782383,24,falling
17849.390804383,23,rising
17849.390805439,24,rising
17849.390810568,23,rising
17849.390811698,24,falling
17849.390816457,23,falling
17849.390817513,24,falling
17849.390829105,23,falling
17849.390830235,24,falling
17849.390835328,23,falling
17849.390836439,24,falling
17849.390843494,23,rising
17849.390844531,24,rising
17849.390850550,23,falling
17849.390851605,24,rising
17849.390856550,23,falling
17849.390857568,24,falling
17849.390862439,23,falling
17849.390867068,23,falling
17849.390868142,24,falling
17849.390872957,23,rising
17849.390873994,24,rising
17849.390878939,23,rising
17849.390879994,24,rising
17849.390887124,23,falling
17849.390888161,24,falling
17849.390893031,23,rising
17849.390897661,23,falling
17849.390898716,24,rising
17849.390903642,23,falling
17849.390904679,24,rising
17849.390909531,23,falling
17849.390910587,24,rising
17849.390915494,23,rising
17849.390916550,24,rising
17849.390921865,23,falling
17849.390922939,24,rising
17849.390927865,23,falling
17849.390928902,24,rising
17849.390933902,23,falling
17849.390935068,24,falling
17849.390945772,23,falling
17849.390946809,24,falling
17849.390951679,23,falling
17849.390958753,24,falling
17849.390958291,23,falling
17849.390995642,23,falling
17849.390996772,24,falling
17849.391010253,23,falling
17849.391011383,24,falling
17849.391016494,23,falling
17849.391017550,24,falling
17849.391022439,23,falling
17849.391034346,23,falling
17849.391035439,24,falling
17849.391040290,23,falling
17849.391041383,24,falling
17849.391046328,23,falling
17849.391047365,24,falling
17849.391052198,23,falling
17849.391053216,24,falling
17849.391061476,23,rising
17849.391062550,24,rising
17849.391067439,23,falling
17849.391068494,24,falling
17849.391081142,23,falling
17849.391082290,24,rising
17849.391087290,23,falling
17849.391088420,24,falling
17849.391097439,23,falling
17849.391098513,24,falling
17849.391107013,23,rising
17849.391108068,24,rising
17849.391115587,23,falling
17849.391116642,24,rising
17849.391121550,23,rising
17849.391122605,24,falling
17849.391127420,23,falling
17849.391128513,24,falling
17849.391139161,23,falling
17849.391140309,24,falling
17849.391147920,23,falling
17849.391149013,24,falling
17849.391158383,23,falling
17849.391159531,24,falling
17849.391164568,23,falling
17849.391165679,24,falling
17849.391170439,23,rising
17849.391171568,24,falling
17849.391176309,23,falling
17849.391177402,24,rising
17849.391182327,23,rising
17849.391183383,24,rising
17849.391188550,23,falling
17849.391189605,24,falling
17849.391214735,23,falling
17849.391215883,24,rising
17849.391220864,23,rising
17849.391221994,24,rising
17849.391245494,23,falling
17849.391246642,24,falling
17849.391251642,23,rising
17849.391252716,24,rising
17849.391288401,23,rising
17849.391289550,24,rising
17849.391294550,23,falling
17849.391295661,24,falling
17849.391300513,23,falling
17849.391301587,24,rising
17849.391306457,23,rising
17849.391307568,24,falling
17849.391312476,23,falling
17849.391313531,24,rising
17849.391318457,23,falling
17849.391319513,24,falling
17849.391324346,23,falling
17849.391325420,24,falling
17849.391330290,23,rising
17849.391331346,24,rising
17849.391346050,23,falling
17849.391347198,24,falling
17849.391352198,23,falling
17849.391353327,24,falling
17849.391358087,23,falling
17849.391359142,24,rising
17849.391364031,23,rising
17849.391365142,24,rising
17849.391370013,23,rising
17849.391371050,24,falling
17849.391375901,23,rising
17849.391376938,24,rising
17849.391389809,23,rising
17849.391390938,24,rising
17849.391410642,23,falling
17849.391411790,24,falling
17849.391416846,23,rising
17849.391421420,23,falling
17849.391422531,24,rising
17849.391427346,23,rising
17849.391433790,24,falling
17849.391438346,23,rising
17849.391438938,24,falling
17849.391443661,23,rising
17849.391444698,24,rising
17849.391449624,23,falling
17849.391450679,24,rising
17849.391455587,23,falling
17849.391456642,24,falling
17849.391468513,23,falling
17849.391469642,24,falling
17849.391477457,23,falling
17849.391478513,24,falling
17849.391483401,23,rising
17849.391488475,24,falling
17849.391493827,23,falling
17849.391494179,24,falling
17849.391510401,23,falling
17849.391511716,24,falling
17849.391541679,23,falling
17849.391542901,24,falling
17849.391548235,23,rising
17849.391554457,23,falling
17849.391563124,23,falling
17849.391559290,24,falling
17849.391569420,24,rising
17849.391568364,23,rising
17849.391578327,23,rising
17849.391579401,24,rising
17849.391583661,23,falling
17849.391584716,24,falling
17849.391594809,23,falling
17849.391595827,24,falling
17849.391600068,23,rising
17849.391601105,24,rising
17849.391606253,23,falling
17849.391607253,24,falling
17849.391611438,23,rising
17849.391616068,23,falling
17849.391617087,24,falling
17849.391624161,23,falling
17849.391625179,24,falling
17849.391629327,23,rising
17849.391630364,24,rising
17849.391635031,23,rising
17849.391645290,24,rising
17849.391651864,23,falling
17849.391660679,23,falling
17849.391656975,24,falling
17849.391674290,23,falling
17849.391675290,24,falling
17849.391679457,23,falling
17849.391680475,24,falling
17849.391684346,23,falling
17849.391685383,24,falling
17849.391695457,23,falling
17849.391696494,24,falling
17849.391708883,23,falling
17849.391709938,24,falling
17849.391714142,23,rising
17849.391715161,24,rising
17849.391727272,23,falling
17849.391728309,24,falling
17849.391732512,23,rising
17849.391733531,24,falling
17849.391738587,24,falling
17849.391737568,23,falling
17849.391764309,23,falling
17849.391765327,24,falling
17849.391771124,23,rising
17849.391775827,23,rising
17849.391782179,24,falling
17849.391781642,23,falling
17849.391792661,24,falling
17849.391791642,23,falling
17849.391804846,23,rising
17849.391812901,23,rising
17849.391820975,23,falling
17849.391827457,23,falling
17849.391832568,23,falling
17849.391839957,23,falling
17849.391833586,24,falling
17849.391846846,23,falling
17849.391869327,23,rising
17849.391870364,24,rising
17849.391877698,24,falling
17849.391883994,24,falling
17849.391888623,24,falling
17849.391893494,24,falling
17849.391900031,24,rising
17849.391909031,24,falling
17849.391913309,24,rising
17849.391928161,24,falling
17849.391937679,24,falling
17849.391955605,24,falling
17849.392041272,24,falling
17849.392054253,24,rising
17849.392061697,24,falling
17849.392068179,24,falling
17849.392073623,24,falling
17849.392080049,24,rising
17849.392085290,24,rising
17849.392095346,24,falling
17849.392099864,24,falling
17849.392108142,24,rising
17849.392116012,24,falling
17849.392124290,24,falling
17849.392129901,24,rising
17849.392135142,24,falling
17849.392143401,24,falling
17849.392147920,24,falling
17849.392155346,24,falling
17849.392175216,24,falling
17849.392184846,24,falling
17849.392189216,24,falling
17849.392198031,24,rising
17849.392202623,24,rising
17849.392232512,24,rising
17849.392257957,24,falling
17849.392262068,24,falling
17849.392271253,24,falling
17849.392275790,24,falling
17849.392280605,24,falling
17849.392291586,24,falling
17849.392337827,24,falling
17849.392357086,24,rising
17849.392361216,24,falling
17849.392368957,24,falling
17849.392380901,24,rising
17849.392385086,24,falling
17849.392390012,24,falling
17849.392394808,24,falling
17849.392399346,24,falling
17849.392408401,24,falling
17849.392417179,24,falling
17849.392422364,24,rising
17849.392426975,24,rising
17849.392431771,24,rising
17849.392456642,24,falling
17849.392460845,24,rising
17849.392467049,24,falling
17849.392474827,24,falling
17849.392478994,24,falling
17849.392483845,24,rising
17849.392495105,24,rising
17849.392548827,24,falling
17849.392554086,24,rising
17849.392558771,24,falling
17849.392569253,24,falling
17849.392581975,24,falling
17849.392587142,24,falling
17849.392594364,24,rising
17849.392628808,24,rising
17849.392642086,24,rising
17849.392651031,24,falling
17849.392658864,24,rising
17849.392686586,24,falling
17849.392730586,24,falling
17849.392752364,24,falling
17849.392756531,24,falling
17849.392761549,24,falling
17849.392767216,24,falling
17849.392773086,24,falling
17849.392778327,24,rising
17849.392786697,24,rising
17849.392792308,24,falling
17849.392796568,24,rising
17849.392801290,24,falling
17849.392806845,24,falling
17849.392815234,24,rising
17849.392820808,24,falling
17849.392828216,24,falling
17849.392833419,24,falling
17849.392852845,24,falling
17849.392869697,24,falling
17849.392899419,24,rising
17849.394500197,23,falling
17849.394920363,23,falling
17849.394921474,24,falling
17849.395102530,24,falling
17849.395107678,24,falling
17849.395112622,23,falling
17849.395289289,23,falling
17849.395290363,24,falling
17849.395570789,23,rising
17849.395572178,24,falling
17849.395577326,24,falling
17849.395593437,24,falling
17849.395598289,23,falling
17849.395599326,24,falling
17849.395613900,23,falling
17849.395620678,23,falling
17849.395621696,24,falling
17849.395625974,23,falling
17849.395626992,24,falling
17849.395652881,23,falling
17849.395659585,23,falling
17849.395660641,24,falling
17849.395664863,23,falling
17849.395669474,23,falling
17849.395807529,23,rising
17849.395813807,23,falling
17849.395831326,23,falling
17849.395953177,23,falling
17849.396018344,23,falling
17849.396138714,23,falling
17849.396139789,24,falling
17849.396144974,23,falling
17849.396146066,24,falling
17849.396176881,23,rising
17849.396189289,23,falling
17849.396193955,23,falling
17849.396198548,23,falling
17849.396202696,23,falling
17849.396207326,23,falling
17849.396214455,23,rising
17849.396219103,23,falling
17849.396223733,23,falling
17849.396428474,23,rising
17849.396703103,24,falling
17849.396708714,24,falling
17849.396969233,24,rising
17849.398264436,23,falling
17849.398278399,23,falling
17849.398301232,23,rising
17849.398310732,23,falling
17849.398321084,23,falling
17849.398326584,23,falling
17849.398332547,23,falling
17849.398338214,23,falling
17849.398345936,23,falling
17849.398363417,23,falling
17849.398368065,23,rising
17849.398372695,23,falling
17849.398378936,23,rising
17849.398383621,23,falling
17849.398409473,23,falling
17849.398797343,23,falling
17849.398802065,23,falling
17849.398807232,23,rising
17849.398813584,23,falling
17849.398818325,23,falling
17849.398823436,23,falling
17849.398828880,23,falling
17849.398835195,23,falling
17849.398840362,23,falling
17849.398845010,23,rising
17849.398849787,23,falling
17849.398858084,23,falling
17849.398862787,23,falling
17849.399087547,24,rising
17849.399092732,24,falling
17849.399104361,23,falling
17849.399109510,23,falling
17849.399275232,23,falling
17849.399279898,23,falling
17849.399286547,23,falling
17849.399317898,23,falling
17849.399322713,23,falling
17849.399393472,23,falling
17849.399398158,23,rising
17849.399403880,23,falling
17849.399410750,23,falling
17849.399415361,23,falling
17849.399480935,23,falling
17849.399485602,23,falling
17849.399490250,23,rising
17849.399495028,23,falling
17849.399523380,23,rising
17849.399536621,23,falling
17849.399545417,23,falling
17849.399552213,23,falling
17849.399647361,23,falling
17849.399651954,24,falling
17849.399659509,23,rising
17849.399664361,23,falling
17849.399682472,23,rising
17849.399687102,23,rising
17849.399693509,23,rising
17849.399698195,23,rising
17849.399722732,23,falling
17849.399729195,23,falling
17849.399755824,23,rising
17849.399760528,23,falling
17849.399761546,24,falling
17849.399765750,23,falling
17849.399771046,23,falling
17849.399775676,23,falling
17849.399781806,23,falling
17849.399789009,23,falling
17849.399799435,23,falling
17849.399808658,23,falling
17849.399845046,23,rising
17849.399849732,23,rising
17849.399854509,23,rising
17849.399856009,24,falling
17849.399861435,23,rising
17849.399880565,23,falling
17849.399886917,23,falling
17849.399891732,23,falling
17849.400136583,23,falling
17849.400400880,23,falling
17849.400401991,24,falling
17849.400411398,23,falling
17849.400412805,24,falling
17849.400433139,23,rising
17849.400512879,24,falling
17849.400517713,24,falling
17849.400525435,24,falling
17849.400531954,24,falling
17849.400542879,24,falling
17849.400548324,24,falling
17849.400553009,24,rising
17849.400558157,24,falling
17849.400566342,24,falling
17849.400632379,24,falling
17849.400895620,24,falling
17849.400903916,24,rising
17849.402214675,23,rising
17849.402219601,23,falling
17849.402224842,23,falling
17849.402888101,23,falling
17849.402892860,23,falling
17849.402898879,23,falling
17849.403081971,24,falling
17849.403197508,23,falling
17849.403209434,23,falling
17849.403216656,23,rising
17849.403224175,23,rising
17849.403228878,23,rising
17849.403233545,23,falling
17849.403238138,23,falling
17849.403243804,23,falling
17849.403314138,23,falling
17849.403394138,23,falling
17849.403398767,23,falling
17849.403403378,23,falling
17849.403574767,23,falling
17849.403576212,24,falling
17849.403585026,23,falling
17849.403586360,24,falling
17849.403593026,23,falling
17849.403594101,24,falling
17849.403604638,23,falling
17849.403605767,24,falling
17849.403629878,23,falling
17849.403631008,24,falling
17849.403636063,23,falling
17849.403647489,23,falling
17849.403648582,24,falling
17849.403657619,23,falling
17849.403658675,24,falling
17849.403674563,23,falling
17849.403675693,24,falling
17849.403680749,23,falling
17849.403681860,24,rising
17849.403686675,23,falling
17849.403687730,24,falling
17849.403692638,23,falling
17849.403698138,23,rising
17849.403705212,23,falling
17849.403705804,24,falling
17849.403710582,23,rising
17849.403711600,24,falling
17849.403716989,23,falling
17849.403724378,23,rising
17849.403724952,24,falling
17849.403729360,23,rising
17849.403734637,24,falling
17849.403739878,23,falling
17849.403744378,23,falling
17849.403745008,24,falling
17849.403755063,23,falling
17849.403760175,24,falling
17849.403765397,23,rising
17849.403765730,24,falling
17849.403770230,23,rising
17849.403779175,23,falling
17849.403788656,23,falling
17849.403789804,24,falling
17849.403794656,23,falling
17849.403804230,23,falling
17849.403805360,24,falling
17849.403817119,24,rising
17849.403824415,24,falling
17849.403832212,24,falling
17849.403841952,24,falling
17849.403823119,23,falling
17849.403840619,23,falling
17849.403850174,23,rising
17849.403851008,24,falling
17849.403855656,23,rising
17849.403856712,24,falling
17849.403861749,23,rising
17849.403862767,24,falling
17849.403869119,23,falling
17849.403892212,23,falling
17849.403897045,23,falling
17849.403904119,23,falling
17849.403910823,23,falling
17849.403940008,23,rising
17849.403945563,23,falling
17849.403946693,24,falling
17849.403952397,23,falling
17849.404027656,23,falling
17849.404028915,24,falling
17849.404272415,23,falling
17849.404288526,23,falling
17849.404480822,23,falling
17849.404481952,24,falling
17849.404503933,23,rising
17849.404829026,24,rising
17849.406072803,23,falling
17849.406078081,23,falling
17849.406085155,23,rising
17849.406089988,23,falling
17849.406095285,23,rising
17849.406100025,23,falling
17849.406105211,23,rising
17849.406109822,23,falling
17849.406114711,23,falling
17849.406119470,23,falling
17849.406835192,23,falling
17849.406839988,23,rising
17849.406845081,23,falling
17849.406849859,23,falling
17849.406972618,24,falling
17849.407075470,23,falling
17849.407080284,23,falling
17849.407085229,23,rising
17849.407100284,23,falling
17849.407105044,23,falling
17849.407110562,23,rising
17849.407120081,23,falling
17849.407152173,23,falling
17849.407245877,23,falling
17849.407271803,23,falling
17849.407283525,23,falling
17849.407382395,23,falling
17849.407388006,23,falling
17849.407393784,23,rising
17849.407398414,23,falling
17849.407405284,23,falling
17849.407409895,23,falling
17849.408286673,23,rising
17849.408546117,24,falling
17849.408733784,24,rising
17849.409887468,23,falling
17849.409895728,23,falling
17849.409900543,23,falling
17849.409906709,23,falling
17849.409913302,23,falling
17849.409950117,23,falling
17849.409956524,23,falling
17849.410503320,24,rising
17849.410509579,24,rising
17849.410517227,24,rising
17849.410523394,24,falling
17849.410607450,24,rising
17849.410612098,24,falling
17849.411935783,23,rising
17849.412180931,24,falling
17849.412317060,24,rising
17849.413528986,23,falling
17849.413533874,23,falling
17849.413538782,23,falling
17849.413543652,23,falling
17849.413549245,23,falling
17849.413553819,23,falling
17849.413558430,23,rising
17849.413582449,23,falling
17849.414008911,24,rising
17849.414014652,24,falling
17849.414751615,23,falling
17849.414768633,23,rising
17849.414797781,23,falling
17849.414824022,23,falling
17849.414828707,23,rising
17849.414833467,23,rising
17849.414845041,23,falling
17849.414849744,23,falling
17849.414895078,23,falling
17849.414896522,24,falling
17849.414901800,23,rising
17849.414902874,24,rising
17849.414907837,23,falling
17849.414908967,24,rising
17849.414913985,23,falling
17849.414915096,24,falling
17849.414961300,23,falling
17849.414971837,23,rising
17849.414976744,23,falling
17849.414981430,23,falling
17849.415095300,23,falling
17849.415104448,23,rising
17849.415109096,23,rising
17849.415110133,24,falling
17849.415115207,23,rising
17849.415119818,23,rising
17849.415125855,23,rising
17849.415126966,24,falling
17849.415131855,23,falling
17849.415136541,23,falling
17849.415137578,24,falling
17849.415142504,23,falling
17849.415518966,23,rising
17849.415724744,24,falling
17849.415736855,24,rising
17849.415741522,24,rising
17849.415746318,24,falling
17849.415914374,24,rising
17849.417152336,23,rising
17849.417158873,23,rising
17849.417170447,23,falling
17849.417361410,23,falling
17849.417379521,23,falling
17849.417579521,24,falling
17849.417584262,24,falling
17849.417603466,24,falling
17849.417845354,23,falling
17849.417846410,24,falling
17849.417850632,23,falling
17849.417851688,24,falling
17849.417912206,23,rising
17849.417913262,24,rising
17849.417917391,23,falling
17849.417918428,24,falling
17849.417922336,23,falling
17849.417952169,23,falling
17849.417953225,24,falling
17849.418015243,23,falling
17849.418016299,24,falling
17849.418253243,23,falling
17849.418254558,24,falling
17849.418263613,23,falling
17849.418264650,24,falling
17849.418268873,23,falling
17849.418269928,24,falling
17849.418297113,23,falling
17849.418298169,24,falling
17849.418434724,23,rising
17849.418435799,24,rising
17849.418439965,23,falling
17849.418441002,24,falling
17849.418451132,24,falling
17849.418450058,23,falling
17849.418457447,23,rising
17849.418458780,24,falling
17849.418462539,23,falling
17849.418467243,23,falling
17849.418472465,23,falling
17849.418468299,24,falling
17849.418480354,23,falling
17849.418473539,24,falling
17849.418687632,23,falling
17849.418688761,24,falling
17849.418739280,23,falling
17849.418740317,24,falling
17849.419027798,23,falling
17849.419028909,24,falling
17849.419038280,23,falling
17849.419039335,24,falling
17849.419056076,23,falling
17849.419057113,24,rising
17849.419061280,23,rising
17849.419062335,24,rising
17849.419067909,23,falling
17849.419077854,23,rising
17849.419084206,23,rising
17849.419078335,24,rising
17849.419084909,24,rising
17849.419095872,23,rising
17849.419096909,24,rising
17849.419101095,23,falling
17849.419102132,24,falling
17849.419107891,23,falling
17849.419108928,24,falling
17849.419124095,23,falling
17849.419125132,24,falling
17849.419146909,23,rising
17849.419151483,24,falling
17849.419157539,24,falling
17849.419161669,24,falling
17849.419171539,24,falling
17849.419180354,24,falling
17849.419185206,24,falling
17849.419227317,24,falling
17849.419274243,24,falling
17849.419282761,24,falling
17849.419587928,24,rising
17849.420862927,23,falling
17849.420878057,23,falling
17849.420956761,23,falling
17849.421436464,24,falling
17849.421449520,24,falling
17849.421457020,24,falling
17849.421733834,23,rising
17849.421738686,23,falling
17849.421825501,23,falling
17849.421830223,23,rising
17849.421835112,23,falling
17849.421841557,23,falling
17849.421846223,23,falling
17849.421879760,23,falling
17849.421888686,23,falling
17849.421942686,23,falling
17849.421949131,23,falling
17849.421958612,23,falling
17849.421963297,23,falling
17849.422169612,23,falling
17849.422202316,23,falling
17849.422203667,24,falling
17849.422214630,23,rising
17849.422215760,24,rising
17849.422221223,23,falling
17849.422222353,24,rising
17849.422228427,23,falling
17849.422229760,24,rising
17849.422234501,23,rising
17849.422235630,24,falling
17849.422240630,23,falling
17849.422241742,24,falling
17849.422275890,23,falling
17849.422277001,24,falling
17849.422281945,23,rising
17849.422283019,24,falling
17849.422288353,23,falling
17849.422289390,24,falling
17849.422296167,23,falling
17849.422297242,24,falling
17849.422306242,23,falling
17849.422442556,23,falling
17849.422628371,23,falling
17849.422966871,23,falling
17849.422972797,23,rising
17849.422985186,23,rising
17849.422993167,23,falling
17849.422997797,23,rising
17849.423005278,23,falling
17849.423199149,23,rising
17849.423904315,24,rising
17849.427432277,23,falling
17849.427798925,24,falling
17849.428081091,24,falling
17849.428086350,24,falling
17849.428091739,24,falling
17849.430949627,23,rising
17849.430954275,23,rising
17849.431209664,24,rising
17849.434524348,23,rising
17849.434530237,23,falling
17849.434533922,23,falling
17849.434540163,23,falling
17849.435803885,24,falling
17849.439789994,24,falling
17849.439862550,24,falling
17849.439869161,24,falling
17849.439876420,24,falling
17849.439888290,24,rising
17849.439894920,24,rising
17849.439905253,24,falling
17849.439953124,24,falling
17849.439962124,24,falling
17849.439983401,24,falling
17849.439988827,24,falling
17849.440610920,23,rising
17849.440616679,23,falling
17849.440623772,23,rising
17849.441006660,24,rising
17849.612782428,23,falling
17849.614742964,24,falling
17849.617746556,23,falling
17849.617751426,23,falling
17849.617756260,23,falling
17849.617760926,23,falling
17849.618026352,24,falling
17849.618307037,23,rising
17849.618667778,24,falling
17849.618675130,24,rising
17849.618679389,24,rising
17849.621624203,23,falling
17849.623278258,24,falling
17849.624674461,24,falling
17849.624679572,24,falling
17849.624934035,24,falling
17849.624979461,24,falling
17849.624995442,24,falling
17849.625470479,24,falling
17849.625858294,23,rising
17849.625863238,24,rising
17849.625868794,24,falling
17849.625872960,24,rising
17849.625891034,24,falling
17849.625896831,24,falling
17849.625902016,24,rising
17849.625906775,24,falling
17849.625926145,24,rising
17849.625931905,24,falling
17849.625940275,24,falling
17849.625944442,24,falling
17849.625956071,24,falling
17849.626292942,24,rising
17849.628559552,23,rising
17849.628569626,23,falling
17849.629634255,24,falling
17849.629639107,24,falling
17849.630771125,24,falling
17849.631083421,24,falling
17849.631087829,24,falling
17849.631100273,24,falling
17849.631112310,24,falling
17849.631117514,24,falling
17849.631122292,24,falling
17849.631141736,24,falling
17849.631149532,24,rising
17849.631154088,24,falling
17849.631451051,23,falling
17849.631850902,23,falling
17849.631855551,24,falling
17849.631861125,24,falling
17849.632120643,23,rising
17849.632619810,24,rising
17849.635022623,23,falling
17849.635028012,23,falling
17849.635926271,24,falling
17849.635935919,24,falling
17849.636050401,23,falling
17849.637691419,24,falling
17849.637696234,24,falling
17849.637726937,24,falling
17849.637731400,24,falling
17849.637929641,24,falling
17849.637938085,24,falling
17849.638306215,24,falling
17849.638365067,24,falling
17849.638370344,24,rising
17849.638382585,24,rising
17849.638397196,24,falling
17849.638402326,24,rising
17849.638411604,24,falling
17849.638417455,24,falling
17849.638487567,23,falling
17849.638506326,23,falling
17849.638567270,23,rising
17849.639569177,24,rising
17849.639574251,24,rising
17849.643757639,23,rising
17849.643766176,23,falling
17849.643771639,23,falling
17849.645262416,24,falling
17849.645278694,24,falling
17849.645296823,24,falling
17849.646027249,24,falling
17849.647097823,24,falling
17849.647104508,24,falling
17849.647108711,24,rising
17849.647113304,24,rising
17849.647117415,24,falling
17849.647122952,24,rising
17849.647127082,24,falling
17849.647132119,24,rising
17849.647139248,24,falling
17849.647144489,24,falling
17849.647149323,24,falling
17849.647156119,24,falling
17849.647186860,24,rising
17849.647194767,24,falling
17849.647201267,24,falling
17849.648241822,23,rising
17849.648575081,24,falling
17849.648603174,24,falling
17849.648607378,24,falling
17849.648616303,24,falling
17849.649087951,24,falling
17849.649095155,24,rising
17849.651163895,23,falling
17849.651169765,23,falling
17849.652130210,24,rising
17849.652139635,24,falling
17849.652428746,23,falling
17849.652460635,23,falling
17849.652474302,23,falling
17849.652746672,23,falling
17849.652755283,23,falling
17849.653253302,24,falling
17849.653449635,24,falling
17849.653468450,24,falling
17849.653507505,23,falling
17849.653508561,24,falling
17849.653635431,23,rising
17849.653636487,24,rising
17849.653641764,24,rising
17849.653640709,23,rising
17849.653647320,23,rising
17849.653647820,24,rising
17849.653651635,23,falling
17849.653656524,23,falling
17849.653661431,23,falling
17849.653662246,24,falling
17849.653666802,23,falling
17849.653667857,24,falling
17849.653675468,24,falling
17849.653674450,23,falling
17849.653686579,23,falling
17849.653687635,24,falling
17849.653731727,23,rising
17849.653779135,24,falling
17849.653876524,24,falling
17849.653884487,24,falling
17849.653893987,24,falling
17849.653902746,24,falling
17849.653906542,24,rising
17849.653912690,24,rising
17849.653920968,24,rising
17849.653926153,24,falling
17849.653930838,24,falling
17849.653935672,24,falling
17849.653947894,24,falling
17849.653956227,24,falling
17849.653961764,24,falling
17849.653966894,24,falling
17849.653987894,24,falling
17849.653992135,24,falling
17849.654000042,24,falling
17849.654338320,24,falling
17849.654362709,24,rising
17849.654366894,24,falling
17849.654384968,24,falling
17849.654393986,24,falling
17849.654403320,24,falling
17849.654408746,24,falling
17849.654427227,24,falling
17849.654433153,24,falling
17849.654441542,24,falling
17849.654445690,24,falling
17849.654454598,24,falling
17849.654468153,24,falling
17849.654483598,24,falling
17849.654489468,24,falling
17849.654507690,24,falling
17849.654515783,24,falling
17849.654544653,24,rising
17849.654550394,24,falling
17849.654567375,24,falling
17849.654592394,24,rising
17849.656638615,23,falling
17849.656649486,23,rising
17849.656656726,23,falling
17849.656663986,23,falling
17849.656668652,23,falling
17849.657069485,24,falling
17849.657074282,24,falling
17849.657150689,24,rising
17849.657156504,24,falling
17849.657212504,24,falling
17849.657223985,24,falling
17849.657233745,24,falling
17849.657377189,23,falling
17849.657384115,23,falling
17849.657378596,24,rising
17849.657388837,23,falling
17849.657389874,24,falling
17849.657393893,23,falling
17849.657395337,24,falling
17849.657406948,23,falling
17849.657417726,23,falling
17849.657418059,24,rising
17849.657423189,23,falling
17849.657435930,23,falling
17849.657440745,23,rising
17849.657446115,23,falling
17849.657441467,24,falling
17849.657451152,23,falling
17849.657452226,24,falling
17849.657457893,23,falling
17849.657458985,24,falling
17849.657478874,23,falling
17849.657479930,24,falling
17849.657487022,23,falling
17849.657488059,24,falling
17849.657493615,23,falling
17849.657494633,24,falling
17849.657510133,23,falling
17849.657511170,24,falling
17849.657563300,23,falling
17849.657564356,24,falling
17849.657568578,23,falling
17849.657569652,24,falling
17849.657573522,23,falling
17849.657578393,23,falling
17849.657578930,24,falling
17849.657585078,24,falling
17849.657583467,23,falling
17849.657589096,23,falling
17849.657593782,23,falling
17849.657598596,23,falling
17849.657603041,23,falling
17849.657603837,24,falling
17849.657608448,23,falling
17849.657609485,24,falling
17849.657613244,23,rising
17849.657625633,23,falling
17849.657625967,24,falling
17849.657630670,23,falling
17849.657635448,23,rising
17849.657639707,23,rising
17849.657640448,24,rising
17849.657644911,23,rising
17849.657645967,24,rising
17849.657653226,24,rising
17849.657652207,23,rising
17849.657662374,23,falling
17849.657663430,24,falling
17849.657667670,23,falling
17849.657668726,24,falling
17849.657673319,23,falling
17849.657688819,23,rising
17849.657685263,24,rising
17849.657696485,23,rising
17849.657697541,24,rising
17849.657703781,23,falling
17849.657704818,24,falling
17849.657708652,23,falling
17849.657709670,24,falling
17849.657713430,23,rising
17849.657719615,23,rising
17849.657725189,23,falling
17849.657726244,24,falling
17849.657732004,23,falling
17849.657737115,23,falling
17849.657738152,24,falling
17849.657742985,24,falling
17849.657741948,23,falling
17849.657749930,24,falling
17849.657748467,23,falling
17849.657756485,23,falling
17849.657757522,24,falling
17849.657762207,23,rising
17849.657768485,24,falling
17849.657767448,23,falling
17849.657778022,23,rising
17849.657779059,24,rising
17849.657783189,23,rising
17849.657787837,23,rising
17849.657788893,24,rising
17849.657856115,23,falling
17849.657857170,24,rising
17849.657861393,23,falling
17849.657862467,24,falling
17849.657985615,23,falling
17849.657986652,24,falling
17849.657995596,23,falling
17849.658000911,23,falling
17849.657996652,24,falling
17849.658008115,23,rising
17849.658009170,24,falling
17849.658014207,23,falling
17849.658015244,24,falling
17849.658020189,23,falling
17849.658021226,24,rising
17849.658026133,23,rising
17849.658031448,24,falling
17849.658030929,23,rising
17849.658037967,23,rising
17849.658038670,24,rising
17849.658052874,23,rising
17849.658053967,24,falling
17849.658059244,23,falling
17849.658060929,24,falling
17849.658065929,23,falling
17849.658088041,23,falling
17849.658089170,24,falling
17849.658094059,23,rising
17849.658095170,24,rising
17849.658100022,23,rising
17849.658101152,24,rising
17849.658105966,23,falling
17849.658107078,24,falling
17849.658113411,23,rising
17849.658114504,24,falling
17849.658119374,23,falling
17849.658120504,24,falling
17849.658125355,23,falling
17849.658126466,24,falling
17849.658144318,23,falling
17849.658145448,24,falling
17849.658151763,23,falling
17849.658152874,24,falling
17849.658167504,23,falling
17849.658168633,24,falling
17849.658173504,23,falling
17849.658174633,24,falling
17849.658189855,24,rising
17849.658197948,24,rising
17849.658203855,24,falling
17849.658187596,23,rising
17849.658203503,23,falling
17849.658215578,23,falling
17849.658217429,24,falling
17849.658278818,23,falling
17849.658279892,24,rising
17849.658285152,23,rising
17849.658285985,24,rising
17849.658291670,23,falling
17849.658292929,24,falling
17849.658338133,23,falling
17849.658339300,24,falling
17849.658351503,23,falling
17849.658352559,24,falling
17849.658357781,23,falling
17849.658358911,24,falling
17849.658391466,23,falling
17849.658392615,24,falling
17849.658400485,23,falling
17849.658401652,24,falling
17849.658406448,23,rising
17849.658407615,24,rising
17849.658414448,23,falling
17849.658415485,24,falling
17849.658470411,23,falling
17849.658471466,24,falling
17849.658479577,23,falling
17849.658480892,24,falling
17849.658522374,23,falling
17849.658523429,24,falling
17849.658529689,23,falling
17849.658530818,24,falling
17849.658554670,23,rising
17849.658555929,24,rising
17849.658562226,23,rising
17849.658563337,24,rising
17849.658572281,23,rising
17849.658576966,23,rising
17849.658577985,24,falling
17849.658583763,23,falling
17849.658584837,24,falling
17849.658590781,24,rising
17849.658595763,23,falling
17849.658596818,24,rising
17849.658601763,23,rising
17849.658602837,24,rising
17849.658617207,23,falling
17849.658618318,24,falling
17849.658627929,23,falling
17849.658629040,24,falling
17849.658633281,23,falling
17849.658645559,23,falling
17849.658646633,24,falling
17849.658650855,23,falling
17849.658651929,24,falling
17849.658655966,23,falling
17849.658657003,24,falling
17849.658708281,23,rising
17849.658709337,24,rising
17849.658713522,24,falling
17849.658720374,24,falling
17849.658725744,24,rising
17849.658734614,24,falling
17849.658738374,24,falling
17849.658743188,24,falling
17849.658751337,24,rising
17849.658757355,24,rising
17849.658765411,24,rising
17849.658774392,24,falling
17849.658783096,24,rising
17849.658786818,24,rising
17849.658797022,24,rising
17849.658801207,24,falling
17849.658813781,24,falling
17849.658819429,24,rising
17849.658824633,24,rising
17849.658829281,24,falling
17849.658834114,24,falling
17849.658862874,24,rising
17849.658867077,24,rising
17849.658873966,24,falling
17849.658878170,24,falling
17849.658896614,24,falling
17849.658900800,24,falling
17849.658905577,24,falling
17849.658910818,24,falling
17849.658917133,24,rising
17849.658922411,24,falling
17849.659124948,24,rising
17849.659155244,24,rising
17849.659162503,24,falling
17849.659167818,24,falling
17849.659174114,24,rising
17849.660490910,23,falling
17849.660495651,23,rising
17849.660500410,23,rising
17849.660505095,23,falling
17849.660513947,23,falling
17849.660653928,23,falling
17849.660659040,23,rising
17849.660667428,23,rising
17849.660672114,23,falling
17849.660676725,23,falling
17849.660728225,23,falling
17849.660735669,23,falling
17849.660818354,23,rising
17849.660827465,23,rising
17849.660838206,23,rising
17849.660843873,23,falling
17849.660849299,23,rising
17849.660854095,23,falling
17849.660859984,23,rising
17849.660865280,23,falling
17849.660874206,23,falling
17849.660883577,23,falling
17849.661130188,24,falling
17849.661202299,23,rising
17849.661208169,23,rising
17849.661203428,24,rising
17849.661212076,23,falling
17849.661208632,24,falling
17849.661217910,24,falling
17849.661216836,23,falling
17849.661226132,23,falling
17849.661227169,24,falling
17849.661253576,23,falling
17849.661254632,24,falling
17849.661318539,23,falling
17849.661319576,24,falling
17849.661323836,23,rising
17849.661324910,24,rising
17849.661328928,23,falling
17849.661329984,24,falling
17849.661333910,23,falling
17849.661347873,23,falling
17849.661348910,24,falling
17849.661549576,23,falling
17849.661550595,24,falling
17849.661635373,23,falling
17849.661636373,24,falling
17849.661645576,23,rising
17849.661646595,24,rising
17849.661650761,23,falling
17849.661651780,24,falling
17849.661668113,23,rising
17849.661669150,24,rising
17849.661677817,23,falling
17849.661678854,24,falling
17849.661683058,23,falling
17849.661684076,24,falling
17849.661687984,23,rising
17849.661692873,23,rising
17849.661697465,23,falling
17849.661698224,24,falling
17849.661723947,23,rising
17849.661724965,24,rising
17849.661733298,23,falling
17849.661734317,24,falling
17849.661773798,23,falling
17849.661774817,24,falling
17849.661781669,23,rising
17849.661782724,24,rising
17849.661791076,23,falling
17849.661792095,24,falling
17849.661799021,23,falling
17849.661800058,24,falling
17849.661804872,23,rising
17849.661805928,24,rising
17849.661810002,23,rising
17849.661826947,23,falling
17849.661827965,24,falling
17849.661832150,23,falling
17849.661833187,24,falling
17849.661860076,23,falling
17849.661861095,24,falling
17849.661866243,24,falling
17849.661865224,23,falling
17849.661885872,23,falling
17849.661886891,24,falling
17849.661892095,24,rising
17849.661891076,23,rising
17849.661899447,23,falling
17849.661900447,24,falling
17849.661905058,23,falling
17849.661906095,24,falling
17849.661938743,23,falling
17849.661939798,24,falling
17849.661947687,23,falling
17849.661948687,24,falling
17849.661953428,23,falling
17849.661962502,24,rising
17849.661961484,23,rising
17849.661967058,24,falling
17849.661966539,23,falling
17849.661992298,23,falling
17849.661993317,24,falling
17849.661997502,23,falling
17849.661998521,24,falling
17849.662005280,23,falling
17849.662006335,24,falling
17849.662012484,23,falling
17849.662013539,24,falling
17849.662017372,23,rising
17849.662018409,24,rising
17849.662023224,23,rising
17849.662029521,24,rising
17849.662028484,23,rising
17849.662037854,23,rising
17849.662038872,24,rising
17849.662043076,23,rising
17849.662044095,24,rising
17849.662049187,23,rising
17849.662050187,24,rising
17849.662054298,23,rising
17849.662055317,24,falling
17849.662059243,23,rising
17849.662060261,24,rising
17849.662064021,23,rising
17849.662095465,23,falling
17849.662096483,24,falling
17849.662101169,23,falling
17849.662107280,24,rising
17849.662106224,23,rising
17849.662114150,24,falling
17849.662113113,23,falling
17849.662158039,23,falling
17849.662159058,24,falling
17849.662163891,23,falling
17849.662171706,23,falling
17849.662178261,23,rising
17849.662179558,24,rising
17849.662186354,23,rising
17849.662192687,23,rising
17849.662220835,23,falling
17849.662222095,24,falling
17849.662338872,23,falling
17849.662479520,23,rising
17849.662480835,24,falling
17849.662591909,24,falling
17849.662601909,24,falling
17849.662606039,24,falling
17849.662612539,24,rising
17849.662616872,24,falling
17849.662641150,24,falling
17849.662645483,24,falling
17849.662652631,24,rising
17849.662657798,24,falling
17849.662662428,24,rising
17849.662668243,24,falling
17849.662696928,24,rising
17849.662701057,24,falling
17849.662706705,24,falling
17849.662712002,24,rising
17849.662715780,24,falling
17849.662748761,24,rising
17849.662752928,24,falling
17849.662757631,24,rising
17849.662766187,24,rising
17849.662770372,24,rising
17849.662777742,24,falling
17849.662869150,24,rising
17849.664072038,23,rising
17849.664078668,23,falling
17849.664083298,23,rising
17849.664087927,23,falling
17849.664092483,23,rising
17849.664097168,23,falling
17849.664101816,23,rising
17849.664106427,23,falling
17849.664111149,23,falling
17849.664119853,23,falling
17849.664124501,23,falling
17849.664129483,23,falling
17849.664134112,23,rising
17849.664138705,23,rising
17849.664143353,23,falling
17849.664147983,23,rising
17849.664152631,23,falling
17849.664157501,23,falling
17849.664162112,23,rising
17849.664166723,23,rising
17849.664188872,23,rising
17849.664193520,23,rising
17849.664210316,23,rising
17849.664234909,23,rising
17849.664239538,23,rising
17849.664244446,23,rising
17849.664249075,23,rising
17849.664255779,23,rising
17849.664260446,23,rising
17849.664285260,23,falling
17849.664289927,23,rising
17849.664295594,23,falling
17849.664300242,23,rising
17849.664304834,23,rising
17849.664309464,23,falling
17849.664314112,23,falling
17849.664509390,23,falling
17849.664520871,23,falling
17849.664527149,23,rising
17849.664696279,23,rising
17849.664697334,24,rising
17849.664704353,23,rising
17849.664705390,24,rising
17849.664719594,23,falling
17849.664720612,24,falling
17849.664859445,23,falling
17849.664869168,23,falling
17849.664870519,24,falling
17849.664877612,23,falling
17849.664878834,24,falling
17849.664883853,23,falling
17849.664888501,23,falling
17849.664889279,24,falling
17849.664893760,23,falling
17849.664894834,24,falling
17849.664913705,23,falling
17849.664914834,24,rising
17849.664919742,23,falling
17849.664920797,24,falling
17849.664931260,23,falling
17849.664932371,24,falling
17849.664937594,23,falling
17849.664938705,24,rising
17849.664943594,23,falling
17849.664944705,24,falling
17849.664949612,23,falling
17849.664950723,24,falling
17849.664957019,23,falling
17849.664958094,24,falling
17849.664965723,23,falling
17849.664966834,24,falling
17849.664972779,23,falling
17849.664973890,24,falling
17849.664979390,23,falling
17849.664980501,24,falling
17849.664985964,23,falling
17849.664987075,24,falling
17849.665020797,23,rising
17849.665021890,24,rising
17849.665034112,23,falling
17849.665035242,24,falling
17849.665046593,23,falling
17849.665047705,24,falling
17849.665052649,23,rising
17849.665053760,24,rising
17849.665058686,23,rising
17849.665066353,23,rising
17849.665067445,24,rising
17849.665081982,23,falling
17849.665083093,24,falling
17849.665088001,23,rising
17849.665089112,24,rising
17849.665097649,23,rising
17849.665098779,24,falling
17849.665103723,23,rising
17849.665104834,24,falling
17849.665109723,23,rising
17849.665110834,24,rising
17849.665170130,23,falling
17849.665171482,24,falling
17849.665177927,23,falling
17849.665179223,24,falling
17849.665184371,23,falling
17849.665185408,24,falling
17849.665195427,23,falling
17849.665196519,24,falling
17849.665204649,23,falling
17849.665205760,24,falling
17849.665210519,23,falling
17849.665211575,24,rising
17849.665216927,23,falling
17849.665222723,24,rising
17849.665222260,23,rising
17849.665257649,24,falling
17849.665256501,23,falling
17849.665263556,24,falling
17849.665263186,23,falling
17849.665397316,24,falling
17849.665396464,23,falling
17849.665410667,23,falling
17849.665411371,24,falling
17849.665417779,23,falling
17849.665418167,24,falling
17849.665427890,24,falling
17849.665427501,23,rising
17849.665432760,23,falling
17849.665433112,24,falling
17849.665494667,23,rising
17849.665495445,24,rising
17849.665506927,24,falling
17849.665506149,23,rising
17849.665511612,23,falling
17849.665511964,24,falling
17849.665520093,24,rising
17849.665519334,23,rising
17849.665525093,24,rising
17849.665524741,23,rising
17849.665530056,24,rising
17849.665529704,23,rising
17849.665606371,24,rising
17849.665605667,23,rising
17849.665611334,24,falling
17849.665611001,23,falling
17849.665616278,24,falling
17849.665627667,24,falling
17849.665631908,24,falling
17849.665631556,23,falling
17849.665636649,23,falling
17849.665637019,24,falling
17849.665654130,24,falling
17849.665658741,23,rising
17849.665662778,24,falling
17849.665662445,23,falling
17849.665677297,24,rising
17849.665676593,23,falling
17849.665681852,23,falling
17849.665682186,24,falling
17849.665690149,23,rising
17849.665690927,24,rising
17849.665706223,24,falling
17849.665705464,23,falling
17849.665711149,24,falling
17849.665710815,23,falling
17849.665716093,24,rising
17849.665720723,23,falling
17849.665721112,24,rising
17849.665727519,23,rising
17849.665727871,24,rising
17849.665797649,23,rising
17849.665798427,24,rising
17849.665835371,24,falling
17849.665834612,23,falling
17849.665840352,24,rising
17849.665840019,23,rising
17849.665845278,24,rising
17849.665850241,24,falling
17849.665849871,23,rising
17849.665855445,24,rising
17849.665855093,23,rising
17849.665860334,24,falling
17849.665865723,24,rising
17849.665865352,23,falling
17849.665870389,23,rising
17849.665870723,24,rising
17849.665884093,24,rising
17849.665883334,23,rising
17849.665888778,23,rising
17849.665894482,24,falling
17849.665899501,24,rising
17849.665899149,23,rising
17849.665904075,23,rising
17849.665904426,24,rising
17849.665912093,24,falling
17849.665916797,24,falling
17849.665921445,24,rising
17849.665930371,24,rising
17849.665937260,24,rising
17849.665942464,24,falling
17849.665949538,24,falling
17849.665954204,24,falling
17849.665958815,24,falling
17849.665963926,24,falling
17849.665978741,24,falling
17849.665985889,24,rising
17849.665992538,24,falling
17849.665997204,24,rising
17849.666014538,24,falling
17849.666019297,24,falling
17849.666024371,24,rising
17849.666029056,24,falling
17849.666033963,24,falling
17849.666038575,24,rising
17849.666043223,24,falling
17849.666047945,24,falling
17849.666052593,24,falling
17849.666057260,24,rising
17849.666092704,24,falling
17849.666098130,24,falling
17849.666150000,24,falling
17849.666156000,24,falling
17849.666165426,24,falling
17849.666177093,24,falling
17849.666197278,24,rising
17849.666206612,24,falling
17849.666229204,24,rising
17849.667293370,23,falling
17849.667303204,23,falling
17849.667323519,23,rising
17849.667327889,23,rising
17849.667385333,23,falling
17849.667389667,23,falling
17849.667395667,23,falling
17849.667406130,23,falling
17849.667410352,23,falling
17849.667417574,23,rising
17849.667426185,23,rising
17849.667444593,23,rising
17849.667453056,23,falling
17849.667457204,23,rising
17849.667470185,23,falling
17849.667474407,23,falling
17849.667483370,23,rising
17849.667499926,23,rising
17849.667505852,23,rising
17849.667520722,23,rising
17849.667545537,23,rising
17849.667557833,23,rising
17849.667562037,23,falling
17849.667570667,23,falling
17849.667580667,23,falling
17849.667585018,23,rising
17849.667589667,23,falling
17849.667845981,23,rising
17849.667851148,23,falling
17849.667873481,23,falling
17849.667878852,23,rising
17849.667884333,23,falling
17849.667889259,23,falling
17849.667893463,23,falling
17849.667897370,23,falling
17849.667903241,23,falling
17849.667933722,23,falling
17849.667940463,23,falling
17849.667945222,23,falling
17849.667949907,23,rising
17849.667954611,23,rising
17849.667959407,23,falling
17849.667970833,23,rising
17849.668006240,23,falling
17849.668011370,23,rising
17849.668046092,23,rising
17849.668047203,24,rising
17849.668056481,23,falling
17849.668057574,24,falling
17849.668062481,23,rising
17849.668063592,24,rising
17849.668068500,23,rising
17849.668079129,23,rising
17849.668080222,24,rising
17849.668087629,23,falling
17849.668088759,24,rising
17849.668093703,23,rising
17849.668094889,24,rising
17849.668099796,23,rising
17849.668100833,24,rising
17849.668106148,23,rising
17849.668107240,24,rising
17849.668120389,23,rising
17849.668121518,24,rising
17849.668126389,23,falling
17849.668131055,23,rising
17849.668132129,24,falling
17849.668137000,23,falling
17849.668138629,24,falling
17849.668143518,23,falling
17849.668149777,24,rising
17849.668149296,23,rising
17849.668241055,23,rising
17849.668242166,24,rising
17849.668252611,23,rising
17849.668253722,24,falling
17849.668258611,23,rising
17849.668259722,24,rising
17849.668268259,23,rising
17849.668269389,24,rising
17849.668274314,23,rising
17849.668319129,23,falling
17849.668320240,24,falling
17849.668325111,23,falling
17849.668326166,24,falling
17849.668331129,23,falling
17849.668332240,24,rising
17849.668337148,23,falling
17849.668338222,24,falling
17849.668345259,23,falling
17849.668346351,24,falling
17849.668359944,23,falling
17849.668361037,24,falling
17849.668365907,23,falling
17849.668367018,24,falling
17849.668391518,23,falling
17849.668392611,24,falling
17849.668398500,23,falling
17849.668399574,24,falling
17849.668404481,23,falling
17849.668405500,24,falling
17849.668422611,23,falling
17849.668423722,24,falling
17849.668428629,23,falling
17849.668435037,24,rising
17849.668433944,23,rising
17849.668464111,23,falling
17849.668464833,24,falling
17849.668480259,24,rising
17849.668479500,23,rising
17849.668485277,24,rising
17849.668484944,23,rising
17849.668490277,24,falling
17849.668495851,24,rising
17849.668500166,23,falling
17849.668500500,24,falling
17849.668510277,24,rising
17849.668509500,23,rising
17849.668519166,23,falling
17849.668519500,24,falling
17849.668525129,23,rising
17849.668525537,24,falling
17849.668535370,24,falling
17849.668539907,24,rising
17849.668539537,23,rising
17849.668544166,23,rising
17849.668544518,24,rising
17849.668551870,23,falling
17849.668552555,24,falling
17849.668562518,24,rising
17849.668566203,23,falling
17849.668571907,24,falling
17849.668571574,23,falling
17849.668580296,24,rising
17849.668584555,23,rising
17849.668597370,23,rising
17849.668598074,24,rising
17849.668616370,23,rising
17849.668617129,24,rising
17849.668623222,24,falling
17849.668627611,23,falling
17849.668633685,23,falling
17849.668634370,24,falling
17849.668645166,23,rising
17849.668645925,24,rising
17849.668656555,23,rising
17849.668657314,24,rising
17849.668671018,23,rising
17849.668671796,24,rising
17849.668683425,24,falling
17849.668682648,23,falling
17849.668688037,23,rising
17849.668688388,24,rising
17849.668705444,24,rising
17849.668704685,23,rising
17849.668710037,23,rising
17849.668714537,24,rising
17849.668714203,23,rising
17849.668765166,24,falling
17849.668764481,23,falling
17849.668770148,24,falling
17849.668769796,23,falling
17849.668775111,24,falling
17849.668774777,23,falling
17849.668802629,23,falling
17849.668803314,24,falling
17849.668809074,23,falling
17849.668809462,24,falling
17849.668815611,23,falling
17849.668816740,24,falling
17849.668841129,24,falling
17849.668840333,23,rising
17849.668853129,24,falling
17849.668859481,24,falling
17849.668864092,24,rising
17849.668871018,24,falling
17849.668869722,23,falling
17849.668877759,23,falling
17849.668879611,24,falling
17849.668884240,23,falling
17849.668885259,24,falling
17849.668896573,23,falling
17849.668897685,24,falling
17849.668904259,23,rising
17849.668905351,24,rising
17849.668910222,23,rising
17849.668911036,24,falling
17849.668916592,23,falling
17849.668917703,24,falling
17849.668922573,23,falling
17849.668927203,23,falling
17849.668928296,24,falling
17849.668933166,23,falling
17849.668938425,23,rising
17849.668939499,24,rising
17849.668944351,23,falling
17849.668946259,24,falling
17849.668951425,23,falling
17849.668952536,24,falling
17849.668957425,23,falling
17849.668963073,23,falling
17849.668964185,24,falling
17849.668982796,23,falling
17849.668983907,24,falling
17849.669007648,23,rising
17849.669008796,24,rising
17849.669020185,23,falling
17849.669021296,24,falling
17849.669026222,23,falling
17849.669027333,24,falling
17849.669038407,23,falling
17849.669039518,24,falling
17849.669044407,23,rising
17849.669045536,24,rising
17849.669050444,23,falling
17849.669051518,24,falling
17849.669062333,23,rising
17849.669063444,24,rising
17849.669068370,23,falling
17849.669069444,24,falling
17849.669077092,23,falling
17849.669078147,24,falling
17849.669083092,23,falling
17849.669092925,23,falling
17849.669094055,24,falling
17849.669098981,23,rising
17849.669103740,24,falling
17849.669108462,24,falling
17849.669117518,24,falling
17849.669123981,24,falling
17849.669128666,24,falling
17849.669134166,24,rising
17849.669138759,24,falling
17849.669142777,24,falling
17849.669149370,24,rising
17849.669156166,24,rising
17849.669161425,24,rising
17849.669174333,24,rising
17849.669181222,24,falling
17849.669185851,24,falling
17849.669200036,24,rising
17849.669204684,24,falling
17849.669218222,24,rising
17849.669226388,24,rising
17849.669235259,24,falling
17849.669240536,24,falling
17849.669252333,24,rising
17849.669266907,24,falling
17849.669270925,24,falling
17849.669279999,24,falling
17849.669288907,24,falling
17849.669299870,24,rising
17849.669304610,24,rising
17849.669341870,24,rising
17849.669347129,24,rising
17849.669354407,24,falling
17849.669359092,24,rising
17849.669363814,24,falling
17849.669367592,24,falling
17849.669372277,24,falling
17849.669389203,24,falling
17849.669396481,24,rising
17849.669401184,24,falling
17849.669405870,24,rising
17849.669410870,24,falling
17849.669416758,24,falling
17849.669421444,24,rising
17849.669426055,24,rising
17849.669436536,24,rising
17849.669441258,24,rising
17849.669449647,24,falling
17849.669456166,24,rising
17849.669460814,24,falling
17849.669471944,24,falling
17849.669478555,24,falling
17849.669483221,24,falling
17849.669492221,24,falling
17849.669500407,24,falling
17849.669507388,24,rising
17849.670481684,23,falling
17849.670487165,23,falling
17849.670498165,23,falling
17849.670509128,23,falling
17849.670514554,23,falling
17849.670805665,23,falling
17849.670810684,23,falling
17849.670971702,24,falling
17849.670978591,24,falling
17849.670996684,24,falling
17849.671158184,23,falling
17849.671162924,23,falling
17849.671197980,23,falling
17849.671202610,23,falling
17849.671939924,24,falling
17849.671947739,24,rising
17849.671952443,24,rising
17849.671961980,24,rising
17849.671971739,24,falling
17849.671976424,24,rising
17849.671981332,24,rising
17849.671988183,24,rising
17849.671996128,24,falling
17849.672066702,24,rising
17849.672071702,24,falling
17849.672082461,24,rising
17849.672087183,23,rising
17849.672093350,24,falling
17849.672114869,24,falling
17849.672120924,24,falling
17849.672125609,24,falling
17849.672130220,24,falling
17849.672139869,24,falling
17849.672144572,24,rising
17849.672149183,24,falling
17849.672153220,24,falling
17849.672157887,24,rising
17849.672172498,24,falling
17849.672177165,24,falling
17849.672181869,24,falling
17849.672189239,24,falling
17849.672195461,24,rising
17849.672200146,24,falling
17849.672223869,24,falling
17849.672234257,24,falling
17849.672238924,24,falling
17849.672285702,24,rising
17849.672296887,24,falling
17849.672301572,24,falling
17849.672469405,24,rising
17849.673444257,23,falling
17849.673766812,23,falling
17849.673814275,23,falling
17849.673819294,23,falling
17849.673820386,24,falling
17849.673826794,24,rising
17849.673833627,23,falling
17849.673834701,24,falling
17849.673841646,24,falling
17849.674391979,23,falling
17849.674413627,24,falling
17849.674474238,23,falling
17849.674480479,23,falling
17849.674653182,24,falling
17849.674839645,24,falling
17849.674944034,23,rising
17849.675314904,24,rising
17849.675319219,24,rising
17849.676306737,23,rising
17849.676311441,23,rising
17849.676322700,23,falling
17849.676327330,23,rising
17849.676331997,23,falling
17849.676336682,23,falling
17849.676342126,23,falling
17849.676573348,23,falling
17849.676578089,23,falling
17849.676587034,23,rising
17849.676591682,23,rising
17849.676596330,23,falling
17849.676605274,23,rising
17849.676611311,23,rising
17849.676619385,23,falling
17849.676624015,23,falling
17849.676628663,23,rising
17849.676633608,23,falling
17849.676692719,24,rising
17849.676703848,24,falling
17849.676708071,24,falling
17849.676734219,23,falling
17849.676935793,23,falling
17849.677093089,23,falling
17849.677124867,23,falling
17849.677129774,23,falling
17849.677130811,24,falling
17849.677134644,23,falling
17849.677139218,23,falling
17849.677145922,23,falling
17849.677147218,24,falling
17849.677345589,23,rising
17849.677346755,24,rising
17849.677351218,23,rising
17849.677361607,23,falling
17849.677362663,24,falling
17849.677466811,23,falling
17849.677467867,24,falling
17849.677480589,23,falling
17849.677481663,24,falling
17849.677491607,23,falling
17849.677492663,24,falling
17849.677497459,23,falling
17849.677498978,24,falling
17849.677503904,23,falling
17849.677605718,23,falling
17849.677606755,24,falling
17849.677612015,24,falling
17849.677610959,23,falling
17849.677870329,23,rising
17849.678035311,24,rising
17849.678046589,24,falling
17849.678292163,24,rising
17849.679320607,23,falling
17849.679325440,23,rising
17849.679330403,23,falling
17849.679334477,23,rising
17849.679339070,23,rising
17849.679347570,23,falling
17849.679352236,23,falling
17849.679356829,23,rising
17849.679362292,23,falling
17849.679367125,23,rising
17849.679371792,23,falling
17849.679376699,23,falling
17849.679520606,23,falling
17849.679751551,24,falling
17849.680655291,23,falling
17849.680656402,24,falling
17849.680660847,23,falling
17849.680668588,23,falling
17849.680669643,24,falling
17849.680674588,23,rising
17849.680681865,23,falling
17849.680686902,24,falling
17849.680686384,23,falling
17849.680749736,23,falling
17849.680750828,24,falling
17849.680787884,24,falling
17849.680795439,24,falling
17849.680802217,24,falling
17849.680920773,23,falling
17849.680927087,23,falling
17849.680933050,23,rising
17849.680947254,23,rising
17849.680951976,23,rising
17849.680956643,23,rising
17849.681381032,24,rising
17849.681385569,24,rising
17849.681391921,24,rising
17849.681396180,24,rising
17849.681407013,24,rising
17849.681412846,24,rising
17849.681417995,24,rising
17849.681442939,24,falling
17849.681447217,24,falling
17849.681452087,24,falling
17849.681473698,24,rising
17849.681484087,24,falling
17849.681491884,24,falling
17849.681496550,24,falling
17849.681501346,24,rising
17849.681506069,24,falling
17849.681515050,24,rising
17849.682818216,23,rising
17849.682841364,23,falling
17849.682846068,23,rising
17849.682851050,23,falling
17849.682855679,23,falling
17849.683234920,23,falling
17849.683235975,24,falling
17849.683239864,23,falling
17849.683248475,23,falling
17849.683249494,24,falling
17849.683253772,23,falling
17849.683370790,24,rising
17849.683384142,24,falling
17849.683628253,24,falling
17849.683633309,24,falling
17849.683638679,24,falling
17849.683685697,23,falling
17849.683686716,24,falling
17849.683701160,23,falling
17849.683702197,24,falling
17849.683746197,24,falling
17849.683751494,24,falling
17849.683756420,24,falling
17849.683762772,24,rising
17849.683766901,24,falling
17849.683787068,24,falling
17849.683809568,24,falling
17849.683958197,24,falling
17849.683962771,24,rising
17849.683968623,24,rising
17849.683975494,24,falling
17849.684363827,23,rising
17849.684368086,23,rising
17849.684371864,23,rising
17849.684377142,23,falling
17849.684409901,23,falling
17849.684509234,24,falling
17849.684573734,23,falling
17849.684574790,24,falling
17849.684588327,23,falling
17849.684589364,24,falling
17849.684594771,23,falling
17849.684595771,24,falling
17849.684635716,24,falling
17849.684639845,23,falling
17849.684644808,23,rising
17849.684649086,24,rising
17849.684653790,24,falling
17849.684666716,24,falling
17849.684696216,24,falling
17849.684704938,24,falling
17849.684709067,24,falling
17849.684733327,24,falling
17849.684887771,24,falling
17849.684935716,24,falling
17849.685001123,24,falling
17849.685010308,24,falling
17849.685017660,24,falling
17849.685023049,24,falling
17849.685082734,24,rising
17849.686420048,23,falling
17849.686441974,23,falling
17849.686540808,23,falling
17849.686551604,23,falling
17849.686556345,23,falling
17849.686563308,23,falling
17849.686568048,23,falling
17849.686572548,23,falling
17849.686578085,23,falling
17849.686589400,23,falling
17849.686597993,23,falling
17849.686602678,23,falling
17849.686607882,23,falling
17849.686612863,23,falling
17849.686619085,23,falling
17849.686626382,23,falling
17849.687302381,24,falling
17849.687311344,24,rising
17849.687315492,24,falling
17849.687804029,23,falling
17849.687984937,23,rising
17849.687993992,23,rising
17849.688004177,23,falling
17849.688126566,24,falling
17849.688161807,23,falling
17849.688184511,23,falling
17849.688195696,23,falling
17849.688399492,23,falling
17849.688627696,23,falling
17849.688631955,23,falling
17849.689067973,23,falling
17849.689076177,23,falling
17849.689481177,23,rising
17849.689912195,24,rising
17849.696324489,23,falling
17849.730674846,23,rising
17849.865200388,23,falling
17849.865206647,23,rising
17849.865221110,23,rising
17849.865226591,23,falling
17849.865239776,23,rising
17849.865250406,23,falling
17849.865256999,23,falling
17849.865261851,23,falling
17849.866971591,24,falling
17849.866976202,24,falling
17849.870308756,23,rising
17849.870606145,24,rising
17849.873265922,23,rising
17849.873270699,23,falling
17849.873275329,23,falling
17849.873280422,23,falling
17849.874742088,23,falling
17849.874743254,24,falling
17849.874751273,24,rising
17849.874755477,24,rising
17849.874814365,24,falling
17849.876293420,23,falling
17849.876797994,23,rising
17849.876810920,23,falling
17849.876815587,23,falling
17849.877221513,23,rising
17849.877740772,24,rising
17849.879771456,23,falling
17849.879781771,23,falling
17849.879791567,23,falling
17849.879929215,23,falling
17849.880683085,24,falling
17849.882652455,24,falling
17849.882885418,23,rising
17849.883345695,24,rising
17849.885340213,23,falling
17849.885345028,23,rising
17849.885355139,23,falling
17849.885979565,24,falling
17849.887041787,23,falling
17849.887048213,23,falling
17849.887056750,23,falling
17849.887063435,23,rising
17849.887068972,23,falling
17849.887073601,23,falling
17849.887078231,23,falling
17849.887082861,23,falling
17849.887298027,23,rising
17849.887302657,23,falling
17849.887511101,23,falling
17849.887516527,23,falling
17849.888086564,23,rising
17849.888806916,24,rising
17849.891520026,23,falling
17849.891525600,23,falling
17849.891535637,23,falling
17849.891542489,23,falling
17849.894081543,24,rising
17849.894189877,24,falling
17849.894202099,24,falling
17849.894223784,24,falling
17849.898414227,23,rising
17849.900148448,24,falling
17849.900160819,24,rising
17849.902538410,23,falling
17849.902543262,23,falling
17849.902548892,23,rising
17849.902553818,23,rising
17849.902559799,23,falling
17849.902564484,23,falling
17849.903899669,24,falling
17849.903994262,23,falling
17849.904005558,23,falling
17849.904674039,23,falling
17849.904890465,23,rising
17849.904895409,23,rising
17849.904906539,23,falling
17849.904913224,23,rising
17849.904935409,23,falling
17849.904941947,23,falling
17849.904946613,23,falling
17849.904951187,23,falling
17849.904961132,23,falling
17849.904966335,23,falling
17849.904971872,23,rising
17849.904976576,23,falling
17849.904984872,23,falling
17849.905173039,23,falling
17849.905234113,23,falling
17849.905238798,23,falling
17849.905685317,23,rising
17849.905756465,24,rising
17849.905761187,24,falling
17849.905767057,24,rising
17849.905771854,24,rising
17849.905776557,24,falling
17849.906766520,24,rising
17849.909329982,23,falling
17849.909481667,24,falling
17849.909710278,24,falling
17849.909722834,24,rising
17849.909728611,24,falling
17849.909734556,24,rising
17849.909754741,24,falling
17849.909759463,24,falling
17849.909768241,24,falling
17849.910617648,24,falling
17849.910985333,23,falling
17849.910992352,23,falling
17849.910993407,24,falling
17849.910997426,23,falling
17849.910998463,24,falling
17849.911005407,23,falling
17849.911006481,24,falling
17849.911244574,24,rising
17849.911251277,24,falling
17849.911807092,24,falling
17849.911829574,24,rising
17849.911838703,24,falling
17849.911891407,23,rising
17849.912242147,24,rising
17849.914097832,23,falling
17849.914852980,24,falling
17849.914857998,24,rising
17849.914869591,24,falling
17849.916144887,23,falling
17849.916146053,24,falling
17849.916482461,23,rising
17849.916483516,24,rising
17849.916488498,23,falling
17849.916489609,24,falling
17849.916494516,23,falling
17849.916495627,24,falling
17849.916500535,23,falling
17849.916501646,24,falling
17849.916506535,23,falling
17849.916507664,24,falling
17849.916515275,23,falling
17849.916516387,24,falling
17849.916535312,24,falling
17849.916540516,24,falling
17849.916545220,24,falling
17849.916549831,24,falling
17849.916554553,24,falling
17849.916561831,24,falling
17849.916753275,23,rising
17849.916825349,24,falling
17849.916848386,24,falling
17849.917138609,24,rising
17849.918721663,23,falling
17849.918727441,23,falling
17849.918732089,23,falling
17849.919454478,24,falling
17849.919689959,24,rising
17849.919694978,24,rising
17849.919705830,23,falling
17849.919706959,24,falling
17849.919711311,24,falling
17849.919716108,24,falling
17849.919722774,24,rising
17849.919727941,24,falling
17849.919732608,24,falling
17849.919744811,24,falling
17849.919752922,24,rising
17849.919757719,23,falling
17849.919758774,24,falling
17849.920426607,24,rising
17849.920431237,24,falling
17849.920436978,24,falling
17849.920456941,24,rising
17849.920463144,24,falling
17849.920475922,24,falling
17849.920480089,24,rising
17849.920485070,24,falling
17849.920534329,24,falling
17849.920538589,24,falling
17849.920676403,23,falling
17849.920677441,24,falling
17849.920681626,23,rising
17849.920682644,24,rising
17849.920686533,23,falling
17849.920691274,23,rising
17849.920691811,24,rising
17849.920696441,23,falling
17849.920697941,24,falling
17849.920701978,23,falling
17849.920708403,23,falling
17849.920709422,24,falling
17849.920713644,23,rising
17849.920714663,24,rising
17849.920718589,23,falling
17849.920719626,24,falling
17849.920727311,23,falling
17849.920734015,24,falling
17849.920732978,23,falling
17849.920919126,23,rising
17849.921124977,24,rising
17849.921130218,24,rising
17849.921137792,24,rising
17849.921145311,24,falling
17849.921171866,24,rising
17849.922568755,23,falling
17849.922573384,23,falling
17849.922834736,23,rising
17849.922839403,23,rising
17849.922845069,23,rising
17849.922853014,23,falling
17849.922857662,23,falling
17849.922863866,23,falling
17849.922868495,23,rising
17849.922873792,23,falling
17849.922878421,23,falling
17849.922883051,23,rising
17849.922888625,23,falling
17849.922893236,23,falling
17849.922907810,23,falling
17849.922912458,23,rising
17849.922920217,23,falling
17849.922932440,23,falling
17849.922940254,23,falling
17849.923071866,23,falling
17849.923447921,24,falling
17849.923991513,24,rising
17849.923996624,24,rising
17849.924005532,23,falling
17849.924015754,24,falling
17849.924025050,24,rising
17849.924029791,24,rising
17849.924034402,24,falling
17849.924039050,24,falling
17849.924046384,24,falling
17849.924051050,24,falling
17849.924055791,24,falling
17849.924064810,24,falling
17849.924109680,24,falling
17849.924224569,24,rising
17849.924229272,24,rising
17849.924233847,24,rising
17849.924238513,24,falling
17849.924268439,23,falling
17849.924269513,24,falling
17849.924275069,23,falling
17849.924277143,24,falling
17849.924283532,24,falling
17849.924349458,24,rising
17849.924355847,24,falling
17849.924361384,24,falling
17849.924373384,24,falling
17849.924658865,24,falling
17849.924674420,24,falling
17849.924749050,23,rising
17849.924818476,24,falling
17849.924826606,24,falling
17849.924843976,24,falling
17849.924856198,24,falling
17849.924863050,24,rising
17849.924875772,24,rising
17849.924897661,24,falling
17849.924906198,24,falling
17849.924910883,24,falling
17849.924915624,24,falling
17849.924920661,24,falling
17849.925117717,24,rising
17849.926286290,23,falling
17849.926830012,24,rising
17849.926834975,24,rising
17849.926839623,24,rising
17849.926844420,24,rising
17849.926857623,24,falling
17849.926864623,24,falling
17849.926869364,24,falling
17849.927642234,24,falling
17849.927647049,24,falling
17849.927663790,24,falling
17849.927733790,23,falling
17849.927743179,23,falling
17849.927815882,24,falling
17849.927946864,23,rising
17849.927951753,23,rising
17849.927956438,23,rising
17849.927961141,23,falling
17849.927965808,23,falling
17849.927970438,23,falling
17849.927991623,24,falling
17849.927997345,24,falling
17849.928011586,24,rising
17849.928016308,24,rising
17849.928020919,24,falling
17849.928028512,24,rising
17849.928033215,24,falling
17849.928037808,24,falling
17849.928048067,24,rising
17849.928053697,24,rising
17849.928058401,24,falling
17849.928063086,24,falling
17849.928067734,24,falling
17849.928080475,24,falling
17849.928090512,24,falling
17849.928100549,24,falling
17849.928105234,24,falling
17849.928120864,23,rising
17849.928166901,24,falling
17849.928171771,24,falling
17849.928191104,24,rising
17849.928195808,24,falling
17849.928205993,24,rising
17849.928210697,24,falling
17849.928240919,24,falling
17849.928256364,24,rising
17849.928261512,24,rising
17849.928266178,24,rising
17849.928270345,24,falling
17849.928276827,24,falling
17849.928287549,24,falling
17849.928292234,24,falling
17849.928316956,24,rising
17849.928322549,24,falling
17849.928481141,24,rising
17849.929651030,23,falling
17849.929828067,23,falling
17849.930060807,24,falling
17849.930065974,24,falling
17849.930309066,24,falling
17849.930429807,24,falling
17849.930590733,24,falling
17849.930595381,24,falling
17849.930600733,24,rising
17849.930605529,24,rising
17849.930611103,24,rising
17849.930615974,24,rising
17849.930620640,24,falling
17849.930625252,24,falling
17849.930630252,24,rising
17849.930634918,24,rising
17849.930646844,24,falling
17849.930651511,24,falling
17849.930656400,24,falling
17849.930661048,24,falling
17849.930713881,24,rising
17849.930718548,24,rising
17849.930723307,24,falling
17849.930728011,24,falling
17849.930823548,24,rising
17849.930854640,24,falling
17849.930859955,24,rising
17849.930864863,24,rising
17849.930870863,24,rising
17849.930905863,24,rising
17849.930913159,24,falling
17849.930970622,24,rising
17849.931032974,24,falling
17849.931057955,23,rising
17849.931064548,23,rising
17849.931065622,24,rising
17849.931069677,23,falling
17849.931070714,24,falling
17849.931074659,23,falling
17849.931075714,24,falling
17849.931147825,24,rising
17849.931196751,24,falling
17849.931227048,24,falling
17849.931231214,24,rising
17849.931238066,24,falling
17849.931246862,24,falling
17849.931252048,24,rising
17849.931255936,24,falling
17849.931304751,23,rising
17849.931305807,24,rising
17849.931319659,24,falling
17849.931327603,24,rising
17849.931340270,24,rising
17849.931350788,24,rising
17849.931366899,24,rising
17849.931373066,24,falling
17849.931378344,24,falling
17849.931382936,24,falling
17849.931391233,24,rising
17849.931405603,24,falling
17849.931415825,24,falling
17849.931437733,24,rising
17849.931445844,24,rising
17849.931450029,24,rising
17849.931455733,24,falling
17849.931464566,24,falling
17849.931471214,24,rising
17849.931478270,24,falling
17849.931491251,24,falling
17849.931497270,24,falling
17849.931519585,24,falling
17849.931622584,24,falling
17849.931627807,24,falling
17849.931635844,24,falling
17849.931641270,24,rising
17849.931652251,24,rising
17849.931656418,24,falling
17849.931661455,24,falling
17849.931665362,24,rising
17849.932737584,23,falling
17849.933048102,24,falling
17849.933395676,24,rising
17849.933404713,24,falling
17849.933409565,24,falling
17849.933418139,24,falling
17849.933422565,24,falling
17849.933509602,23,falling
17849.933525343,23,falling
17849.933530028,23,falling
17849.933883510,24,falling
17849.934042028,24,falling
17849.934086769,24,falling
17849.934094324,24,falling
17849.934176491,24,falling
17849.934197917,24,falling
17849.934205972,24,falling
17849.934212102,24,falling
17849.934210972,23,falling
17849.934216935,23,rising
17849.934221917,24,falling
17849.934227676,24,falling
17849.934226639,23,falling
17849.934287046,24,falling
17849.934381213,24,falling
17849.934385880,23,rising
17849.934400398,24,rising
17849.934448454,24,falling
17849.934453139,24,falling
17849.934668731,24,rising
17849.935757083,23,falling
17849.936078805,24,falling
17849.936782897,24,falling
17849.936787749,24,falling
17849.936813286,24,falling
17849.936820323,24,rising
17849.936824990,24,falling
17849.936832397,24,rising
17849.936857064,24,rising
17849.936863027,24,falling
17849.936927749,24,falling
17849.936933175,24,falling
17849.936938119,24,falling
17849.936970360,24,falling
17849.937110638,23,falling
17849.937111656,24,falling
17849.937129712,24,falling
17849.937137286,24,falling
17849.937142119,24,falling
17849.937153749,24,falling
17849.937181379,24,falling
17849.937186156,24,falling
17849.937191305,24,falling
17849.937195990,24,rising
17849.937200731,24,falling
17849.937212434,24,rising
17849.937243916,24,rising
17849.937249916,24,falling
17849.937254730,23,falling
17849.937255730,24,falling
17849.937260397,23,rising
17849.937261027,24,rising
17849.937265934,23,falling
17849.937266990,24,falling
17849.937272175,23,falling
17849.937285397,23,rising
17849.937305305,24,falling
17849.937328545,24,falling
17849.937334638,24,falling
17849.937338527,24,rising
17849.937349490,24,falling
17849.937354286,24,falling
17849.937362656,24,falling
17849.937374916,24,falling
17849.937380601,24,rising
17849.937416360,24,falling
17849.937430397,24,falling
17849.937640230,24,rising
17849.938964748,23,falling
17849.939452619,24,falling
17849.939500507,24,falling
17849.939505322,24,falling
17849.939651026,24,rising
17849.939649581,23,rising
17849.939663989,24,falling
17849.939663359,23,falling
17849.939668655,23,rising
17849.939669026,24,rising
17849.939740359,23,falling
17849.939741118,24,falling
17849.939804674,24,rising
17849.939809711,24,rising
17849.939817359,24,rising
17849.939803896,23,rising
17849.939828674,24,rising
17849.939836470,24,falling
17849.939827285,23,rising
17849.939834359,23,rising
17849.939850822,23,falling
17849.939852174,24,falling
17849.939857155,23,falling
17849.939858192,24,falling
17849.939862359,23,rising
17849.939863396,24,falling
17849.939868600,23,falling
17849.939869563,24,falling
17849.939879729,23,falling
17849.939880804,24,falling
17849.939885896,23,falling
17849.939888118,24,rising
17849.939893192,23,falling
17849.939894767,24,falling
17849.939900267,23,falling
17849.939901378,24,falling
17849.940042007,23,falling
17849.940043174,24,falling
17849.940073303,23,falling
17849.940074378,24,falling
17849.940303933,23,rising
17849.940305026,24,rising
17849.940318748,23,falling
17849.940319859,24,falling
17849.940429081,23,falling
17849.940430192,24,falling
17849.940441748,23,falling
17849.940442859,24,rising
17849.940447785,23,rising
17849.940448896,24,rising
17849.940454359,23,falling
17849.940455489,24,falling
17849.940550433,23,falling
17849.940551563,24,falling
17849.940556451,23,falling
17849.940615914,23,rising
17849.940672285,24,rising
17849.940677025,24,falling
17849.940681618,24,rising
17849.940689637,24,rising
17849.940694248,24,falling
17849.940699192,24,falling
17849.940707470,24,falling
17849.940712174,24,falling
17849.940856822,24,rising
17849.940868285,24,falling
17849.940876396,24,rising
17849.940881174,24,rising
17849.940914377,24,falling
17849.940919081,24,falling
17849.940973044,24,falling
17849.941013748,24,rising
17849.941019488,24,falling
17849.941122470,24,rising
17849.942151951,23,rising
17849.942156414,23,rising
17849.942160525,23,rising
17849.942166932,23,falling
17849.942171525,23,falling
17849.942177562,23,falling
17849.942204655,23,rising
17849.942210377,23,rising
17849.942215395,23,rising
17849.942220043,23,falling
17849.942226303,23,falling
17849.942230988,23,falling
17849.942239840,23,rising
17849.942251395,23,falling
17849.942257062,23,falling
17849.942264729,23,falling
17849.942647914,23,falling
17849.942652654,23,falling
17849.942657321,23,falling
17849.942909617,24,rising
17849.942917617,24,falling
17849.942924728,24,falling
17849.943325432,23,falling
17849.943326543,24,falling
17849.943335043,23,falling
17849.943336080,24,falling
17849.943344950,23,falling
17849.943345987,24,falling
17849.943650006,23,rising
17849.943651358,24,falling
17849.943656080,23,rising
17849.943657117,24,rising
17849.943661135,23,falling
17849.943666506,23,falling
17849.943671265,23,falling
17849.943671876,24,falling
17849.944356783,23,rising
17849.944556580,24,falling
17849.944562468,24,rising
17849.944571061,24,falling
17849.944579728,24,falling
17849.944586931,24,falling
17849.944811765,24,rising
17849.946401320,23,falling
17849.946413431,23,falling
17849.946418079,23,falling
17849.946427060,23,falling
17849.946439875,23,rising
17849.946444579,23,rising
17849.946449245,23,falling
17849.946456245,23,falling
17849.946465208,23,falling
17849.946469857,23,falling
17849.946474486,23,falling
17849.946480708,23,falling
17849.946497523,23,falling
17849.946502079,23,falling
17849.946516875,23,falling
17849.946521431,23,falling
17849.946526023,23,falling
17849.947240356,24,falling
17849.947940004,23,falling
17849.947941115,24,falling
17849.948056875,23,falling
17849.948057949,24,falling
17849.948064449,23,falling
17849.948070115,24,falling
17849.948069597,23,falling
17849.948599967,23,falling
17849.948601041,24,falling
17849.948605300,23,falling
17849.948606337,24,falling
17849.948610393,23,falling
17849.948611430,24,falling
17849.948618522,23,falling
17849.948619559,24,falling
17849.948623374,23,falling
17849.948642911,23,falling
17849.948643930,24,falling
17849.948651263,23,falling
17849.948652319,24,falling
17849.949396207,23,rising
17849.949779559,24,rising
17849.952759058,23,falling
17849.955370594,24,falling
17849.955378483,24,falling
17849.962352480,23,rising
17849.964832516,24,rising
17850.114076626,23,falling
17850.114081145,23,falling
17850.114085293,23,falling
17850.115459163,24,falling
17850.118637698,23,rising
17850.119418846,24,rising
17850.122359104,23,falling
17850.122370697,23,falling
17850.123417882,24,falling
17850.123431363,24,rising
17850.123435197,24,rising
17850.123440734,24,falling
17850.123444937,24,falling
17850.123448845,24,falling
17850.123465660,24,falling
17850.123478641,24,falling
17850.123482771,24,falling
17850.126742677,23,rising
17850.127981602,24,rising
17850.131801249,23,falling
17850.133341285,24,falling
17850.133346100,24,falling
17850.133353193,24,falling
17850.133765119,23,rising
17850.133766156,24,rising
17850.133773785,23,falling
17850.133774804,24,falling
17850.133792119,23,falling
17850.133793174,24,falling
17850.133797359,23,falling
17850.133798415,24,falling
17850.133802433,23,falling
17850.133807693,24,falling
17850.133812859,23,falling
17850.133813211,24,falling
17850.135782081,23,falling
17850.135783414,24,falling
17850.135789914,23,falling
17850.135805692,23,falling
17850.135810636,23,falling
17850.135806025,24,rising
17850.135817340,23,falling
17850.135825396,23,falling
17850.135827433,24,falling
17850.135943692,23,rising
17850.136135414,24,falling
17850.136146581,24,falling
17850.136155266,24,falling
17850.136177895,24,falling
17850.136182044,24,falling
17850.136186803,24,falling
17850.136248784,24,falling
17850.136260599,24,rising
17850.136269951,24,falling
17850.136274210,24,falling
17850.136278988,24,falling
17850.136283729,24,falling
17850.136311395,24,falling
17850.136315543,24,falling
17850.136340321,24,falling
17850.136366766,24,falling
17850.136378673,24,falling
17850.136382858,24,falling
17850.136392155,24,falling
17850.136398414,24,falling
17850.136406506,24,rising
17850.136415266,24,falling
17850.136420432,24,falling
17850.136425173,24,falling
17850.136431043,24,falling
17850.136435414,24,falling
17850.136441451,24,falling
17850.136445618,24,falling
17850.136463099,24,falling
17850.137110654,24,rising
17850.137114525,24,rising
17850.139204061,23,falling
17850.139222542,23,falling
17850.139229339,23,falling
17850.139236228,23,falling
17850.139244339,23,falling
17850.139249598,23,falling
17850.139788413,23,falling
17850.139793338,23,falling
17850.139798542,23,falling
17850.139803227,23,rising
17850.139808487,23,falling
17850.139814913,23,falling
17850.139827505,23,falling
17850.139840375,23,falling
17850.139950209,23,rising
17850.139958061,23,falling
17850.139968116,23,falling
17850.140334357,23,falling
17850.140339449,23,rising
17850.140344672,23,falling
17850.140345709,24,falling
17850.140351968,23,falling
17850.140353023,24,falling
17850.140358838,23,falling
17850.140363523,23,falling
17850.140359912,24,falling
17850.140368283,23,falling
17850.140369301,24,falling
17850.140373246,23,falling
17850.140374283,24,falling
17850.140396079,23,falling
17850.140397097,24,falling
17850.140403190,23,rising
17850.140404190,24,rising
17850.140408986,23,falling
17850.140415560,23,falling
17850.140420079,23,falling
17850.140420820,24,rising
17850.140425283,23,falling
17850.140426301,24,falling
17850.140430116,23,falling
17850.140441986,23,falling
17850.140442338,24,falling
17850.140460246,23,falling
17850.140461283,24,falling
17850.140465560,23,falling
17850.140466579,24,falling
17850.140499394,23,rising
17850.140500431,24,rising
17850.140504672,23,falling
17850.140505690,24,rising
17850.140509634,23,falling
17850.140510653,24,falling
17850.140530875,23,falling
17850.140531894,24,falling
17850.140536134,23,falling
17850.140537190,24,falling
17850.140541079,23,falling
17850.140626468,23,falling
17850.140627486,24,falling
17850.140631727,23,falling
17850.140632746,24,falling
17850.140821338,23,falling
17850.140822412,24,falling
17850.140830190,23,falling
17850.140831208,24,falling
17850.140840208,23,falling
17850.140847634,23,rising
17850.140848931,24,rising
17850.140856431,23,rising
17850.140863597,23,falling
17850.140870986,23,falling
17850.140857801,24,falling
17850.140866097,24,falling
17850.140888320,23,rising
17850.140889727,24,falling
17850.140894486,23,falling
17850.140895597,24,falling
17850.140905449,23,falling
17850.140906542,24,falling
17850.140914894,23,falling
17850.140916005,24,falling
17850.140940023,23,falling
17850.140941134,24,rising
17850.140946134,23,falling
17850.140947245,24,falling
17850.141009782,23,falling
17850.141010912,24,falling
17850.141015208,23,falling
17850.141016301,24,falling
17850.141021412,23,falling
17850.141022523,24,falling
17850.141140134,23,falling
17850.141141264,24,falling
17850.141148394,23,falling
17850.141149727,24,falling
17850.141165616,23,falling
17850.141166968,24,falling
17850.141172412,23,falling
17850.141266005,23,falling
17850.141267208,24,rising
17850.141272671,23,falling
17850.141273727,24,rising
17850.141278579,23,rising
17850.141279616,24,rising
17850.141288893,23,falling
17850.141289930,24,rising
17850.141296690,23,rising
17850.141297819,24,falling
17850.141303245,23,rising
17850.141304375,24,rising
17850.141309968,23,rising
17850.141311023,24,falling
17850.141316116,23,rising
17850.141323856,24,rising
17850.141323375,23,rising
17850.141327671,23,falling
17850.141329153,24,rising
17850.141334079,23,falling
17850.141335190,24,falling
17850.141340301,23,rising
17850.141344912,23,falling
17850.141345412,24,rising
17850.141350134,23,falling
17850.141351264,24,rising
17850.141356134,23,falling
17850.141357245,24,rising
17850.141362134,23,falling
17850.141363208,24,falling
17850.141370597,23,falling
17850.141371727,24,falling
17850.141385097,23,falling
17850.141386227,24,falling
17850.141406467,23,falling
17850.141407634,24,falling
17850.141494727,23,falling
17850.141495912,24,falling
17850.141503190,23,falling
17850.141504375,24,falling
17850.141510597,23,falling
17850.141511727,24,falling
17850.141519227,23,rising
17850.141520338,24,rising
17850.141525264,23,falling
17850.141526375,24,rising
17850.141531245,23,rising
17850.141532301,24,rising
17850.141545245,23,rising
17850.141546356,24,rising
17850.141558634,23,falling
17850.141559690,24,falling
17850.141565097,23,falling
17850.141566208,24,falling
17850.141697245,23,falling
17850.141698375,24,falling
17850.141705338,23,falling
17850.141706467,24,falling
17850.141713097,23,rising
17850.141714190,24,rising
17850.141722819,23,falling
17850.141723856,24,falling
17850.141730153,23,rising
17850.141731208,24,rising
17850.141740727,23,rising
17850.141741838,24,rising
17850.141746745,23,falling
17850.141747856,24,rising
17850.141752708,23,falling
17850.141753819,24,rising
17850.141758745,23,rising
17850.141759838,24,rising
17850.141769060,23,rising
17850.141770171,24,rising
17850.141785227,23,falling
17850.141786301,24,falling
17850.141813727,23,falling
17850.141814838,24,falling
17850.141819727,23,falling
17850.141830541,23,falling
17850.141831653,24,falling
17850.141836523,23,falling
17850.141837653,24,rising
17850.141842690,23,falling
17850.141843819,24,falling
17850.141848690,23,falling
17850.141849801,24,falling
17850.141948097,23,rising
17850.141949208,24,falling
17850.141954134,23,falling
17850.141955245,24,falling
17850.141960097,23,falling
17850.141968764,23,falling
17850.141969875,24,rising
17850.141974745,23,falling
17850.141975838,24,falling
17850.141980764,23,rising
17850.141985393,23,falling
17850.141986486,24,falling
17850.142007597,23,falling
17850.142008727,24,falling
17850.142014708,23,falling
17850.142015819,24,falling
17850.142020727,23,rising
17850.142021856,24,rising
17850.142029245,23,falling
17850.142030338,24,falling
17850.142035227,23,rising
17850.142036338,24,rising
17850.142047671,24,falling
17850.142068856,23,rising
17850.142087189,24,falling
17850.142101838,24,falling
17850.142230801,24,falling
17850.142237671,24,rising
17850.142242338,24,falling
17850.142255115,24,falling
17850.142314634,24,falling
17850.142319338,24,falling
17850.142327912,24,falling
17850.142337615,24,rising
17850.142342319,24,falling
17850.142396412,24,falling
17850.142401097,24,falling
17850.142408949,24,falling
17850.142423597,24,falling
17850.142428319,24,falling
17850.142444837,24,rising
17850.142449726,24,rising
17850.142457763,24,falling
17850.142468523,24,falling
17850.142476837,24,falling
17850.142510560,24,rising
17850.142515856,24,rising
17850.142522652,24,rising
17850.142537208,24,rising
17850.142542041,24,falling
17850.142549504,24,falling
17850.142557337,24,rising
17850.142571819,24,falling
17850.142581634,24,falling
17850.142585430,24,falling
17850.142591208,24,rising
17850.142630430,24,falling
17850.142638245,24,falling
17850.142648356,24,rising
17850.142653060,24,falling
17850.142660134,24,falling
17850.142670374,24,falling
17850.142803745,24,falling
17850.142812060,24,falling
17850.142885560,24,falling
17850.142890263,24,falling
17850.142895504,24,falling
17850.142900078,24,falling
17850.142910837,24,falling
17850.142923226,24,falling
17850.142932300,24,falling
17850.143037374,24,rising
17850.143054467,24,rising
17850.143106578,24,falling
17850.143111245,24,falling
17850.143116467,24,falling
17850.143121282,24,falling
17850.143125893,24,falling
17850.143130559,24,falling
17850.143136504,24,falling
17850.143141226,24,falling
17850.143145911,24,falling
17850.143152633,24,falling
17850.143160874,24,falling
17850.143165541,24,falling
17850.143170208,24,falling
17850.143175096,24,falling
17850.143179819,24,rising
17850.145375799,23,rising
17850.145380633,23,falling
17850.145386151,23,rising
17850.145390836,23,rising
17850.145395429,23,rising
17850.145405818,23,falling
17850.145410466,23,falling
17850.145762410,24,falling
17850.145772244,24,falling
17850.145966040,24,falling
17850.145970781,24,falling
17850.146174595,23,falling
17850.146180966,23,falling
17850.146232521,23,falling
17850.146237410,23,falling
17850.146249780,23,rising
17850.146254466,23,falling
17850.146657188,23,rising
17850.146663465,23,falling
17850.146668169,23,falling
17850.146672928,23,falling
17850.146676910,23,falling
17850.146683965,23,falling
17850.146720891,23,falling
17850.146725521,23,falling
17850.146738317,23,falling
17850.146746114,23,falling
17850.146755965,23,falling
17850.147287243,23,falling
17850.147299113,23,falling
17850.147622521,23,rising
17850.148234076,24,rising
17850.149632520,23,falling
17850.149657168,23,falling
17850.149662520,23,falling
17850.149667279,23,falling
17850.149673168,23,falling
17850.149698372,23,falling
17850.149703631,23,falling
17850.149721483,23,rising
17850.149726112,23,falling
17850.149731575,23,falling
17850.149775353,23,falling
17850.149784668,23,rising
17850.149789316,23,rising
17850.149793909,23,falling
17850.149830372,23,falling
17850.150029501,23,falling
17850.150528131,23,falling
17850.150612779,23,falling
17850.150652445,24,falling
17850.150656686,24,falling
17850.150660631,24,falling
17850.150665982,24,falling
17850.150670686,24,falling
17850.150676482,24,falling
17850.150732223,23,falling
17850.150736482,23,falling
17850.150742297,23,rising
17850.150746445,23,rising
17850.150753149,23,rising
17850.150757297,23,falling
17850.150762131,23,falling
17850.150768223,23,falling
17850.151262334,23,falling
17850.151268575,23,falling
17850.151289260,23,falling
17850.151299353,23,falling
17850.151308334,23,falling
17850.151313501,23,falling
17850.151320927,23,falling
17850.151326204,23,falling
17850.151331353,23,rising
17850.151339741,23,falling
17850.151350223,23,falling
17850.151561519,23,rising
17850.151570927,23,falling
17850.151576223,23,falling
17850.151584334,23,falling
17850.151588575,23,falling
17850.151605334,23,falling
17850.152215278,23,rising
17850.152697871,24,falling
17850.152702371,24,falling
17850.152769463,24,rising
17850.154120333,23,falling
17850.154132870,23,falling
17850.154142759,23,rising
17850.154147926,23,falling
17850.154720999,23,falling
17850.155048518,24,falling
17850.155066314,24,falling
17850.155104407,23,rising
17850.155108703,23,falling
17850.155321999,23,rising
17850.155329166,23,falling
17850.155333296,23,rising
17850.155342055,23,falling
17850.155394055,23,falling
17850.155648295,23,falling
17850.155707073,23,falling
17850.155713573,23,falling
17850.155719351,23,falling
17850.155728981,23,falling
17850.155733147,23,falling
17850.155741055,23,falling
17850.155899610,23,falling
17850.156412351,24,falling
17850.156594777,23,rising
17850.156930647,24,rising
17850.158232202,23,falling
17850.158237350,23,falling
17850.158702665,23,rising
17850.158709794,23,falling
17850.158719257,23,falling
17850.158866516,23,falling
17850.158878090,23,falling
17850.158894868,23,falling
17850.158901442,23,falling
17850.158912887,23,falling
17850.158917720,23,falling
17850.158932905,23,falling
17850.158939405,23,falling
17850.158947276,23,falling
17850.158953035,23,falling
17850.159141516,24,falling
17850.159145979,24,falling
17850.159151090,24,falling
17850.159265257,23,falling
17850.159271516,23,falling
17850.159382794,23,falling
17850.159389961,23,rising
17850.159405553,23,rising
17850.159410683,23,falling
17850.159424146,23,rising
17850.159429664,23,falling
17850.159436201,23,falling
17850.159440868,23,falling
17850.159894090,23,rising
17850.159924479,23,falling
17850.159929812,23,rising
17850.159933886,23,rising
17850.159954794,23,falling
17850.160061331,24,falling
17850.160066479,24,falling
17850.160074127,24,falling
17850.160079683,24,falling
17850.160084368,24,falling
17850.160259090,23,falling
17850.160296145,24,falling
17850.160508534,23,rising
17850.160880145,24,falling
17850.160937108,24,rising
17850.162145923,23,falling
17850.162150848,23,rising
17850.162156830,23,falling
17850.162161478,23,falling
17850.162165515,23,falling
17850.162209404,23,falling
17850.162214423,23,falling
17850.162224071,23,falling
17850.162229478,23,falling
17850.162236441,23,falling
17850.162726811,24,falling
17850.162731589,24,falling
17850.162740126,23,falling
17850.162784959,23,rising
17850.162789867,23,falling
17850.162794515,23,falling
17850.162799163,23,falling
17850.162803774,23,falling
17850.162812256,23,falling
17850.162816867,23,falling
17850.162839367,23,falling
17850.162994719,23,falling
17850.163001293,23,falling
17850.163310126,23,falling
17850.163320533,23,rising
17850.163328496,23,rising
17850.163333181,23,falling
17850.163337811,23,falling
17850.163349644,23,rising
17850.163354829,23,rising
17850.163360126,23,falling
17850.163364774,23,falling
17850.163396181,23,falling
17850.163400811,23,falling
17850.163405441,23,falling
17850.163471052,23,falling
17850.163475700,23,rising
17850.163503311,23,rising
17850.163515181,23,rising
17850.163536163,23,falling
17850.163547070,23,falling
17850.163558385,23,falling
17850.163616978,23,falling
17850.164168070,23,rising
17850.164509699,24,rising
17850.165732514,23,rising
17850.165765884,23,falling
17850.165780180,23,falling
17850.165789884,23,falling
17850.165998180,23,falling
17850.166122995,24,falling
17850.166128310,24,falling
17850.166144384,23,falling
17850.166149051,23,falling
17850.166155440,23,falling
17850.166156532,24,falling
17850.166242680,24,falling
17850.166808995,23,falling
17850.166813921,23,falling
17850.166818587,23,rising
17850.166824402,23,rising
17850.166851143,23,falling
17850.166970643,23,rising
17850.166975310,23,falling
17850.166989106,23,rising
17850.167022698,23,rising
17850.167027124,23,falling
17850.167031180,23,falling
17850.167036569,23,falling
17850.167041217,23,falling
17850.167046421,23,rising
17850.167051254,23,falling
17850.167055680,23,falling
17850.167065773,23,falling
17850.167070402,23,falling
17850.167075180,23,rising
17850.167082458,23,falling
17850.167087087,23,falling
17850.167091698,23,falling
17850.167098161,23,falling
17850.167102791,23,falling
17850.167107365,23,falling
17850.167113810,23,falling
17850.167121717,23,falling
17850.167128624,23,falling
17850.167136828,23,falling
17850.167167921,23,falling
17850.167172550,23,falling
17850.167507272,23,rising
17850.167519513,24,falling
17850.167672309,24,falling
17850.167893828,24,rising
17850.169030827,23,rising
17850.169038013,23,falling
17850.169042679,23,rising
17850.169048901,23,falling
17850.169053550,23,falling
17850.169059161,23,rising
17850.169065012,23,falling
17850.169077068,23,falling
17850.169371920,23,falling
17850.169377068,23,falling
17850.169381790,23,falling
17850.169433901,24,falling
17850.169955123,23,falling
17850.169962253,23,falling
17850.169967160,23,falling
17850.169974642,23,falling
17850.169979327,23,falling
17850.169984031,23,falling
17850.170053734,23,falling
17850.170162827,23,rising
17850.170168882,23,rising
17850.170173531,23,rising
17850.170199753,23,rising
17850.170206568,23,falling
17850.170667938,23,rising
17850.170686623,23,falling
17850.170691327,23,rising
17850.170695993,23,falling
17850.170701753,23,rising
17850.170719438,23,falling
17850.170739401,24,falling
17850.170748530,24,falling
17850.170753401,24,falling
17850.170759808,24,falling
17850.170845827,23,rising
17850.170880123,24,falling
17850.170893345,24,rising
17850.170901197,24,rising
17850.170905734,24,falling
17850.170923753,24,falling
17850.170929549,24,falling
17850.170935660,24,rising
17850.170941290,24,falling
17850.170945493,24,rising
17850.170966456,24,rising
17850.170974215,24,falling
17850.170980512,24,falling
17850.171245030,24,rising
17850.172441400,23,rising
17850.172447437,23,falling
17850.172452122,23,falling
17850.172457048,23,falling
17850.172503122,23,falling
17850.172507733,23,falling
17850.172843974,24,falling
17850.172850789,24,falling
17850.173225733,23,falling
17850.173233715,23,falling
17850.173244344,23,rising
17850.173251400,23,rising
17850.173255622,23,rising
17850.173259641,23,falling
17850.173694974,23,rising
17850.173700622,23,rising
17850.173707696,23,rising
17850.173715548,23,falling
17850.173722066,23,rising
17850.173734881,23,rising
17850.173742159,23,rising
17850.173788344,23,rising
17850.173794233,23,falling
17850.173802085,23,falling
17850.173830196,23,rising
17850.173838992,23,falling
17850.173844233,23,falling
17850.173848844,23,falling
17850.173853733,23,rising
17850.173858955,23,falling
17850.173868307,23,falling
17850.173874122,23,falling
17850.173985733,23,falling
17850.173990955,23,rising
17850.173995344,23,falling
17850.174013955,23,falling
17850.174158751,23,rising
17850.174167436,23,falling
17850.174176751,23,falling
17850.174183529,23,falling
17850.174253659,24,falling
17850.174310455,23,rising
17850.174323048,24,falling
17850.174690381,24,falling
17850.174694955,24,falling
17850.174719121,24,rising
17850.176422843,23,falling
17850.177004417,24,falling
17850.177012621,24,falling
17850.177965676,24,falling
17850.178135379,24,falling
17850.178649750,23,falling
17850.178655879,23,falling
17850.178790379,23,falling
17850.178825564,23,falling
17850.178834305,23,rising
17850.179413453,24,rising
17850.180850138,23,falling
17850.180860693,23,falling
17850.180908304,23,falling
17850.182520230,24,rising
17850.182526452,24,falling
17850.185126340,24,falling
17850.185138914,23,rising
17850.185140006,24,rising
17850.185147210,24,rising
17850.185157932,24,falling
17850.185163062,24,rising
17850.185178840,24,rising
17850.185183895,24,falling
17850.185736025,24,rising
17850.189676227,23,falling
17850.189681116,23,rising
17850.189685134,23,falling
17850.189695116,23,falling
17850.189704338,23,falling
17850.189713338,23,falling
17850.192221152,24,falling
17850.200861500,23,rising
17850.201084315,24,rising
17850.367041993,23,falling
17850.369232288,24,falling
17850.373193583,24,falling
17850.373198324,24,falling
17850.373223620,24,falling
17850.373254268,24,falling
17850.373268379,24,falling
17850.373274398,24,rising
17850.373280138,24,falling
17850.373292212,24,falling
17850.373296935,24,rising
17850.373301898,24,rising
17850.373316953,24,falling
17850.373434472,23,rising
17850.373780083,24,rising
17850.378643414,23,falling
17850.379870877,24,falling
17850.385046060,24,falling
17850.385054319,24,falling
17850.385058578,24,falling
17850.385137671,23,rising
17850.385785467,24,rising
17850.390582484,23,falling
17850.391763816,24,falling
17850.391768039,24,falling
17850.391774761,24,rising
17850.391782187,24,falling
17850.391786316,24,falling
17850.394421723,24,falling
17850.394441501,24,falling
17850.394445815,24,falling
17850.394454482,24,falling
17850.395016760,24,rising
17850.395043852,24,rising
17850.395052982,24,falling
17850.395059204,24,falling
17850.395064389,24,falling
17850.395074667,24,falling
17850.395085463,24,falling
17850.395089630,24,falling
17850.395095945,24,rising
17850.395100149,24,falling
17850.395106149,24,rising
17850.395110334,24,rising
17850.395115130,24,rising
17850.395121778,24,rising
17850.395135537,24,falling
17850.395141982,24,falling
17850.395146223,24,falling
17850.395155167,24,rising
17850.395159649,24,falling
17850.395166500,24,falling
17850.395170649,24,falling
17850.395176297,24,falling
17850.395186797,24,falling
17850.395214649,24,falling
17850.395611519,24,falling
17850.395616556,24,falling
17850.395622130,24,falling
17850.395634334,24,falling
17850.395644574,24,falling
17850.395648759,24,falling
17850.395662667,23,rising
17850.395691315,24,falling
17850.395697759,24,falling
17850.395728167,24,falling
17850.396540241,24,rising
17850.400047461,23,rising
17850.400065406,23,rising
17850.400069721,23,rising
17850.400075517,23,falling
17850.400079924,23,falling
17850.400088184,23,falling
17850.400097980,23,falling
17850.400104165,23,falling
17850.400109443,23,falling
17850.401110406,24,falling
17850.403122497,24,falling
17850.403126423,24,falling
17850.403649516,24,falling
17850.403658293,24,falling
17850.403664719,24,falling
17850.404548571,23,rising
17850.404813645,24,falling
17850.404854960,24,falling
17850.404860663,24,falling
17850.404872793,24,falling
17850.404884719,24,falling
17850.405486774,24,falling
17850.405503385,24,rising
17850.408422643,23,falling
17850.409637921,24,falling
17850.409686736,24,falling
17850.410231495,24,falling
17850.411486087,24,falling
17850.411508068,24,falling
17850.411628976,24,falling
17850.411637939,24,falling
17850.411642624,24,falling
17850.411652716,24,falling
17850.411657846,24,falling
17850.411669253,24,falling
17850.411686439,24,falling
17850.411695809,24,rising
17850.411700494,24,falling
17850.411706642,24,falling
17850.411711290,24,falling
17850.411718216,24,falling
17850.411727383,24,rising
17850.411732050,24,falling
17850.411737327,24,falling
17850.411750105,24,falling
17850.411754327,24,falling
17850.411760142,24,falling
17850.411766253,24,rising
17850.411772679,24,falling
17850.411777901,24,falling
17850.411783679,24,rising
17850.411788901,24,falling
17850.411799383,24,falling
17850.411806809,24,falling
17850.411810976,24,falling
17850.411819753,24,falling
17850.411834401,24,falling
17850.411942550,23,rising
17850.411947809,23,falling
17850.411955105,23,falling
17850.411959513,23,rising
17850.411972975,23,falling
17850.411979012,23,rising
17850.411983142,23,falling
17850.411987957,23,falling
17850.411997698,23,rising
17850.412001864,23,rising
17850.412042198,23,falling
17850.412056698,23,rising
17850.412093679,24,falling
17850.412118938,24,falling
17850.412147216,24,falling
17850.412164124,24,falling
17850.412181605,24,rising
17850.412186272,24,falling
17850.412205661,24,falling
17850.412216420,24,rising
17850.412221105,24,rising
17850.412225753,24,falling
17850.412388568,24,falling
17850.412396475,24,falling
17850.413082105,24,rising
17850.415889733,23,rising
17850.415894937,23,falling
17850.416017585,23,falling
17850.416026437,23,falling
17850.416165974,23,falling
17850.416454122,24,rising
17850.416458603,24,falling
17850.416463140,24,falling
17850.416583566,24,rising
17850.416582807,23,falling
17850.416588548,24,falling
17850.416588196,23,falling
17850.416593603,24,falling
17850.416593233,23,falling
17850.417358862,23,falling
17850.417359770,24,falling
17850.417366881,24,falling
17850.417371566,23,falling
17850.417378251,24,falling
17850.417377881,23,falling
17850.417395585,24,rising
17850.417394881,23,rising
17850.417400547,24,falling
17850.417400214,23,falling
17850.417405566,24,falling
17850.417410510,24,falling
17850.417414862,23,falling
17850.417415214,24,falling
17850.417423862,24,falling
17850.417423103,23,falling
17850.417428492,23,falling
17850.417428825,24,rising
17850.417434010,24,falling
17850.417433640,23,rising
17850.417439047,24,falling
17850.417438677,23,falling
17850.417444029,24,falling
17850.417448622,23,falling
17850.417448992,24,falling
17850.418352751,23,falling
17850.418353751,24,falling
17850.418365473,23,falling
17850.418366269,24,falling
17850.418381714,23,falling
17850.418382473,24,falling
17850.418390677,24,falling
17850.418389936,23,falling
17850.418395603,24,falling
17850.418395251,23,falling
17850.418400584,24,falling
17850.418400232,23,rising
17850.418406510,24,falling
17850.418411436,24,falling
17850.418415714,23,falling
17850.418416066,24,falling
17850.418535417,23,rising
17850.418725399,24,falling
17850.418730158,24,rising
17850.418735917,24,falling
17850.418744714,24,rising
17850.418749658,24,falling
17850.418778769,24,rising
17850.418790417,24,rising
17850.418795102,24,rising
17850.418799751,24,rising
17850.418804343,24,falling
17850.418808991,24,rising
17850.418813695,24,rising
17850.418818491,24,falling
17850.419087010,24,falling
17850.419109676,24,falling
17850.419114343,24,falling
17850.419128936,24,rising
17850.420787824,23,falling
17850.420795991,23,falling
17850.421072416,23,rising
17850.421077842,23,falling
17850.421087342,23,falling
17850.421113231,23,falling
17850.421120120,23,rising
17850.421124250,23,falling
17850.421168009,23,falling
17850.421178102,23,falling
17850.421185342,23,falling
17850.421219102,23,falling
17850.421286972,23,falling
17850.421312472,23,rising
17850.421317361,23,falling
17850.421325898,23,falling
17850.421568750,23,falling
17850.421592435,23,falling
17850.421605990,23,falling
17850.421670157,24,falling
17850.421787916,23,falling
17850.421789064,24,falling
17850.421794101,23,falling
17850.421795231,24,rising
17850.421800064,23,falling
17850.421801101,24,falling
17850.421813712,23,falling
17850.421815083,24,falling
17850.421945027,23,falling
17850.421946120,24,falling
17850.422253009,23,falling
17850.422254453,24,falling
17850.422310675,23,rising
17850.422312212,24,falling
17850.422316916,23,falling
17850.422318009,24,falling
17850.422323323,23,falling
17850.422324397,24,falling
17850.422359379,23,falling
17850.422360527,24,falling
17850.422384305,23,falling
17850.422385453,24,rising
17850.422390490,23,falling
17850.422391620,24,falling
17850.422396434,23,falling
17850.422397564,24,falling
17850.422402397,23,falling
17850.422407120,23,falling
17850.422408175,24,falling
17850.422433249,23,falling
17850.422434360,24,falling
17850.422439527,23,falling
17850.422440638,24,falling
17850.422460323,23,falling
17850.422461453,24,falling
17850.422468138,23,falling
17850.422469249,24,rising
17850.422474138,23,falling
17850.422475194,24,falling
17850.422484360,23,falling
17850.422485712,24,falling
17850.422514768,23,falling
17850.422516212,24,falling
17850.422521101,23,falling
17850.422522879,24,falling
17850.422527897,23,falling
17850.422528971,24,rising
17850.422533879,23,falling
17850.422535008,24,falling
17850.422539879,23,falling
17850.422547823,23,falling
17850.422548416,24,falling
17850.422553546,23,rising
17850.422554601,24,falling
17850.422569249,23,rising
17850.422586027,24,falling
17850.422585601,23,falling
17850.422600620,23,falling
17850.422601694,24,falling
17850.422608212,23,falling
17850.422609342,24,falling
17850.422644934,23,falling
17850.422646045,24,falling
17850.422654083,23,rising
17850.422655138,24,rising
17850.422659323,23,falling
17850.422659805,24,falling
17850.422663897,23,falling
17850.422664916,24,falling
17850.422668786,23,falling
17850.422669805,24,falling
17850.422701731,23,rising
17850.422702749,24,rising
17850.422711860,23,rising
17850.422712879,24,falling
17850.422717082,23,rising
17850.422718082,24,rising
17850.422721990,23,falling
17850.422727416,23,falling
17850.422732268,23,falling
17850.422727953,24,falling
17850.422738916,23,rising
17850.422739934,24,rising
17850.422745897,23,rising
17850.422750471,23,rising
17850.422756286,24,falling
17850.422755749,23,falling
17850.422775249,23,rising
17850.422776286,24,rising
17850.422780934,23,rising
17850.422786119,23,rising
17850.422787175,24,rising
17850.422791934,23,rising
17850.422803268,24,rising
17850.422802934,23,falling
17850.422813434,24,falling
17850.422812934,23,falling
17850.422833434,23,falling
17850.422834453,24,falling
17850.422838657,23,falling
17850.422844823,23,falling
17850.422845860,24,falling
17850.422896379,23,falling
17850.422897397,24,falling
17850.422902619,23,falling
17850.422903656,24,falling
17850.422918027,23,falling
17850.422919045,24,falling
17850.423017490,24,falling
17850.423016434,23,falling
17850.423111286,23,falling
17850.423112323,24,rising
17850.423116545,23,falling
17850.423117619,24,falling
17850.423125990,23,falling
17850.423127027,24,falling
17850.423147656,23,falling
17850.423148675,24,falling
17850.423181360,23,falling
17850.423182379,24,rising
17850.423186582,23,falling
17850.423187601,24,falling
17850.423198805,23,falling
17850.423199823,24,falling
17850.423203971,23,falling
17850.423205008,24,falling
17850.423220230,23,falling
17850.423221249,24,falling
17850.423228156,23,falling
17850.423229175,24,falling
17850.423261379,23,rising
17850.423286953,24,falling
17850.423293027,24,falling
17850.423298267,24,falling
17850.423303804,24,falling
17850.423312601,24,falling
17850.423321545,24,falling
17850.423325749,24,falling
17850.423334823,24,falling
17850.423339360,24,rising
17850.423354434,24,falling
17850.423363230,24,falling
17850.423367045,24,rising
17850.423378934,24,rising
17850.423386767,24,falling
17850.423407416,24,falling
17850.423547990,24,rising
17850.423563175,24,rising
17850.423571212,24,falling
17850.423575934,24,rising
17850.423591582,24,rising
17850.423595749,24,rising
17850.423621119,24,falling
17850.423629101,24,falling
17850.423633638,24,falling
17850.423685193,24,falling
17850.423697656,24,falling
17850.423702008,24,rising
17850.423707582,24,rising
17850.423715360,24,falling
17850.423719971,24,falling
17850.423724786,24,falling
17850.423745582,24,falling
17850.423817878,24,falling
17850.423825638,24,rising
17850.425186878,23,rising
17850.425251063,23,falling
17850.425255970,23,falling
17850.425261674,23,falling
17850.425266322,23,falling
17850.425363137,23,rising
17850.425367841,23,rising
17850.425391230,23,falling
17850.425398415,23,rising
17850.425406007,23,falling
17850.425410656,23,rising
17850.425429433,23,falling
17850.425434100,23,rising
17850.425467156,23,rising
17850.425471804,23,rising
17850.425476378,23,rising
17850.425480989,23,rising
17850.425488341,23,falling
17850.425507081,23,falling
17850.425517230,23,falling
17850.425536637,23,falling
17850.425623322,23,falling
17850.425641007,23,falling
17850.425672192,23,falling
17850.425847396,23,falling
17850.425874970,23,rising
17850.425879655,23,rising
17850.425884618,23,falling
17850.425889229,23,rising
17850.425913192,23,falling
17850.425918507,23,falling
17850.425923211,23,falling
17850.425928711,23,falling
17850.425933303,23,falling
17850.425937878,23,rising
17850.425942544,23,falling
17850.425947748,23,rising
17850.425957970,23,falling
17850.425970044,23,falling
17850.426073563,23,falling
17850.426105248,23,rising
17850.426128433,23,falling
17850.426133137,23,falling
17850.426138174,23,rising
17850.426139229,24,falling
17850.426143729,23,falling
17850.426144803,24,falling
17850.426287192,23,falling
17850.426292303,23,falling
17850.426288544,24,falling
17850.426299285,23,falling
17850.426300285,24,falling
17850.426310063,23,rising
17850.426311118,24,rising
17850.426315377,23,falling
17850.426316414,24,falling
17850.426326248,23,falling
17850.426332674,24,rising
17850.426331637,23,rising
17850.426389026,23,rising
17850.426390044,24,rising
17850.426396822,23,rising
17850.426397877,24,rising
17850.426402748,23,falling
17850.426407803,23,falling
17850.426408859,24,falling
17850.426425655,23,falling
17850.426426711,24,falling
17850.426495174,23,rising
17850.426505174,23,rising
17850.426506488,24,rising
17850.426514525,23,rising
17850.426517248,24,rising
17850.426522174,23,falling
17850.426527118,23,falling
17850.426528155,24,falling
17850.426533044,23,falling
17850.426534414,24,falling
17850.426543951,23,rising
17850.426544988,24,rising
17850.426570229,23,falling
17850.426571451,24,falling
17850.426650729,24,falling
17850.426649951,23,falling
17850.426655562,23,falling
17850.426717044,23,falling
17850.426717748,24,falling
17850.426783340,23,falling
17850.426784118,24,falling
17850.426794155,23,falling
17850.426794933,24,falling
17850.426812711,23,falling
17850.426813470,24,falling
17850.426820933,23,falling
17850.426821711,24,falling
17850.426845062,24,falling
17850.426844285,23,rising
17850.426849711,23,falling
17850.426850062,24,falling
17850.426953340,24,falling
17850.426952562,23,falling
17850.426957951,23,rising
17850.426958285,24,rising
17850.426992636,24,falling
17850.426991877,23,rising
17850.426997636,24,rising
17850.426997303,23,rising
17850.427005710,24,falling
17850.427005340,23,falling
17850.427017340,23,falling
17850.427018044,24,falling
17850.427052173,23,falling
17850.427052951,24,falling
17850.427059155,23,rising
17850.427062970,24,rising
17850.427110599,24,falling
17850.427109896,23,falling
17850.427115525,24,rising
17850.427115173,23,rising
17850.427120507,24,rising
17850.427120155,23,rising
17850.427127655,23,rising
17850.427128025,24,rising
17850.427174488,23,rising
17850.427175247,24,rising
17850.427240433,24,falling
17850.427239673,23,falling
17850.427245007,23,falling
17850.427249581,24,rising
17850.427254247,23,rising
17850.427254618,24,falling
17850.427260266,24,rising
17850.427259914,23,rising
17850.427266062,24,rising
17850.427265710,23,rising
17850.427274433,24,rising
17850.427273692,23,rising
17850.427279525,24,rising
17850.427279099,23,rising
17850.427284636,24,falling
17850.427290007,24,falling
17850.427294673,24,falling
17850.427294321,23,falling
17850.427300229,23,falling
17850.427300618,24,falling
17850.427313525,23,falling
17850.427314303,24,falling
17850.427320470,24,rising
17850.427320081,23,rising
17850.427325488,24,falling
17850.427325136,23,falling
17850.427330396,24,falling
17850.427335192,23,falling
17850.427335562,24,rising
17850.427343007,23,rising
17850.427343340,24,rising
17850.427352136,24,falling
17850.427351803,23,rising
17850.427358210,24,rising
17850.427357840,23,rising
17850.427362581,24,falling
17850.427367358,24,rising
17850.427372044,24,rising
17850.427399821,24,rising
17850.427409933,24,falling
17850.427429895,24,falling
17850.427436062,24,falling
17850.427441099,24,falling
17850.427447692,24,rising
17850.427452377,24,rising
17850.427457877,24,rising
17850.427477784,24,falling
17850.427482507,24,rising
17850.427487803,24,rising
17850.427494155,24,falling
17850.427498840,24,falling
17850.427504247,24,falling
17850.427522062,24,falling
17850.427544692,24,rising
17850.427549636,24,falling
17850.427554970,24,rising
17850.427560358,24,falling
17850.427565544,24,falling
17850.427573488,24,falling
17850.427577858,24,rising
17850.427584136,24,rising
17850.427590395,24,rising
17850.427594581,24,falling
17850.427603821,24,rising
17850.427610155,24,falling
17850.427614303,24,falling
17850.427619173,24,rising
17850.427632581,24,rising
17850.427640710,24,rising
17850.427644858,24,falling
17850.427650710,24,rising
17850.427654895,24,rising
17850.427684895,24,falling
17850.427734599,24,rising
17850.427743044,24,rising
17850.427747173,24,rising
17850.427752914,24,falling
17850.427758229,24,falling
17850.427766488,24,falling
17850.427781895,24,falling
17850.427787173,24,falling
17850.427791581,24,falling
17850.427796414,24,falling
17850.427815599,24,rising
17850.428965210,23,falling
17850.428982506,23,falling
17850.428986710,23,rising
17850.428995154,23,rising
17850.429004062,23,rising
17850.429008265,23,falling
17850.429014395,23,rising
17850.429043469,23,falling
17850.429048895,23,falling
17850.429135710,23,falling
17850.429149099,23,rising
17850.429157154,23,falling
17850.429191969,23,falling
17850.429204821,23,rising
17850.429213395,23,rising
17850.429218117,23,falling
17850.429223024,23,rising
17850.429231117,23,falling
17850.429235117,23,falling
17850.429252580,23,falling
17850.429266987,23,falling
17850.429887598,24,falling
17850.429896209,24,rising
17850.429900635,24,rising
17850.429907598,23,falling
17850.429908228,24,rising
17850.429915987,23,falling
17850.429916358,24,rising
17850.429921061,23,falling
17850.429921450,24,falling
17850.429938598,24,rising
17850.429937839,23,rising
17850.429943617,24,falling
17850.429943265,23,falling
17850.429948617,24,rising
17850.429954191,23,falling
17850.429960283,24,rising
17850.429964524,23,rising
17850.429964857,24,rising
17850.429982672,23,falling
17850.429983469,24,falling
17850.429989728,24,falling
17850.429989320,23,falling
17850.429994672,24,rising
17850.429994339,23,rising
17850.429999598,24,rising
17850.429999246,23,rising
17850.430032302,24,falling
17850.430031598,23,rising
17850.430037283,24,falling
17850.430036950,23,falling
17850.430042283,24,falling
17850.430054061,24,falling
17850.430053709,23,rising
17850.430058987,24,falling
17850.430058617,23,falling
17850.430063913,24,falling
17850.430069709,23,falling
17850.430070080,24,falling
17850.430202246,24,rising
17850.430200876,23,rising
17850.430209061,23,rising
17850.430210746,24,rising
17850.430215894,23,rising
17850.430216931,24,falling
17850.430221561,23,falling
17850.430222580,24,rising
17850.430227709,23,rising
17850.430228709,24,falling
17850.430233802,23,falling
17850.430234857,24,falling
17850.430239024,23,rising
17850.430240061,24,rising
17850.430254968,23,falling
17850.430256043,24,falling
17850.430274506,23,falling
17850.430275950,24,falling
17850.430304191,23,falling
17850.430305265,24,falling
17850.430310265,23,falling
17850.430311376,24,falling
17850.430316431,23,falling
17850.430427394,23,falling
17850.430428524,24,falling
17850.430437968,23,rising
17850.430439098,24,rising
17850.430444005,23,rising
17850.430455654,23,falling
17850.430456783,24,falling
17850.430466913,23,rising
17850.430468024,24,falling
17850.430473080,23,falling
17850.430474191,24,falling
17850.430510302,23,falling
17850.430511654,24,falling
17850.430522024,23,rising
17850.430523135,24,falling
17850.430527931,23,falling
17850.430528987,24,rising
17850.430533987,23,rising
17850.430535061,24,falling
17850.430540024,23,falling
17850.430541098,24,falling
17850.430546839,23,rising
17850.430547894,24,falling
17850.430552765,23,falling
17850.430553802,24,falling
17850.430579468,23,falling
17850.430580691,24,rising
17850.430585635,23,falling
17850.430586783,24,falling
17850.430591709,23,falling
17850.430592820,24,rising
17850.430597691,23,rising
17850.430604117,23,falling
17850.430605135,24,falling
17850.430613968,23,falling
17850.430615320,24,falling
17850.430620413,23,falling
17850.430621450,24,falling
17850.430626320,23,falling
17850.430627431,24,falling
17850.430634635,23,falling
17850.430635616,24,falling
17850.430663524,23,falling
17850.430664283,24,falling
17850.430671876,23,falling
17850.430672265,24,rising
17850.430677450,23,falling
17850.430677783,24,falling
17850.430742765,23,falling
17850.430743524,24,falling
17850.430776505,23,falling
17850.430777265,24,falling
17850.430862265,23,rising
17850.430868635,23,rising
17850.430875246,23,falling
17850.430880413,23,falling
17850.430917561,23,falling
17850.430918246,24,rising
17850.430923320,24,falling
17850.430922987,23,falling
17850.430928542,24,falling
17850.430928209,23,falling
17850.430936876,23,falling
17850.430937653,24,falling
17850.431026320,23,falling
17850.431027098,24,falling
17850.431151894,23,rising
17850.431167727,24,falling
17850.431172524,24,falling
17850.431178672,24,falling
17850.431183394,24,falling
17850.431188598,24,rising
17850.431193783,24,falling
17850.431238468,24,falling
17850.431243153,24,falling
17850.431247783,24,falling
17850.431253505,24,falling
17850.431307061,24,falling
17850.431313838,24,falling
17850.431622338,24,rising
17850.431627338,24,rising
17850.431632431,24,rising
17850.432792264,23,falling
17850.432797486,23,falling
17850.432875505,23,falling
17850.433455208,24,falling
17850.433495282,24,falling
17850.433683986,23,falling
17850.433684745,24,falling
17850.434075911,23,falling
17850.434076763,24,falling
17850.434815115,23,rising
17850.435344818,24,rising
17850.435349152,24,rising
17850.436529225,23,falling
17850.437159040,24,falling
17850.437164262,24,rising
17850.437173225,24,falling
17850.437638799,24,falling
17850.437637910,23,falling
17850.437643577,23,falling
17850.437649577,23,falling
17850.437650280,24,falling
17850.437658392,24,rising
17850.437658040,23,rising
17850.437663392,24,falling
17850.437669447,24,falling
17850.437669077,23,rising
17850.437674058,23,falling
17850.437674410,24,falling
17850.438188262,24,falling
17850.438186780,23,falling
17850.438371632,24,falling
17850.438370558,23,falling
17850.438510336,23,rising
17850.438803965,24,rising
17850.438812780,24,falling
17850.438819150,24,rising
17850.438824687,24,falling
17850.439096076,24,rising
17850.440303965,23,falling
17850.440309242,23,falling
17850.440319594,23,falling
17850.440324242,23,falling
17850.440805094,23,rising
17850.440812002,23,rising
17850.440816779,23,rising
17850.440827557,23,rising
17850.440832335,23,falling
17850.440836983,23,falling
17850.441038520,24,falling
17850.441059742,24,falling
17850.441771279,23,falling
17850.441772464,24,falling
17850.442254223,23,falling
17850.442259501,23,rising
17850.442265149,23,falling
17850.442277408,23,falling
17850.442317890,23,falling
17850.442318927,24,falling
17850.442331519,23,falling
17850.442332538,24,falling
17850.442393408,23,falling
17850.442394445,24,falling
17850.442398668,23,falling
17850.442403334,23,falling
17850.442404371,24,falling
17850.442421556,23,falling
17850.442422593,24,falling
17850.442439464,23,falling
17850.442440501,24,falling
17850.442497890,23,rising
17850.442886612,24,falling
17850.443069482,24,falling
17850.443227723,24,rising
17850.444626407,23,rising
17850.444631352,23,falling
17850.444637759,23,falling
17850.444642537,23,falling
17850.444647241,23,falling
17850.444651907,23,falling
17850.444656630,23,falling
17850.444661907,23,falling
17850.444666556,23,rising
17850.444671259,23,falling
17850.444682833,23,rising
17850.444687537,23,falling
17850.444692241,23,rising
17850.444696944,23,falling
17850.444701593,23,falling
17850.444706019,23,falling
17850.444710611,23,falling
17850.444715241,23,falling
17850.444730833,23,rising
17850.444735537,23,falling
17850.444740130,23,falling
17850.444924759,23,falling
17850.444929648,23,falling
17850.444934315,23,falling
17850.444940852,23,falling
17850.444947204,23,falling
17850.444988630,23,falling
17850.444997593,23,falling
17850.445110741,23,falling
17850.445116148,23,falling
17850.445138444,23,falling
17850.445155222,23,rising
17850.445162963,23,falling
17850.445181500,23,rising
17850.445186055,23,falling
17850.445211333,23,falling
17850.445243000,23,falling
17850.445256407,23,falling
17850.445314833,23,rising
17850.445319074,23,falling
17850.445332981,23,falling
17850.445344648,23,falling
17850.445348481,23,falling
17850.445356407,23,falling
17850.445384722,23,falling
17850.445390018,23,rising
17850.445395592,23,falling
17850.445403537,23,falling
17850.445409685,23,falling
17850.445421111,23,falling
17850.445423778,23,rising
17850.445431185,23,rising
17850.445438074,23,rising
17850.445443315,23,falling
17850.445448926,23,falling
17850.445453074,23,rising
17850.445457963,23,falling
17850.445666166,24,falling
17850.445676444,24,falling
17850.445680889,23,rising
17850.445684592,23,falling
17850.445684944,24,rising
17850.445692351,23,falling
17850.445692685,24,falling
17850.445701703,24,falling
17850.445701370,23,falling
17850.445718685,23,falling
17850.445719389,24,falling
17850.445788351,23,falling
17850.445789129,24,falling
17850.445797166,23,falling
17850.445797926,24,falling
17850.445806444,24,falling
17850.445805685,23,falling
17850.445811148,23,falling
17850.445811500,24,falling
17850.445818555,24,rising
17850.445817796,23,rising
17850.445823555,24,rising
17850.445823203,23,rising
17850.445828537,24,falling
17850.445828203,23,falling
17850.445842111,24,falling
17850.445841426,23,falling
17850.445846740,23,falling
17850.445851759,23,falling
17850.445852388,24,falling
17850.445859888,23,falling
17850.445860648,24,falling
17850.445882981,24,falling
17850.445882222,23,rising
17850.445887629,23,falling
17850.445887963,24,rising
17850.445892685,23,falling
17850.445893074,24,falling
17850.445901851,24,falling
17850.445913814,24,falling
17850.445913481,23,falling
17850.445926500,23,falling
17850.445927129,24,falling
17850.445992740,23,falling
17850.445993518,24,falling
17850.446173888,24,falling
17850.446173111,23,falling
17850.446211648,24,rising
17850.446210296,23,rising
17850.446217259,24,rising
17850.446216888,23,rising
17850.446222333,24,falling
17850.446221981,23,rising
17850.446227259,24,falling
17850.446226925,23,falling
17850.446234925,24,falling
17850.446245851,23,falling
17850.446246296,24,falling
17850.446270999,24,falling
17850.446270203,23,falling
17850.446275648,23,falling
17850.446275999,24,falling
17850.446284444,24,falling
17850.446283703,23,falling
17850.446289111,23,falling
17850.446289462,24,falling
17850.446300907,24,falling
17850.446300148,23,rising
17850.446305888,24,falling
17850.446305536,23,falling
17850.446310851,24,falling
17850.446317499,23,falling
17850.446317851,24,rising
17850.446332888,24,falling
17850.446332536,23,falling
17850.446345481,23,falling
17850.446346185,24,falling
17850.446361277,24,rising
17850.446360518,23,rising
17850.446365944,23,falling
17850.446366296,24,falling
17850.446377722,23,falling
17850.446378499,24,falling
17850.446384833,23,falling
17850.446385203,24,falling
17850.446418796,24,falling
17850.446418036,23,falling
17850.446423370,23,falling
17850.446667721,24,rising
17850.446673388,23,falling
17850.446673759,24,falling
17850.446690425,24,rising
17850.446689684,23,rising
17850.446696425,24,falling
17850.446702536,24,falling
17850.446702110,23,falling
17850.446707092,23,falling
17850.446707444,24,falling
17850.446713759,24,falling
17850.446713055,23,falling
17850.446719166,24,falling
17850.446724536,24,falling
17850.446724166,23,rising
17850.446729462,23,falling
17850.446729814,24,rising
17850.446745184,23,falling
17850.446745536,24,falling
17850.446774055,24,rising
17850.446773277,23,rising
17850.446789184,24,rising
17850.446788481,23,rising
17850.446794444,24,rising
17850.446794092,23,rising
17850.446799444,24,rising
17850.446799092,23,rising
17850.446817814,24,falling
17850.446817055,23,rising
17850.446823221,24,falling
17850.446822740,23,falling
17850.446828203,24,falling
17850.446832870,23,falling
17850.446866221,24,falling
17850.446865444,23,falling
17850.447234814,23,rising
17850.447460332,24,falling
17850.447465221,24,falling
17850.447478610,24,falling
17850.447483443,24,rising
17850.447488092,24,falling
17850.447523295,24,rising
17850.447537129,24,falling
17850.447542832,24,falling
17850.447755110,24,falling
17850.447759869,24,falling
17850.447773128,24,falling
17850.447779943,24,falling
17850.447793499,24,falling
17850.447823388,24,falling
17850.447830536,24,falling
17850.447834851,24,rising
17850.447838499,24,falling
17850.448084388,24,falling
17850.448092202,24,falling
17850.448097165,24,falling
17850.448412110,24,rising
17850.451007164,23,falling
17850.451012535,23,falling
17850.451021794,23,rising
17850.451026090,23,falling
17850.451033016,23,falling
17850.451037220,23,rising
17850.451046275,23,falling
17850.451072664,23,falling
17850.451079238,23,falling
17850.452264386,24,falling
17850.455235644,23,falling
17850.455242200,23,falling
17850.455254070,23,falling
17850.455258403,23,falling
17850.455296255,23,falling
17850.455929644,23,falling
17850.455934199,23,rising
17850.457524866,24,rising
17850.622398969,23,falling
17850.622429729,23,falling
17850.630755651,24,falling
17850.638414778,23,rising
17850.640035574,24,rising
17850.645146701,23,falling
17850.645177998,23,rising
17850.645183387,23,falling
17850.645188294,23,falling
17850.645193220,23,falling
17850.645198368,23,falling
17850.647307552,24,falling
17850.647312238,24,falling
17850.650993699,23,falling
17850.651053995,23,rising
17850.651541569,24,rising
17850.654111087,23,falling
17850.654954438,23,rising
17850.654959383,23,falling
17850.654964253,23,falling
17850.654968938,23,falling
17850.654973679,23,falling
17850.654979698,23,rising
17850.654984364,23,falling
17850.655055068,23,falling
17850.655076383,23,falling
17850.655081068,23,falling
17850.655100198,23,falling
17850.655108901,23,falling
17850.655115753,23,falling
17850.655120401,23,falling
17850.655128179,23,falling
17850.655310179,24,falling
17850.655607790,23,falling
17850.655614975,23,falling
17850.655624827,23,rising
17850.655637975,23,rising
17850.655646809,23,rising
17850.655656383,23,rising
17850.655673457,23,rising
17850.655678123,23,rising
17850.655687753,23,falling
17850.656070586,23,falling
17850.656075234,23,falling
17850.656122012,23,falling
17850.656130697,23,falling
17850.656437345,23,rising
17850.656465308,23,falling
17850.656469993,23,rising
17850.656474586,23,falling
17850.656480530,23,falling
17850.656486438,23,falling
17850.656491142,23,rising
17850.656495790,23,falling
17850.656500438,23,falling
17850.656508049,23,falling
17850.656527734,23,falling
17850.656534030,23,falling
17850.656932178,23,rising
17850.656961364,23,rising
17850.656977771,23,falling
17850.656986789,23,falling
17850.657258012,23,rising
17850.657815863,24,rising
17850.659222900,23,rising
17850.659232937,23,falling
17850.659243029,23,falling
17850.659916622,24,falling
17850.660297807,23,falling
17850.660307510,23,falling
17850.660312807,23,falling
17850.660488140,23,falling
17850.660496177,23,rising
17850.660502973,23,rising
17850.660509621,23,rising
17850.660516270,23,rising
17850.660530844,23,falling
17850.660538084,23,falling
17850.660542751,23,falling
17850.660547418,23,rising
17850.660552158,23,falling
17850.660585584,23,falling
17850.660590214,23,falling
17850.660608307,23,rising
17850.660612955,23,falling
17850.660623788,23,falling
17850.660630621,23,rising
17850.660635270,23,rising
17850.660644307,23,rising
17850.660648973,23,falling
17850.660660103,23,rising
17850.660665288,23,falling
17850.660669936,23,rising
17850.660674788,23,falling
17850.660679992,23,falling
17850.660686029,23,falling
17850.660694344,23,rising
17850.660698973,23,rising
17850.660705584,23,rising
17850.660711825,23,rising
17850.660731510,23,falling
17850.660889251,23,rising
17850.660904288,23,falling
17850.661094325,23,rising
17850.661277695,24,falling
17850.661580454,24,rising
17850.662510695,23,falling
17850.662524658,23,falling
17850.662533139,23,falling
17850.662537806,23,falling
17850.662542880,23,falling
17850.662777009,23,falling
17850.662836324,23,rising
17850.662844509,23,rising
17850.662850472,23,falling
17850.662855676,23,rising
17850.662863232,23,rising
17850.662866454,23,rising
17850.662872213,23,falling
17850.663020009,24,falling
17850.663054120,23,falling
17850.663062176,23,rising
17850.663070658,23,rising
17850.663078991,23,rising
17850.663083195,23,falling
17850.663105732,23,falling
17850.663113509,23,falling
17850.663134454,23,falling
17850.663160287,23,rising
17850.663165435,23,rising
17850.663170046,23,rising
17850.663190398,23,falling
17850.663194546,23,falling
17850.663273750,23,rising
17850.663279102,23,rising
17850.663285398,23,falling
17850.663300454,23,falling
17850.663307046,23,falling
17850.663311176,23,falling
17850.663447898,23,falling
17850.663460102,23,falling
17850.663467602,23,falling
17850.663472194,24,falling
17850.663477583,23,rising
17850.663482917,24,falling
17850.663486972,24,falling
17850.663491176,23,falling
17850.663520380,23,rising
17850.663540583,24,falling
17850.663539287,23,rising
17850.663561768,24,rising
17850.663571361,24,falling
17850.663577676,24,falling
17850.663591880,23,rising
17850.663596324,23,rising
17850.663601898,23,falling
17850.663605639,23,rising
17850.663633491,23,falling
17850.663734250,24,falling
17850.663788342,24,rising
17850.663795731,24,rising
17850.663813194,24,rising
17850.663822472,24,falling
17850.663830139,23,rising
17850.664062065,24,falling
17850.664067861,24,falling
17850.664072676,24,rising
17850.664077490,24,falling
17850.664138453,24,falling
17850.664145176,24,falling
17850.664287620,24,rising
17850.664891509,23,falling
17850.665203472,23,falling
17850.665315027,24,falling
17850.665323157,23,falling
17850.665340879,23,falling
17850.665341638,24,falling
17850.665408657,23,falling
17850.665412953,23,falling
17850.665422323,23,rising
17850.665427638,23,falling
17850.665435990,23,falling
17850.665440138,23,falling
17850.665484508,24,falling
17850.665483805,23,rising
17850.665489157,23,falling
17850.665489508,24,falling
17850.665524249,23,falling
17850.665529545,23,falling
17850.665534008,23,falling
17850.665542953,23,falling
17850.665547286,23,falling
17850.665563453,24,falling
17850.665562749,23,falling
17850.665568416,24,rising
17850.665568064,23,rising
17850.665573434,24,falling
17850.665573064,23,falling
17850.665580175,24,falling
17850.665579786,23,falling
17850.665598712,24,falling
17850.665597971,23,falling
17850.665603397,23,falling
17850.665603842,24,falling
17850.665620101,24,falling
17850.665671231,24,falling
17850.665670453,23,falling
17850.665675860,23,falling
17850.665676212,24,falling
17850.665682231,23,falling
17850.665682990,24,falling
17850.665743175,24,rising
17850.665750582,23,falling
17850.665751342,24,rising
17850.665757045,23,falling
17850.665757453,24,falling
17850.665772231,24,falling
17850.665776897,24,falling
17850.665781508,24,rising
17850.665785564,24,falling
17850.665796805,24,falling
17850.665818638,23,falling
17850.665822934,24,falling
17850.665832768,23,rising
17850.665837342,24,falling
17850.665842212,24,falling
17850.665841860,23,falling
17850.665846694,23,falling
17850.665847045,24,falling
17850.665853323,23,falling
17850.665854064,24,falling
17850.665863619,24,falling
17850.665862860,23,falling
17850.665868638,24,falling
17850.665868286,23,rising
17850.665873582,24,falling
17850.665878934,24,falling
17850.665883101,23,rising
17850.665886860,24,falling
17850.665894971,23,falling
17850.665895323,24,falling
17850.665901712,23,rising
17850.665911916,24,falling
17850.665918971,24,falling
17850.665923675,24,falling
17850.665928268,24,falling
17850.665973193,24,falling
17850.665985527,24,falling
17850.665993897,24,falling
17850.665998582,24,falling
17850.666006490,24,falling
17850.666011101,24,falling
17850.666018193,24,falling
17850.666025268,24,rising
17850.666029934,24,rising
17850.666049564,24,falling
17850.666064193,24,falling
17850.666068879,24,falling
17850.666074082,24,falling
17850.666078767,24,rising
17850.666083453,24,falling
17850.666088193,24,falling
17850.666093119,24,falling
17850.666107305,24,falling
17850.666113027,24,rising
17850.666118823,24,falling
17850.666135379,24,falling
17850.666140082,24,falling
17850.666147101,24,falling
17850.666151805,24,falling
17850.666286434,24,rising
17850.666725638,23,rising
17850.666731415,23,rising
17850.666737341,23,falling
17850.666745323,23,falling
17850.666819101,23,rising
17850.666843638,23,rising
17850.666850026,23,rising
17850.666855915,23,falling
17850.666866267,23,falling
17850.666882563,23,falling
17850.666886675,23,rising
17850.666895638,23,falling
17850.666947212,23,falling
17850.666952545,23,falling
17850.666960489,23,falling
17850.666964619,23,falling
17850.667032749,23,rising
17850.667047193,24,rising
17850.667053175,24,falling
17850.667052452,23,falling
17850.667057878,23,falling
17850.667058230,24,falling
17850.667071712,23,falling
17850.667119360,23,falling
17850.667123915,24,falling
17850.667123582,23,falling
17850.667131693,23,rising
17850.667135878,24,falling
17850.667140471,24,falling
17850.667148193,23,falling
17850.667154526,23,falling
17850.667158730,24,falling
17850.667163749,24,falling
17850.667167915,23,falling
17850.667168267,24,falling
17850.667179304,24,falling
17850.667178526,23,rising
17850.667183878,23,rising
17850.667188304,24,falling
17850.667192952,23,falling
17850.667203637,23,falling
17850.667211823,24,falling
17850.667211471,23,falling
17850.667219137,24,falling
17850.667223674,23,rising
17850.667224026,24,falling
17850.667234915,24,falling
17850.667244360,23,falling
17850.667245100,24,falling
17850.667254582,24,falling
17850.667285563,24,rising
17850.667290304,24,falling
17850.667300156,23,rising
17850.667304545,24,rising
17850.667310952,24,falling
17850.667359452,23,falling
17850.667409545,23,rising
17850.667418915,23,falling
17850.667427193,24,falling
17850.667431711,23,rising
17850.667435804,24,falling
17850.667435452,23,rising
17850.667474804,23,falling
17850.667479008,23,falling
17850.667493100,23,rising
17850.667522785,24,falling
17850.667528582,24,rising
17850.667540989,24,falling
17850.667572693,24,falling
17850.667577322,24,falling
17850.667605526,24,rising
17850.667610267,24,falling
17850.667614934,24,falling
17850.667618915,24,falling
17850.667626711,24,falling
17850.667634822,24,falling
17850.667672878,24,falling
17850.667789767,24,rising
17850.668294581,23,rising
17850.668305933,23,falling
17850.668339730,23,rising
17850.668348193,23,falling
17850.668353859,23,falling
17850.668358989,23,falling
17850.668363637,23,falling
17850.668383026,23,rising
17850.668387248,23,rising
17850.668396470,23,falling
17850.668403193,23,falling
17850.668417063,23,falling
17850.668444952,23,rising
17850.668456859,24,rising
17850.668456452,23,falling
17850.668461767,23,falling
17850.668462118,24,falling
17850.668480452,23,falling
17850.668489174,24,rising
17850.668488489,23,rising
17850.668506359,24,rising
17850.668506007,23,rising
17850.668515192,24,falling
17850.668514489,23,falling
17850.668520118,24,rising
17850.668519767,23,falling
17850.668525063,24,falling
17850.668529785,23,falling
17850.668530137,24,falling
17850.668542933,24,rising
17850.668550489,23,rising
17850.668551192,24,rising
17850.668567952,23,rising
17850.668573267,23,falling
17850.668579359,23,rising
17850.668585841,24,rising
17850.668585155,23,rising
17850.668595026,24,rising
17850.668594674,23,rising
17850.668603989,24,rising
17850.668603655,23,falling
17850.668608952,24,falling
17850.668608600,23,falling
17850.668613933,24,rising
17850.668618822,23,falling
17850.668622396,24,rising
17850.668632452,23,falling
17850.668636674,23,falling
17850.668641396,23,falling
17850.668648692,23,falling
17850.668652915,23,falling
17850.668667229,24,rising
17850.668673470,24,rising
17850.668680581,24,falling
17850.668685266,24,falling
17850.668694989,24,rising
17850.668694248,23,falling
17850.668700396,24,falling
17850.668700063,23,falling
17850.668705415,24,rising
17850.668710007,23,rising
17850.668710378,24,rising
17850.668727748,23,falling
17850.668731970,23,rising
17850.668738396,23,rising
17850.668758081,24,falling
17850.668757378,23,falling
17850.668763044,24,falling
17850.668762692,23,rising
17850.668768026,24,falling
17850.668767674,23,falling
17850.668775378,24,rising
17850.668775026,23,falling
17850.668779915,23,rising
17850.668790563,23,rising
17850.668794803,24,rising
17850.668799322,23,falling
17850.668799729,24,rising
17850.668813600,24,falling
17850.668818359,24,falling
17850.668829100,23,rising
17850.668829859,24,rising
17850.668835933,24,rising
17850.668840915,24,falling
17850.668835526,23,falling
17850.668847655,24,rising
17850.668856489,24,falling
17850.668863822,24,rising
17850.668869063,24,falling
17850.668875952,24,rising
17850.668868729,23,falling
17850.668883340,24,rising
17850.668889118,23,rising
17850.668889526,24,rising
17850.668895433,24,falling
17850.668895063,23,falling
17850.668899952,24,falling
17850.668911711,23,rising
17850.668912452,24,rising
17850.668984692,24,falling
17850.668989415,24,falling
17850.668994063,24,falling
17850.669000489,24,rising
17850.669005100,24,rising
17850.669009729,24,rising
17850.669046063,24,falling
17850.669050859,24,falling
17850.669055470,24,rising
17850.669059470,24,falling
17850.669064155,24,falling
17850.669068952,24,falling
17850.669083452,24,falling
17850.669090359,24,falling
17850.669095044,24,falling
17850.669107433,24,rising
17850.669112896,24,falling
17850.669117711,24,falling
17850.669126155,24,rising
17850.669483544,23,rising
17850.669496600,23,rising
17850.669501859,23,rising
17850.669505766,23,falling
17850.669514600,23,falling
17850.669520933,23,falling
17850.669526655,23,rising
17850.669534081,23,falling
17850.669544025,23,rising
17850.669551118,23,rising
17850.669555525,23,falling
17850.669573248,23,falling
17850.669577988,23,falling
17850.669584285,23,rising
17850.669590637,23,falling
17850.669594766,23,rising
17850.669600914,23,rising
17850.669607785,23,falling
17850.669611914,23,rising
17850.669619692,23,falling
17850.669627414,23,falling
17850.669634433,23,rising
17850.669638896,23,falling
17850.669646340,23,rising
17850.669652285,23,falling
17850.669656451,23,rising
17850.669662414,23,rising
17850.669666581,23,rising
17850.669673581,23,falling
17850.669677766,23,falling
17850.669693266,23,falling
17850.669728822,23,falling
17850.669740859,23,falling
17850.669761951,24,rising
17850.669766859,23,rising
17850.669773044,23,falling
17850.669773692,24,falling
17850.669787692,23,rising
17850.669792248,24,falling
17850.669796859,23,falling
17850.669802673,24,rising
17850.669802303,23,falling
17850.669810303,24,falling
17850.669809951,23,falling
17850.669824711,24,rising
17850.669824007,23,rising
17850.669829673,24,falling
17850.669829322,23,falling
17850.669834618,24,falling
17850.669844136,23,falling
17850.669844488,24,falling
17850.669851025,24,rising
17850.669863655,23,rising
17850.669876377,24,falling
17850.669881007,23,rising
17850.669881692,24,rising
17850.669887951,24,rising
17850.669892748,24,rising
17850.669892322,23,rising
17850.669898118,24,falling
17850.669903451,24,falling
17850.669902748,23,falling
17850.669908099,23,falling
17850.669924470,23,falling
17850.669931266,24,rising
17850.669936544,24,rising
17850.669941173,23,falling
17850.669945581,23,falling
17850.669952173,24,falling
17850.669959322,24,falling
17850.669965618,24,rising
17850.669970229,23,falling
17850.669970914,24,rising
17850.669977414,24,falling
17850.669977007,23,falling
17850.669982173,23,falling
17850.669982525,24,falling
17850.670006266,24,rising
17850.670011359,23,falling
17850.670012303,24,rising
17850.670016914,24,falling
17850.670023062,24,rising
17850.670027785,24,rising
17850.670041636,23,rising
17850.670042766,24,rising
17850.670047766,23,rising
17850.670054155,23,falling
17850.670058914,23,falling
17850.670060025,24,rising
17850.670069729,23,falling
17850.670070840,24,falling
17850.670082544,23,falling
17850.670083673,24,falling
17850.670095914,23,rising
17850.670097044,24,rising
17850.670101914,23,falling
17850.670106581,23,falling
17850.670107673,24,falling
17850.670118507,23,falling
17850.670119636,24,falling
17850.670146266,23,rising
17850.670173099,24,rising
17850.670207396,24,falling
17850.670222544,24,rising
17850.670227896,24,falling
17850.670232618,24,rising
17850.670237192,24,falling
17850.670242396,24,rising
17850.670246284,24,falling
17850.670251877,24,rising
17850.670256544,24,falling
17850.670261136,24,falling
17850.670266488,24,rising
17850.670276284,24,falling
17850.670280951,24,rising
17850.670285562,24,falling
17850.670297988,24,falling
17850.670302877,24,falling
17850.670307525,24,rising
17850.670313007,24,rising
17850.670330155,24,rising
17850.670336710,24,falling
17850.670341414,24,rising
17850.670346118,24,rising
17850.670713618,23,falling
17850.670726858,23,rising
17850.670731506,23,rising
17850.670736303,23,falling
17850.670740914,23,falling
17850.670748840,23,rising
17850.670754358,23,falling
17850.670758988,23,falling
17850.670772784,23,rising
17850.670790173,23,rising
17850.670794821,23,rising
17850.670807636,23,falling
17850.670818877,23,falling
17850.670830432,23,rising
17850.670835080,23,rising
17850.670851655,23,falling
17850.670856284,23,rising
17850.670860858,23,rising
17850.670880932,23,rising
17850.670888821,23,rising
17850.670893469,23,falling
17850.670898043,23,rising
17850.670902210,23,falling
17850.670906858,23,falling
17850.670911395,23,falling
17850.670920451,23,falling
17850.670921562,24,rising
17850.670926432,23,rising
17850.670932636,23,rising
17850.670933729,24,rising
17850.670938988,23,rising
17850.670940062,24,rising
17850.670962729,23,falling
17850.670963803,24,rising
17850.670968729,23,rising
17850.670969858,24,rising
17850.670986080,23,rising
17850.670987155,24,rising
17850.670992080,23,rising
17850.670993210,24,falling
17850.670998080,23,rising
17850.670999210,24,rising
17850.671035599,24,rising
17850.671071136,23,rising
17850.671072303,24,rising
17850.671091099,24,falling
17850.671095821,23,rising
17850.671097006,24,rising
17850.671101729,23,rising
17850.671106062,23,falling
17850.671107710,24,rising
17850.671116691,23,rising
17850.671117840,24,rising
17850.671128895,23,rising
17850.671129988,24,rising
17850.671134636,23,falling
17850.671135247,24,falling
17850.671140099,23,falling
17850.671141210,24,falling
17850.671149358,23,rising
17850.671150488,24,rising
17850.671155673,23,rising
17850.671156784,24,rising
17850.671162377,23,falling
17850.671164062,24,falling
17850.671168840,23,falling
17850.671169932,24,falling
17850.671174840,23,rising
17850.671175932,24,rising
17850.671181340,24,rising
17850.671186062,23,rising
17850.671193414,23,rising
17850.671194525,24,rising
17850.671199395,23,rising
17850.671204506,23,rising
17850.671205543,24,rising
17850.671210395,24,rising
17850.671214525,24,rising
17850.671223006,23,falling
17850.671229210,23,falling
17850.671237895,23,falling
17850.671239025,24,falling
17850.671243895,23,falling
17850.671251951,23,falling
17850.671256580,23,falling
17850.671273617,23,rising
17850.671274747,24,rising
17850.671287654,24,falling
17850.671292340,24,rising
17850.671302654,24,rising
17850.671327247,24,falling
17850.671350228,24,rising
17850.671354932,24,rising
17850.671363210,24,falling
17850.671367914,24,falling
17850.671372747,24,rising
17850.671377803,24,falling
17850.671382710,24,falling
17850.671393284,24,falling
17850.671398080,24,falling
17850.671402728,24,falling
17850.671408080,24,rising
17850.671773506,23,falling
17850.671780488,23,falling
17850.671786025,23,falling
17850.671790710,23,falling
17850.671795321,23,rising
17850.671818988,23,rising
17850.671829488,23,falling
17850.671838080,23,falling
17850.671954673,23,rising
17850.671966450,23,falling
17850.671972858,23,falling
17850.671988173,23,falling
17850.671992802,23,falling
17850.671997710,23,falling
17850.672001913,23,falling
17850.672007247,23,falling
17850.672013247,23,falling
17850.672023543,24,rising
17850.672032654,24,falling
17850.672040802,24,falling
17850.672045524,23,rising
17850.672046636,24,falling
17850.672058173,24,rising
17850.672062876,24,falling
17850.672067580,23,falling
17850.672068710,24,rising
17850.672073654,23,rising
17850.672074765,24,rising
17850.672083654,23,rising
17850.672088339,24,falling
17850.672092987,24,falling
17850.672098136,23,rising
17850.672099265,24,rising
17850.672104154,23,rising
17850.672105284,24,rising
17850.672111710,23,falling
17850.672116376,24,falling
17850.672126913,24,rising
17850.672138080,23,falling
17850.672139210,24,rising
17850.672144636,23,rising
17850.672149265,23,falling
17850.672153839,23,rising
17850.672162932,23,rising
17850.672167599,23,rising
17850.672168710,24,rising
17850.672173599,23,falling
17850.672179099,23,rising
17850.672205395,23,rising
17850.672206506,24,falling
17850.672211543,23,falling
17850.672212654,24,falling
17850.672217913,24,rising
17850.672222636,23,falling
17850.672223747,24,rising
17850.672228617,24,rising
17850.672232950,23,rising
17850.672239469,24,rising
17850.672244469,23,falling
17850.672249117,23,falling
17850.672254376,23,falling
17850.672268487,23,falling
17850.672273136,23,falling
17850.672274173,24,falling
17850.672279135,23,rising
17850.672280228,24,falling
17850.672285117,23,rising
17850.672286228,24,rising
17850.672291154,23,falling
17850.672292265,24,falling
17850.672297191,23,rising
17850.672298284,24,rising
17850.672303210,23,rising
17850.672312024,23,rising
17850.672317524,23,falling
17850.672322191,24,rising
17850.672328080,23,falling
17850.672336950,23,falling
17850.672341580,23,rising
17850.672346265,23,falling
17850.672360895,23,falling
17850.672365561,23,rising
17850.672370191,23,falling
17850.672370895,24,falling
17850.672379691,23,rising
17850.672380839,24,rising
17850.672396284,24,falling
17850.672400987,24,falling
17850.672405598,24,falling
17850.672410043,24,rising
17850.672422839,24,falling
17850.672436395,24,rising
17850.672463672,24,falling
17850.672472950,24,falling
17850.672519654,24,rising
17850.672883709,23,falling
17850.672888654,23,falling
17850.672953617,23,falling
17850.673035839,24,falling
17850.673084506,24,falling
17850.673089228,24,rising
17850.673106561,24,falling
17850.673111265,24,rising
17850.673115931,24,falling
17850.673125228,24,rising
17850.673139876,24,rising
17850.673150246,23,rising
17850.673159635,23,rising
17850.673164283,23,falling
17850.673200894,24,falling
17850.673208820,24,falling
17850.673213468,24,falling
17850.673261894,24,rising
17850.673288913,24,rising
17850.673293783,24,rising
17850.673298487,24,rising
17850.673303228,24,falling
17850.673310857,23,rising
17850.673311894,24,rising
17850.673319357,23,rising
17850.673320617,24,falling
17850.673327839,23,falling
17850.673328931,24,falling
17850.673333894,24,rising
17850.673363709,24,rising
17850.673368876,24,rising
17850.673378765,23,falling
17850.673383468,23,rising
17850.673401635,23,falling
17850.673406283,24,rising
17850.673410987,24,rising
17850.673415987,24,rising
17850.673448542,23,rising
17850.673518598,24,falling
17850.673523283,24,falling
17850.673537561,24,falling
17850.673574876,24,rising
17850.673987227,23,falling
17850.673994653,23,falling
17850.674062987,23,falling
17850.674127913,23,falling
17850.674137098,24,rising
17850.674144338,24,falling
17850.674200690,24,rising
17850.674220542,24,falling
17850.674225561,23,falling
17850.674226950,24,rising
17850.674232579,24,falling
17850.674259135,24,rising
17850.674272783,23,falling
17850.674273857,24,rising
17850.674281838,24,rising
17850.674286653,23,falling
17850.674287746,24,falling
17850.674293838,23,falling
17850.674294968,24,falling
17850.674319783,24,rising
17850.674345190,24,rising
17850.674349931,24,falling
17850.674354598,24,rising
17850.674369431,24,falling
17850.674375227,24,falling
17850.674379857,24,falling
17850.674389783,24,falling
17850.674394431,24,falling
17850.674407950,24,falling
17850.674419709,24,rising
17850.674427098,24,rising
17850.674434542,24,rising
17850.674454283,24,falling
17850.674459042,24,falling
17850.674463653,24,falling
17850.674475412,24,rising
17850.674489764,24,rising
17850.674494931,24,rising
17850.674507894,24,falling
17850.674521079,24,falling
17850.674526690,24,falling
17850.674531320,24,falling
17850.674540690,24,falling
17850.674539653,23,falling
17850.674551598,24,rising
17850.674576301,24,falling
17850.674581690,24,falling
17850.674589153,24,rising
17850.674599672,23,falling
17850.674613061,23,rising
17850.674617764,24,falling
17850.674627598,24,rising
17850.674617394,23,rising
17850.674638709,24,rising
17850.674703412,24,falling
17850.674708116,24,falling
17850.674730190,24,falling
17850.674756301,24,rising
17850.674766505,24,falling
17850.674772542,24,rising
17850.675242875,23,falling
17850.675247153,23,falling
17850.675387653,23,falling
17850.675397375,24,falling
17850.675545764,24,rising
17850.675566579,24,falling
17850.675574208,24,falling
17850.675586653,24,falling
17850.675591912,24,falling
17850.675646468,24,rising
17850.675652134,24,falling
17850.675673023,24,falling
17850.675690227,24,falling
17850.675700505,24,falling
17850.675705190,24,falling
17850.675741153,24,falling
17850.675745819,24,rising
17850.675750486,24,rising
17850.675754560,24,rising
17850.675763819,24,falling
17850.675768486,24,falling
17850.675776468,24,rising
17850.675783227,24,falling
17850.675816597,24,rising
17850.675823042,24,falling
17850.675868708,24,falling
17850.675873893,24,falling
17850.675880504,24,rising
17850.675885282,24,rising
17850.675922967,24,rising
17850.675920949,23,falling
17850.675927949,23,falling
17850.675950190,24,falling
17850.675955190,24,rising
17850.675959967,24,rising
17850.675964653,24,falling
17850.675969819,24,falling
17850.675975301,24,rising
17850.675981097,24,falling
17850.675989930,24,rising
17850.675994616,24,rising
17850.676005153,24,falling
17850.676010504,23,rising
17850.676015153,23,rising
17850.676020301,24,rising
17850.676019727,23,rising
17850.676031838,24,falling
17850.676048079,24,falling
17850.676054097,24,falling
17850.676075819,24,rising
17850.676121893,24,falling
17850.676177319,24,rising
17850.676182078,24,falling
17850.676193245,24,rising
17850.676197912,24,falling
17850.676207134,24,falling
17850.676211856,24,falling
17850.676224560,24,rising
17850.676806393,23,falling
17850.676813263,23,falling
17850.676919189,23,falling
17850.677112263,24,falling
17850.677117671,24,rising
17850.677123837,24,falling
17850.677131930,24,falling
17850.677136856,24,falling
17850.677161097,24,falling
17850.677165800,24,falling
17850.677315448,24,falling
17850.677430430,23,falling
17850.677458226,23,falling
17850.677474189,24,falling
17850.677484763,24,rising
17850.677489782,24,falling
17850.677495115,24,rising
17850.677499726,24,falling
17850.677666745,24,falling
17850.677673133,24,rising
17850.677677819,24,falling
17850.677709300,24,falling
17850.677733485,24,rising
17850.677742782,24,rising
17850.677748356,24,falling
17850.677763245,24,falling
17850.677811707,24,falling
17850.677829356,24,rising
17850.677834078,24,rising
17850.677893170,24,rising
17850.677897893,24,rising
17850.677902633,24,rising
17850.677939707,24,rising
17850.677944467,24,rising
17850.677949541,24,falling
17850.677954244,24,falling
17850.677958856,24,falling
17850.677963522,24,rising
17850.677968559,24,rising
17850.677973633,24,falling
17850.677978226,24,falling
17850.677982893,24,falling
17850.677987615,24,falling
17850.677992281,24,falling
17850.677997430,24,rising
17850.678004670,24,falling
17850.678023744,24,falling
17850.678034652,23,rising
17850.678035781,24,falling
17850.678040818,24,falling
17850.678046837,24,falling
17850.678051837,24,falling
17850.678062985,23,rising
17850.678064133,24,falling
17850.678069207,23,rising
17850.678073911,23,falling
17850.678078541,23,rising
17850.678087800,24,falling
17850.678094337,24,falling
17850.678125300,24,falling
17850.678237189,24,falling
17850.678242096,24,falling
17850.678247133,24,falling
17850.678251781,24,rising
17850.678256374,24,rising
17850.678277522,24,rising
17850.678282226,24,falling
17850.678611800,24,rising
17850.680258762,23,falling
17850.680263188,23,falling
17850.680841354,24,falling
17850.682235409,23,falling
17850.682236854,24,falling
17850.682242021,23,falling
17850.682243113,24,rising
17850.682249058,23,falling
17850.682250391,24,falling
17850.682255132,23,rising
17850.682259780,23,falling
17850.682260835,24,falling
17850.682265761,23,falling
17850.682274502,24,falling
17850.682274039,23,falling
17850.682288150,23,rising
17850.682289261,24,rising
17850.682294132,23,rising
17850.682301150,24,falling
17850.682300650,23,falling
17850.682312206,23,rising
17850.682313317,24,falling
17850.682318187,23,falling
17850.682319243,24,rising
17850.682324150,23,falling
17850.682325280,24,falling
17850.682393058,23,falling
17850.682394187,24,falling
17850.684978834,23,rising
17850.686230352,24,rising
